fraction,draw,n_structures,n_groups,n_pairs,cosine,spearman_vs_published,dev_accuracy,v_atom,M_z,D_BV,eta_site,k_max,f_iso
0.5,0,2094,382,3225,0.9761665893080836,0.9277695827731355,0.7429512415112587,-5.235531150590228,-0.11236057490988965,-1.097707525292785,-0.8789636992052142,-0.18659582319651352,0.4928332478139372
0.5,1,2094,379,4004,0.9789975193883285,0.9570260809982886,0.7457442301901652,-5.340566808193481,-0.3555472661699649,-0.7307084240308522,-0.6118582888710706,-0.1442355829889133,0.48285285922103705
0.5,2,2094,368,3837,0.9901064851766177,0.992654272928136,0.7521388448995744,-4.672628091827796,-1.895902096299884,-1.428981729109204,-0.7917492422199217,-0.25462908063251755,0.49463842505793765
0.5,3,2094,385,3872,0.9894334890366714,0.9946324689108397,0.7541301700351183,-3.590994324115394,-1.4232250811076839,-1.1577343850253887,-0.781668830210355,-0.3248118547201917,0.5192635430346694
0.5,4,2094,361,4133,0.9776924651800076,0.9919634992245199,0.7456811495069078,-3.3069679738963056,-1.2849022734150706,-1.5150718773282028,-0.7204075267802103,-0.1848444612505518,0.6264880330982812
0.5,5,2094,362,3813,0.985740948458123,0.9729374613719899,0.7399965913529255,-5.724309350160927,-0.5293877497882149,-0.9767590552621994,-0.8092069440154784,-0.12444973888201318,0.41618885188863947
0.5,6,2094,364,3700,0.9810208567581014,0.9430968900045964,0.745655286404734,-4.697367827466941,-0.21559512217059695,-1.1068611754920088,-0.9270154369005512,-0.22194180767915198,0.6598194119846121
0.5,7,2094,357,3437,0.9960493703635529,0.9927020725549568,0.7459673239823278,-4.756332229183701,-0.8143414798183839,-1.2605750300107028,-0.7261729289786317,-0.122307576941325,0.7389127491514692
0.5,8,2094,360,3315,0.9048073555694869,0.9790971528772855,0.7416612832603179,-1.878289631923458,-1.2243501526602116,-1.3389983233265952,-0.7931525921002953,-0.12578526641789187,0.37306370825777924
0.5,9,2094,363,3557,0.9941371103390256,0.989817982559491,0.7428477015759567,-4.789205027259735,-0.6806180344588774,-1.033416228540368,-0.7843699103193036,-0.15762139310393952,0.40805612478308156
0.5,10,2094,381,3257,0.9857079786447093,0.9713151941920151,0.7472763716542178,-5.771526933875731,-0.4732553230163357,-1.1803088024471395,-0.847158044898357,-0.25307181419162383,0.38396316774151645
0.5,11,2094,368,4469,0.9808536524096345,0.9894681044231423,0.7396760362465674,-3.049883968715979,-1.4647584017519844,-0.704383205618447,-0.6473557262426696,-0.11521394890151483,0.4911620682927939
0.5,12,2094,389,3663,0.991782430944808,0.9846304021891821,0.7527049138621799,-5.57805117836254,-0.6438656379585322,-1.3151476439100325,-0.8758209184183605,-0.2598051595870641,0.5529470689555882
0.5,13,2094,381,3683,0.9866064730047278,0.9786733139232043,0.7463603176754566,-7.108458183398476,-0.7890034255932764,-1.3713479643903264,-0.6642605620558847,-0.1778102616340535,0.43233888622252564
0.5,14,2094,364,3542,0.9509565341433868,0.8169148597287162,0.7401498243625286,-3.719226201818447,0.2801523236429981,-0.9688249897028617,-0.6168125014285224,-0.2228150549149154,0.20949195096151121
0.5,15,2094,361,3868,0.9076249043372655,0.6371001759962631,0.7392485041623554,-2.720426832969257,0.5461848090574466,-0.9464250962621121,-0.6870337578035222,-0.1473714937770925,0.36799824283446586
0.5,16,2094,363,2930,0.9596749408567871,0.9860012690937183,0.7482143382959586,-2.9929171215695956,-1.6751149656158342,-1.2740543027976399,-0.6942841562221665,-0.18906680248195726,0.6982205274066529
0.5,17,2094,380,3724,0.9931506621656847,0.9913778461833331,0.7459926339423917,-5.344918608951059,-0.8166512241455568,-0.9784437215950744,-0.8045499520317002,-0.3499738473422089,0.36302084318706485
0.5,18,2094,364,3683,0.9436272535300433,0.9851143848749819,0.7443673545375449,-2.3451056197130176,-1.1724294513118998,-1.4029731542695358,-0.7628836959234799,-0.12527413436163323,0.5234597188391376
0.5,19,2094,369,4125,0.9411651220867531,0.9810610934762648,0.7491118897824195,-2.928791728121232,-2.011275676612435,-1.13064156192224,-0.7405285079058607,-0.2235778812744182,0.3851961603231096
0.5,20,2094,379,3606,0.9747577864820396,0.924191107572851,0.7481858319038012,-5.653934496973481,-0.09053092688822514,-1.1578825992009738,-0.835527192107309,-0.22316762573756124,0.5414107743232369
0.5,21,2094,372,3876,0.9783090854537152,0.9885501999741233,0.7434862984538368,-3.495301781638317,-1.6954200175863607,-0.7285457276748075,-0.8322265529781386,-0.18057651075069792,0.6257065388425731
0.5,22,2094,379,3786,0.9872910264315198,0.9797698751237574,0.7424873014555772,-7.998195345669772,-0.9757077700323151,-1.3557902193809512,-0.6836365214656795,-0.1717033343722765,0.7265312474390891
0.5,23,2094,376,3451,0.9934031312179371,0.9940343893693631,0.7417720288476324,-4.368016416236575,-1.6378222300086895,-0.8879155927037533,-0.7904536405481115,-0.1308646273546696,0.5584991523133662
0.5,24,2094,362,3596,0.987572211101842,0.9850262082363919,0.7473084781108433,-7.11389182939892,-0.9963786481021245,-0.8747901454302597,-0.8034381678000381,-0.24162307410349998,0.7357205490944405
0.5,25,2094,379,3393,0.9964915337582768,0.9932878483718169,0.7531767572326454,-5.243313950162657,-0.9105965690084559,-1.1875658384835348,-0.6823746552998027,-0.2614032382497963,0.7267422472392436
0.5,26,2094,384,3307,0.9947175732543075,0.996309851414856,0.746743532298408,-5.289681876385476,-1.7710375954120579,-1.7230259853387573,-0.8802584847351794,-0.1587655699443757,0.7681306329729141
0.5,27,2094,391,3314,0.9949441890145646,0.9916452803731909,0.7391082068240693,-4.313936454834584,-0.8614064998353923,-0.656279875845788,-0.8028693147082343,-0.06541966727128114,0.604518125512564
0.5,28,2094,375,3617,0.9943682095455325,0.9944836249047355,0.7535016072071822,-4.8790584526286,-0.7918364340702528,-0.9102931082737576,-0.6747545583711724,-0.22437772752757548,0.37097033257445744
0.5,29,2094,377,3639,0.9731418678053798,0.9842526670535846,0.7493932279266825,-4.473094154345304,-2.3576550455586625,-0.9906637929651874,-0.9393901667780856,-0.32720742094608957,0.4971263796765653
0.5,30,2094,384,3255,0.9506774858203478,0.879018836024433,0.7393723458864376,-2.852424283151307,0.05007462946134852,-1.2573801275876855,-0.7335991866180875,-0.11585558596393483,0.5241411916461844
0.5,31,2094,362,2882,0.9323757068353552,0.9166826048073418,0.7433733354702694,-2.321318266965972,-0.2298706817944624,-1.378997829066762,-0.895854718736176,-0.25834863577984596,0.5806785196012599
0.5,32,2094,388,3100,0.9982539117346688,0.9953337826853229,0.7582573905743737,-5.565516681513313,-1.609134015867912,-1.2207163064298499,-0.8477375049884307,-0.3181490144256646,0.9098879717326348
0.5,33,2094,365,3840,0.9647311911685615,0.8784555940394386,0.7535856869410289,-7.312713633180964,0.15944592455440273,-1.572258968533205,-0.815999911261916,-0.3830112533271305,0.6104049327200508
0.5,34,2094,355,3148,0.9813181114147606,0.950003242503902,0.7513829817355021,-4.480096581306311,-0.27734969968316564,-1.3423171357213595,-0.9386555521512092,-0.3978218792034036,0.6076278959649806
0.5,35,2094,392,3531,0.9980243559150324,0.9954259144662152,0.7577832471391989,-4.5742066229005625,-1.3592646163792577,-1.01973442946454,-0.70503775357915,-0.24889322836303043,0.7597949195766162
0.5,36,2094,362,3724,0.9909219804900827,0.9787329248640843,0.7470239062788869,-4.355035961973578,-0.4736742342633013,-1.0597658110698507,-0.7603642769277552,-0.23014190554341307,0.6099120423922247
0.5,37,2094,384,3883,0.9964796906896072,0.995152966160923,0.7538184286709052,-5.647609633839411,-0.9258269152722607,-1.3650406607177923,-0.8459470407768971,-0.25557938383814605,0.6040957600642024
0.5,38,2094,389,3499,0.885332539499172,0.42660027919305854,0.7420296813702669,-6.273475849050724,1.616224229302094,-1.4081655043011871,-0.7342294244071418,-0.2084294528467211,0.5648839864002478
0.5,39,2094,372,3848,0.9954766282186367,0.9944963180456692,0.7383338532548109,-5.399906769034552,-1.3541490006090922,-0.810725408692493,-0.8215071500755551,-0.1006408967480122,0.4231431149237792
0.5,40,2094,375,3703,0.9635238143517416,0.9853495055211712,0.7373712572573442,-3.0800412199671254,-1.7629344329327328,-0.8554267783337162,-0.7548995792631702,-0.10203926175813369,0.6860547637510215
0.5,41,2094,358,3776,0.9804011785500577,0.9849155479551924,0.7491651462675287,-2.506825274315136,-0.654379814504829,-1.1113644052503482,-0.6795026445762693,-0.2568995954396695,0.46765694751336845
0.5,42,2094,390,3561,0.9666603747486445,0.9433687686411377,0.7468911719506129,-2.975840534398659,-0.3270464756312654,-1.27914515323331,-0.9851193682492649,-0.29627481339524275,0.589500890640935
0.5,43,2094,359,4067,0.9981265396079033,0.9961887210334792,0.7480846707520764,-5.07218052878126,-1.5468818134840103,-1.2855482021637028,-0.7345949663706582,-0.07176226567751336,0.6077452846933313
0.5,44,2094,367,3583,0.9967988852869752,0.995734019773617,0.7501327522082437,-4.607597471050148,-0.8916768500905843,-1.394583583128924,-0.79850678254928,-0.2571493365351504,0.5649664889106522
0.5,45,2094,371,3481,0.9577331510844533,0.9820302488400445,0.7413453880684167,-3.247987253908869,-2.0051397252863983,-0.9268130424574058,-0.7237151512953944,-0.1347633655562803,0.461647652098543
0.5,46,2094,385,3651,0.9915356848209751,0.9902830285281303,0.7403470868562833,-5.025735733015244,-0.8289946428103514,-0.6610775814865009,-0.7544404908193899,-0.09926019102954536,0.549763391786884
0.5,47,2094,359,3382,0.9928595356637849,0.9916818412031412,0.7370108372733457,-4.317804432805582,-1.4551006449922523,-0.656141067364416,-0.759167812065576,-0.13641812562155908,0.34326036617816963
0.5,48,2094,367,3507,0.9951708112756584,0.9941641045658746,0.7549245064263601,-6.900305174616431,-1.4945521634286447,-1.1874109205962484,-0.7578875950803031,-0.18761450318848014,0.5176449875644075
0.5,49,2094,380,4044,0.9761292655177333,0.9878182784367662,0.7531499444980023,-2.7918605445149347,-1.0827837701837562,-1.1331804025766141,-0.8708434810777471,-0.3363879033581483,0.6044550463012514
0.5,50,2094,368,3389,0.9835987659384817,0.9777754827246111,0.7423132415796739,-7.154397451543032,-0.8487038835972159,-0.7541566980496769,-0.8945149728585747,-0.17726764587667304,0.6697632637623555
0.5,51,2094,397,3622,0.9939985069286885,0.9886417518810954,0.7499149267246226,-4.935633790580928,-0.6671748657311624,-1.0828019666231008,-0.8106104240942937,-0.24816514661718053,0.6166477094814059
0.5,52,2094,365,3510,0.995738323863344,0.9943769326809888,0.752567908736445,-6.364771275687023,-1.3261155550834227,-1.0848062773381404,-0.7022682628831388,-0.22900138596621594,0.7267565226158644
0.5,53,2094,360,3747,0.9963422385279975,0.9939761686872411,0.7447979286405373,-4.558233317758455,-1.478759793821371,-0.9203654182193864,-0.6524046087407954,-0.046061449542065,0.563082907625698
0.5,54,2094,366,3406,0.9969283766370097,0.9940063394602676,0.7424588746787754,-5.0978962961949446,-0.9564167703425301,-1.0344797855573549,-0.7777656039116886,-0.02258274535897511,0.6103210986867018
0.5,55,2094,385,4058,0.9759459940503583,0.9471098890756972,0.7386604622394619,-6.743012209727766,-0.3905277123206908,-0.7814800586689623,-0.8571254737222826,-0.16951899566920414,0.6117695905641595
0.5,56,2094,363,4143,0.9944075250867173,0.9936149479423673,0.7419156652771484,-5.041676322568566,-1.5493204448990212,-0.7245553550963797,-0.8156316625300736,-0.17817323597150306,0.4882982520804094
0.5,57,2094,369,3648,0.9871927913751686,0.9790307891108809,0.7483956289071885,-5.779032126442214,-0.5879112505441219,-0.985803042741752,-0.759140435966596,-0.1602768882666103,0.4785894371970121
0.5,58,2094,381,3166,0.9995085828909249,0.9990116788794876,0.7494261702988044,-4.924802393636999,-1.2557784591603052,-1.0756969546620592,-0.7817517055503361,-0.1427600864266794,0.5037209579175811
0.5,59,2094,374,3717,0.9990734481008698,0.9985277004442438,0.7508254726896426,-3.8494083250753692,-1.0958214260179053,-0.8813946274448418,-0.7023203588010821,-0.22609052021268267,0.5745313192468061
0.5,60,2094,380,3234,0.999177899468087,0.9982959351215205,0.7548617502191777,-5.8928514838272275,-1.3999586063837588,-1.3896622366408906,-0.7890543873630419,-0.26747292835411995,0.5917638205113934
0.5,61,2094,384,4042,0.9864752268016902,0.9682431163303472,0.7432481203097503,-4.817270150626844,-0.39505770936368306,-0.9560807423463303,-0.7332081228100185,-0.08862483010860732,0.5438065388339722
0.5,62,2094,358,3622,0.9938269870415118,0.9934744114843646,0.7456713733578434,-5.4138848007300515,-1.299149639691254,-0.7121708228130295,-0.6732040856233934,-0.19717884570000277,0.50492521490523
0.5,63,2094,373,3538,0.9842647148482282,0.9797921271110678,0.7414459819495711,-6.517302793960887,-0.8042245074973297,-0.7495288747286447,-0.7481826723320814,-0.11515444955129932,0.5165239140232585
0.5,64,2094,375,3781,0.9562882472139155,0.8420805928365722,0.7398543389409017,-4.636823665499693,0.2745706584062218,-1.221808880353961,-0.7981094160872519,-0.28751984029939304,0.34160312362707024
0.5,65,2094,374,3442,0.9784657944193159,0.9764221632593748,0.7408118969614086,-5.0753642272796595,-2.173093613471023,-0.5304291239376863,-0.7563586153354438,0.029593483601208476,0.5635669761395371
0.5,66,2094,377,3246,0.9965861701704886,0.9949149942091129,0.7481244943898417,-3.6639126664213957,-0.8426644308707565,-1.0941104901925822,-0.7679584219766974,-0.13960297818470094,0.6490709356404909
0.5,67,2094,378,3231,0.9914661834190714,0.9912223132735262,0.7405091383758847,-4.613401699166372,-1.7704710506887085,-0.8406642636045378,-0.7816687535529148,-0.12076926322876835,0.5057610377269588
0.5,68,2094,383,3123,0.9917618543134158,0.9911270297054048,0.7460004204891185,-6.783797292865909,-1.0319938505879005,-1.0493077381293088,-0.8982655374384207,-0.155578866675428,0.6013463098226878
0.5,69,2094,375,4020,0.9498630226450321,0.9755823068645904,0.7376698272808284,-3.3721734537921035,-2.1646846313447172,-0.6600289585119907,-0.7676798025236243,-0.14098336470564093,0.4145695736438699
0.5,70,2094,370,3144,0.9668959058449321,0.9004053529266365,0.7447576592776823,-3.8442417099182986,-0.032811926161570165,-1.190999392953052,-1.0313365069806375,-0.37023331781958624,0.6484063163281195
0.5,71,2094,349,3882,0.9916421436397114,0.995425231925021,0.7487884190040147,-3.6848491527389933,-1.376638062608092,-1.0657441809765436,-0.8907821973336103,-0.3346176058991073,0.5501769145068872
0.5,72,2094,377,3759,0.9924198566492072,0.9943167224117214,0.7524513670729185,-3.520136203362495,-1.3646385598990254,-1.0231993145981013,-0.6123498926055903,-0.21140474715925275,0.5138359964919077
0.5,73,2094,376,3924,0.9903027152149949,0.9793151308678867,0.7491734535558262,-5.065442389694294,-0.5514518779812206,-1.395345006037315,-0.8996622410781073,-0.32990984934794454,0.5406799296556147
0.5,74,2094,382,3367,0.9976152431923268,0.9962732946719788,0.7436292109774255,-4.3366846670426025,-1.0677825161883359,-1.2182699231384002,-0.9237567558838323,-0.14775284618090975,0.7421549324439652
0.5,75,2094,370,3513,0.9955404139066746,0.992735336097878,0.7543088727388387,-4.471449995832418,-1.566714704269904,-1.068303109761004,-0.6809980243145914,-0.3455606108115887,0.4632500568994043
0.5,76,2094,385,3282,0.9754867454029611,0.9578565112948279,0.7460489884713013,-4.210071859078264,-0.36251879295923634,-1.7449152207174072,-0.8730585040240186,-0.2616427680691522,0.6274675134596094
0.5,77,2094,375,3284,0.9775810901473084,0.9352539445061847,0.7472787806443904,-5.591653520412205,-0.16407247017163806,-1.2048082721855862,-0.7582934212504037,-0.1716558011343765,0.6262774403120472
0.5,78,2094,392,3545,0.9979633048215356,0.9976686856494582,0.7548322342505969,-5.91003772995453,-1.572382004832354,-1.798250139537938,-0.8898780566716632,-0.3069058016915403,0.6098774779589207
0.5,79,2094,367,3712,0.9958489159225297,0.9954929006120993,0.7511516011247057,-5.98257521086278,-2.105602376830792,-1.3073400058241726,-1.0025515142181187,-0.2836475049334486,0.6873984460119061
0.5,80,2094,387,3514,0.9979598266383004,0.9964823020277519,0.7461645120043784,-4.102860617173537,-1.097370269886553,-0.8034960174888334,-0.8526849592573496,-0.32680493897902907,0.4621971569616674
0.5,81,2094,395,3617,0.998191171807223,0.9968816844273362,0.7531344206284746,-4.600346781859961,-0.8632647627374059,-1.0866219769462657,-0.8143425730618389,-0.24060224272825118,0.5341149971130601
0.5,82,2094,369,3855,0.9929562675006975,0.9899516950768981,0.748608705447737,-5.395676555535952,-0.7565557715721177,-1.0406026395714258,-0.7005381234516961,-0.11023165380194674,0.5966233122988064
0.5,83,2094,379,3780,0.9990867711949051,0.9986457462298716,0.7451972040159429,-5.184690212054224,-1.443565112513768,-1.0771631262052046,-0.8443529900005174,-0.14009863773159717,0.6448305005679925
0.5,84,2094,364,3090,0.9826710953751762,0.9789571132438792,0.7468338964932356,-3.9376763027707344,-0.5321693892062671,-1.6016237841443528,-0.6465129205351705,-0.21602362745059647,0.3935352381363605
0.5,85,2094,371,3813,0.9897025098498892,0.984935890952437,0.7451034777297497,-6.804957066748568,-2.18949806233358,-0.9092531646383839,-0.8350248515141536,-0.2948055526968556,0.31592313420179535
0.5,86,2094,362,3641,0.9978122247260279,0.9980084863716054,0.7537355693327331,-4.506411858249278,-1.320032563747467,-1.3479639967328636,-0.7598556307141482,-0.2699613991216514,0.4476794571849685
0.5,87,2094,366,3456,0.988398114117116,0.9805538579607134,0.7507401606033314,-6.957303729097468,-0.7128397618654897,-1.4821263542326832,-0.8192051322465417,-0.2705764421064621,0.5576208128616792
0.5,88,2094,369,4150,0.9960079186417319,0.9962737308444115,0.7420757427008281,-3.305588013452331,-1.033602290510695,-0.9178959000362146,-0.7798203667503993,-0.0860940668921941,0.5384657782238091
0.5,89,2094,371,4280,0.9845071742792839,0.9633896170687198,0.7450966523949596,-6.388041438272991,-0.47129357896338436,-1.1818418171019878,-0.8756575292844295,-0.1931946300897532,0.8335720830448251
0.5,90,2094,379,3541,0.9961480373995738,0.9928940559437422,0.7401484624524834,-4.40407564042392,-0.8214569642176216,-0.7788140112605265,-0.8203661896548139,-0.09634994096580105,0.5840462576458582
0.5,91,2094,380,4024,0.997900053152341,0.9968755235734674,0.7503740874623971,-5.1985849205002665,-1.4196786176086345,-1.530404767519048,-0.7447880978442724,-0.20089025709561367,0.46754011872742757
0.5,92,2094,362,3697,0.9991311069812577,0.9984501794589459,0.7464841410934925,-4.869959943781415,-1.3526936501271234,-1.3188300595433593,-0.7861341905041264,-0.10835015209880065,0.5915228252744111
0.5,93,2094,391,3600,0.9976557545594662,0.9971432149219596,0.74496642527302,-4.926492892107507,-1.3521139395807613,-0.8586417520204349,-0.8241463362337381,-0.29785215419508254,0.48883408556647095
0.5,94,2094,356,3948,0.9983641368411525,0.9979094624777398,0.7484772415341973,-5.080472894701839,-1.200023499414451,-1.0534787396737162,-0.7736845427253947,-0.3013747904475871,0.37549951875563303
0.5,95,2094,365,3765,0.9830611095594632,0.9644160651855633,0.7435676127695319,-3.570392842289835,-0.3830876121968623,-1.199092281068056,-0.8484564354573829,-0.37535134124049296,0.2703310750094474
0.5,96,2094,356,3582,0.998603955346538,0.9957171931305147,0.7458187500613623,-5.125309914291203,-1.4102027999465057,-1.1810229254958495,-0.9516715676258332,-0.48928702325046003,0.6035290477423106
0.5,97,2094,365,4065,0.9916405896240094,0.9898188823694867,0.7464565034783397,-6.617087358320411,-0.9157528094112167,-1.1338896597784551,-0.9631435652824692,-0.273381509777426,0.49286038409148897
0.5,98,2094,365,4059,0.9834786362151974,0.9847448057388184,0.7382967883635478,-4.499792794220021,-1.9988787256941514,-0.7817554491388486,-0.7520794837386136,-0.05489987008793298,0.4984931815183344
0.5,99,2094,362,3706,0.9918228546310488,0.9887995856495292,0.7495848170829128,-6.16589636217258,-0.9405211499002376,-1.1262274373522474,-0.6526573547595494,-0.06694764216854483,0.5073078128268121
0.5,100,2094,396,3105,0.9990417545646189,0.9973919373471559,0.7471695674681903,-3.855208006171325,-0.8211235671810309,-0.9344004515079067,-0.7552060699291473,-0.156142645732291,0.4865300243008186
0.5,101,2094,367,3752,0.9955405510733688,0.9935264798137293,0.7393762585229451,-2.658373780355893,-0.8820008354890605,-0.6260756218723174,-0.637175803547776,-0.048995688992682786,0.29947055117146537
0.5,102,2094,372,3679,0.9977562158021438,0.9975648615700733,0.7538727273349214,-5.962688715752873,-1.1679246272723647,-1.3973037885083162,-0.8240297726088581,-0.2263383469224621,0.5100849401642567
0.5,103,2094,386,3223,0.9452675090185731,0.977275595439382,0.7464340203996644,-3.4853861705999916,-2.3568648921866178,-1.121366026630599,-0.7159423825952484,-0.21230276051018465,0.6501989842758765
0.5,104,2094,351,3707,0.9975390005129929,0.9975614948028032,0.7520027406436592,-5.458969385924397,-1.2737154543216802,-0.9611318763333218,-0.7260879875902878,-0.20694403230550265,0.582584058582684
0.5,105,2094,385,3535,0.9710525658807285,0.9163599106110571,0.7415189879996594,-5.697191676077973,-0.09477728546911252,-1.1610663476889647,-0.774665405938186,-0.18684514077713926,0.1586249317483323
0.5,106,2094,377,3673,0.9969627419823086,0.9966106709424111,0.7540345892885926,-4.508957983452512,-1.5159921558156035,-0.9805029929439508,-0.7646543468248771,-0.22290772036540307,0.5373857078849409
0.5,107,2094,352,3353,0.9784909318266941,0.9425183993136509,0.7430529395633618,-5.874284513810402,-0.24029608603248903,-1.064266385851906,-0.8965827518116157,-0.17106058748682712,0.4895469800097862
0.5,108,2094,377,3704,0.9373272768109254,0.9842310166834226,0.7395085431514632,-2.0499592033294696,-1.338159356711901,-0.8801870051294848,-0.7959020204502733,-0.1006571348952958,0.45152665287122973
0.5,109,2094,377,3665,0.9910454634092812,0.9809269227162305,0.7462383326950732,-4.397690957125104,-0.5060389413386128,-0.9552786859642158,-0.7593296761889866,-0.3447695955524899,0.420972132310508
0.5,110,2094,369,3935,0.980841071695185,0.952169698061422,0.7520363898266157,-5.990224477980573,-0.3198893476142514,-1.8013100806852473,-0.8569760995494422,-0.32136718516856805,0.7676788312336498
0.5,111,2094,377,3290,0.9751892632547161,0.9314789440346102,0.7434955139835439,-6.682835275543221,-0.19835175039850259,-1.1527564922231786,-0.7971436284979709,-0.17192790606018893,0.6546617931578234
0.5,112,2094,368,3425,0.9433730986799875,0.8907412519948238,0.7339301077455744,-1.936648368681701,-0.06256135548195807,-0.9346041445960597,-0.7573460482398913,-0.153263143698708,0.26446066418257275
0.5,113,2094,371,3943,0.972819207657975,0.9472391164391731,0.7340521067867596,-7.024155999925284,-0.44433721546848454,-0.6432269256810624,-0.8751070729561081,-0.25478576424739696,0.4249898995654827
0.5,114,2094,357,3797,0.9686906301159972,0.8989692432580833,0.7324840315945736,-4.824529947052475,0.011613746328708891,-0.8343478307401423,-0.8281203691454749,-0.37531812011926147,0.3997430454978847
0.5,115,2094,367,3289,0.9302829982288655,0.9677872937411314,0.7474215424859572,-1.8860463475188127,-0.6539345214413932,-1.276334456754623,-0.7446835821479376,-0.2042806780491251,0.5007509583378993
0.5,116,2094,380,4371,0.9203658326865094,0.9511383774996084,0.7425782033509116,-6.1557447868821455,-4.653731833416672,-1.181580266450304,-0.6916567763499196,-0.1484971905696473,0.7385199076879989
0.5,117,2094,378,3542,0.9561458539124917,0.9870582824678759,0.7436858341305231,-3.19498473110174,-1.5811452211470116,-1.7021001999230998,-0.8282206711198289,-0.2612626591429696,0.711399550773151
0.5,118,2094,364,4000,0.9874727935542714,0.9726106357988146,0.7460184311840502,-3.3215824776825524,-0.463447996979477,-1.0625938456567015,-0.844187335724307,-0.21533733061221408,0.6150410778947092
0.5,119,2094,386,2840,0.987903772246934,0.9795352985487286,0.7472060424408935,-2.3629845816214003,-0.5079682192235535,-0.7782452424136947,-0.7436833253648663,-0.17100746323040808,0.3843214963157703
0.5,120,2094,380,4125,0.9767438045688187,0.9756442230781358,0.7468571543356621,-6.118935007159211,-2.8332270580886694,-0.7713069614740514,-0.8832394626317959,-0.30016138714059387,0.6155940434277786
0.5,121,2094,397,3607,0.9729296201960529,0.9848607321318613,0.7440384113875801,-3.438653690578419,-1.7635013466178937,-1.2680894231681519,-0.5689752293680483,-0.0654476253366166,0.47403470700409756
0.5,122,2094,385,3250,0.9621404439388065,0.9891308844423822,0.7439066612548909,-3.0710921302672305,-1.5721247348751257,-1.491312173256586,-0.7545040462593537,-0.20753482064745565,0.5318711585042029
0.5,123,2094,364,3626,0.9967596996608341,0.9965856132612145,0.7558479288730521,-4.75737906903713,-1.0059679784678033,-1.4977499840699064,-0.7711606265381459,-0.2714248595138363,0.5049816683830026
0.5,124,2094,366,3606,0.935258793050741,0.9371405480381518,0.7388341890693009,-2.933291693575054,-0.3505998221152671,-1.8966590459675687,-0.8121430262836583,-0.045313113291135056,0.5819887429022028
0.5,125,2094,373,3595,0.9956781289835929,0.9935924474610173,0.7397443928885606,-4.714709512648241,-1.474042863667076,-0.8304046873817551,-0.7111682336746706,-0.10786621436707554,0.38576027544524505
0.5,126,2094,382,3229,0.9996833974369338,0.999355526948304,0.7484454198145282,-4.855635050083923,-1.1716221597767222,-1.2483439877183637,-0.7952982598173379,-0.16244067330811815,0.5255150489530312
0.5,127,2094,384,3771,0.9759279417467178,0.9593216895345557,0.7455962746165827,-9.27216214060557,-0.7906153892601168,-0.9157841084470522,-0.8586347361831169,-0.31783205201379455,0.6350656855138079
0.5,128,2094,371,3000,0.903393237239985,0.9611451387968183,0.7382571832349465,-3.6648878465252706,-3.0843157339544534,-0.6933632349754226,-0.8338738681427189,-0.10623790532934545,0.575458733924119
0.5,129,2094,363,3336,0.9762865674565114,0.9522131961256316,0.7437198841977317,-8.534452276103357,-0.5659452863162414,-1.0544028746590786,-0.8740669158637556,-0.13673592768341777,0.6312562063318203
0.5,130,2094,387,3526,0.974769787455923,0.9908439300916309,0.750900325883589,-2.6638125091330664,-1.0444038828858697,-1.204084366762022,-0.8067497729632229,-0.22921509714049199,0.4497822179513707
0.5,131,2094,364,3527,0.9920013362973452,0.9918742677941249,0.742326057712997,-3.3248518341178572,-0.8710087636646745,-1.147136228138083,-0.8148353796477703,-0.10701783845770721,0.6542869526536614
0.5,132,2094,389,3770,0.9777161868573158,0.9913182726800422,0.7454025543115755,-3.327511511234664,-1.590301018854485,-1.0857568128042279,-0.8029279255775612,-0.16808391698192698,0.7209234363715368
0.5,133,2094,372,3989,0.9955916229103307,0.9959566707600249,0.7457672084974998,-5.29020706915823,-1.262887152184023,-0.766121731706495,-0.7960871613865239,-0.27258501626034015,0.4718846644995924
0.5,134,2094,360,3845,0.9960535172334499,0.9959966454403264,0.7495199025269715,-4.755588874691601,-1.5928831469341063,-0.9059385522372096,-0.8693374556643372,-0.2601292624189771,0.6273167201337811
0.5,135,2094,379,4214,0.9888672404560025,0.9928150923851516,0.7495733402573831,-3.3300614345980017,-0.9881644864385226,-1.3019036290852366,-0.765464588574729,-0.30140421356484576,0.585317853041553
0.5,136,2094,370,4027,0.9923549909777697,0.9874790911025378,0.7463084094602765,-5.016404937639053,-0.6950489397919342,-1.2649324313833352,-0.6076867738562061,-0.09491217769725394,0.3846999727052015
0.5,137,2094,360,4053,0.9992012188466743,0.9985214359422031,0.7447787228861011,-4.863966540820395,-1.118010046272971,-1.062536556167016,-0.8584189421819477,-0.15042345220658979,0.7094959346380451
0.5,138,2094,375,4123,0.9807835584137243,0.955467290476338,0.7461654913351067,-5.9125916760348,-0.3577081744757691,-0.9673089031913601,-0.7674106127294645,-0.3520925828596125,0.568084608534513
0.5,139,2094,366,3765,0.9905357213562463,0.9901295226430579,0.7396692034649702,-6.402417432951194,-1.100201360949123,-0.8515001678214955,-0.9008152952783489,-0.15761771664134674,0.3714209306795494
0.5,140,2094,354,3787,0.9966848208407628,0.9918114805435776,0.7459750400972692,-3.483281783507866,-0.7077300982401716,-1.0334788258056498,-0.7062843867551899,-0.04253277748891616,0.46873548530246845
0.5,141,2094,355,4214,0.9582110962153867,0.9837824859229213,0.7516858670366772,-2.647743696652411,-1.3008196419880893,-1.202200158362686,-0.8831132890533369,-0.37538876576989955,0.6742314125771337
0.5,142,2094,374,3692,0.9969004004113314,0.9913358886186858,0.7438669453852332,-4.9107239443553325,-1.1107838956492622,-1.0541370129749177,-0.595056785231418,0.07305715916602867,0.5606327537432056
0.5,143,2094,364,3691,0.9943134980601933,0.9928943724466769,0.7446039998922709,-5.640031143089467,-1.0426275107931018,-0.8614945240152101,-0.8205766631891811,-0.16509184268399535,0.8241947378344804
0.5,144,2094,395,3741,0.9800202898464916,0.9891152693712058,0.7490091489602986,-4.2583732101575436,-2.0728744780582975,-1.3135894629849467,-0.7984722745183944,-0.2460469471029991,0.6598523324180834
0.5,145,2094,359,3650,0.9497749642780076,0.7977822599483271,0.7437564666479423,-4.223155507403613,0.3637236882999849,-1.1014391178043161,-0.7475967363952541,-0.1401135437805255,0.5007996057340169
0.5,146,2094,367,4144,0.958493525475725,0.977499538431313,0.7367519576118245,-2.3768375236377257,-0.7651713587341975,-1.3377780557442172,-0.8166615992906597,-0.09470217729600351,0.44516023820393796
0.5,147,2094,366,3835,0.9776363485575943,0.9752955319912747,0.7462619779416251,-5.6459091324955235,-2.5335194671400845,-0.735060444524906,-0.7723853204968764,-0.22848998513915864,0.35357030413130397
0.5,148,2094,374,3740,0.981959373038991,0.9802047877569592,0.7280434050684036,-7.002423903445675,-1.2245493139362766,-0.4791531695232246,-0.8554454828233526,-0.13422642979376645,0.38323649595417375
0.5,149,2094,377,3617,0.9904475868546682,0.9859952812047796,0.744382799017427,-6.537411454721564,-2.0798293783136295,-0.7833620707431519,-0.7730916131625112,-0.13817483185660642,0.755934561321832
0.5,150,2094,365,3031,0.9827478784081572,0.954389332978236,0.7393481494683412,-4.28593867971988,-0.2690035539177289,-0.7569690726059405,-0.7675373467705425,-0.13439184869953907,0.4872276898265999
0.5,151,2094,353,4072,0.9774991830938329,0.9717351535329039,0.7499777264155539,-6.599688675600669,-2.923123691297285,-0.7577882119244063,-0.7912063735602997,-0.30731961523836393,0.6518641051528606
0.5,152,2094,383,3913,0.9944059066845048,0.9858863793458759,0.7390451899415849,-3.9443059609213535,-0.772411361912209,-0.7155783120009449,-0.9544890228425049,-0.19715090572492266,0.32743825075589494
0.5,153,2094,360,3638,0.998355708515103,0.9986271469414596,0.7522642805318497,-4.659877469367657,-1.4343634410606927,-1.2706962119195782,-0.8366062527314936,-0.23370950905170118,0.49104502718782933
0.5,154,2094,356,3444,0.9769241687842277,0.9296990547965842,0.742379579269345,-4.612701598004938,-0.11980943473656924,-0.9213849412052236,-0.727774695753717,-0.13121641872952391,0.5429374450896125
0.5,155,2094,386,3513,0.9759598015811776,0.945009013057011,0.7424858527860724,-5.8816531252858155,-0.2941596931441849,-0.7824682347346786,-0.7388275113424009,-0.16067140595144855,0.4737328019648617
0.5,156,2094,373,3675,0.9927787431268289,0.9845220551913115,0.7538200606871779,-5.277964465958502,-0.6638425840265152,-1.291378612686964,-0.7981983228153152,-0.3423940929450468,0.6793368754273551
0.5,157,2094,372,4167,0.981510180205701,0.9742028775420793,0.73271234945325,-7.31061596855046,-0.931477619853439,-0.6681796902790846,-1.022637106920827,-0.12253853093733402,0.38670207288618536
0.5,158,2094,360,3775,0.9909660541876293,0.9827713868905423,0.7410965797749387,-3.5844506478426204,-0.8585620223168716,-1.1420593159727266,-0.9181616694893833,-0.5028065415698658,0.5713922106570808
0.5,159,2094,367,3536,0.9931885044734793,0.9889537994156485,0.739835110927774,-6.28022017082466,-2.0705080798813946,-1.0849366277272487,-0.801159488321577,-0.1428679551683463,0.4112385876304161
0.5,160,2094,368,3642,0.9976152988983127,0.9972347614339953,0.7496632287244209,-4.781828691413496,-0.9174798610143893,-0.9239953509923483,-0.8059034019566818,-0.1804598244162468,0.5527836405638372
0.5,161,2094,360,3485,0.9945464381533624,0.9958764258223013,0.7484612311714575,-5.191845001219834,-1.02240469521332,-0.7784553510741034,-0.6986912509069263,-0.17616443444878688,0.4650714046567109
0.5,162,2094,375,3423,0.9900321256014557,0.9903746487709634,0.7447221393512986,-6.4403100596381,-1.3963204989251865,-0.6352684822420255,-0.8613915562297458,-0.2825024710583021,0.5487324363587189
0.5,163,2094,365,4159,0.9939365802230856,0.9940624124672593,0.7530231786434184,-7.492647798358809,-1.3384894342121123,-1.3016308777468562,-0.8414770060786032,-0.2264681083205663,0.5965538853843326
0.5,164,2094,369,3512,0.9882999426524306,0.9900482731027862,0.7301313181545467,-3.343053613159409,-1.2532739278671545,-0.5294724831566718,-0.8572116161940865,-0.2510753882572127,0.4262901656207712
0.5,165,2094,361,3384,0.9972003588835877,0.9965820565267904,0.7418154454631543,-4.176040233890463,-1.2442974176350068,-0.7412708462445098,-0.739929206564633,-0.12727286215472633,0.4287414406573308
0.5,166,2094,382,3390,0.9916851523204028,0.9809092265074729,0.7470901357938867,-4.989862322564482,-0.5852651921549955,-1.1476724791842818,-0.9489475386020343,-0.3492045465914454,0.5541803856741221
0.5,167,2094,367,3800,0.9987993189622375,0.9986536682852457,0.751968415134784,-4.57044330748941,-1.144475801330258,-0.8961663467727662,-0.8014089674812003,-0.25079843726990364,0.4167611054985882
0.5,168,2094,376,3551,0.9989379428622513,0.999147873067632,0.7543763461504578,-3.9124025834837513,-1.171149943345756,-1.036873654973926,-0.6920286174072361,-0.19408163817485943,0.45413682692187307
0.5,169,2094,369,3403,0.9942613192092689,0.9868219749356819,0.7505109049539825,-4.052910342729203,-0.6031866611292993,-1.086854775609273,-0.849564163213011,-0.2519451365964122,0.46353810201335394
0.5,170,2094,361,4212,0.9852598888276923,0.9853244112198003,0.7435137938565975,-6.533029346569137,-1.0033889372562808,-0.6457846655679845,-0.7953034297799781,-0.22664884525289825,0.4129428829458861
0.5,171,2094,368,3694,0.9945087422128364,0.9901163639027658,0.7465283569757717,-4.264656241136652,-0.6711805635776779,-0.7720629423630032,-0.8023405742011157,-0.2673280215596561,0.4870607794828083
0.5,172,2094,360,3667,0.9740239085635803,0.9266754023743576,0.7418658694293593,-5.623313615473368,-0.15264322533302632,-1.511718380889407,-0.6998396323352027,-0.053185851403615855,0.28657610536469263
0.5,173,2094,378,3327,0.9983837477900496,0.9976035395038472,0.7460539024285989,-4.573498368193652,-1.2801154440201248,-1.2967338297760689,-0.6802087566369118,-0.1102393180944176,0.6530363563717412
0.5,174,2094,382,2964,0.9945465447994521,0.9965430154974494,0.748774198561406,-4.005501842149892,-1.2902224563173548,-1.281143938722979,-0.773877703432477,-0.20390628494768817,0.7426531624816833
0.5,175,2094,379,4117,0.9861984989497797,0.9847990233781423,0.7449194350894086,-5.30002758609181,-2.0869463341160106,-0.7105193861579614,-0.8512691392422631,-0.24054477487992731,0.4107973565831774
0.5,176,2094,368,3596,0.9952956894918775,0.9947893140980513,0.7487799336966052,-4.927468428788478,-0.8460810164141391,-0.8502782919659952,-0.74085746844115,-0.2615428616465574,0.545488073928476
0.5,177,2094,360,4052,0.9877188087057253,0.9810828059699368,0.744057526924623,-6.352973454649487,-0.7549603680631635,-0.8979415288912694,-0.8506964360849604,-0.3739015568407963,0.6333802313024752
0.5,178,2094,371,2991,0.9823607511957289,0.9744613244218514,0.7495954203761931,-7.418005270913624,-2.7842569711980056,-0.7534903790095859,-0.8046805141028325,-0.2399954547102785,0.496339111195827
0.5,179,2094,365,3593,0.9923104615692955,0.9920416752858813,0.74772944543748,-6.213927421396935,-0.98057756193155,-1.0578589189031702,-0.7905068575723723,-0.3409047255000968,0.39974350105472006
0.5,180,2094,371,3549,0.9984539432648253,0.9980253568281303,0.7519055762541905,-5.268024296103569,-1.144191362759383,-1.4582284391680977,-0.7630936624142999,-0.1880196676117565,0.5519531078372217
0.5,181,2094,381,3620,0.9938832879978411,0.9900235737761516,0.7474836818347348,-6.858880097085971,-1.802716242288191,-0.9093925730194699,-0.81257879066929,-0.33913295948799344,0.8124302639753571
0.5,182,2094,355,4049,0.9972737963542305,0.997243885415803,0.7489665434734252,-5.068536994197206,-1.1940037616383168,-0.8313437944835852,-0.91479101445321,-0.21861754467364303,0.5042816356426233
0.5,183,2094,372,4017,0.9998398197056758,0.9995851537509409,0.7520609023570585,-4.014104658180165,-0.9979385554664804,-0.9673748054467375,-0.7538995284374912,-0.2131420330674476,0.4617678888213487
0.5,184,2094,353,3346,0.9938142840851063,0.9903007376520387,0.7496444566670024,-6.075937949473982,-1.9355518178912756,-0.9901448596462004,-0.7764078327358003,-0.1816451018241688,0.4599757282434242
0.5,185,2094,359,3802,0.9583533918830949,0.8549015061357464,0.729064689750239,-5.584338760675611,0.13495574181484346,-0.6294928882145336,-1.0665678707854016,-0.30375002754562774,0.43001692083584864
0.5,186,2094,357,3918,0.9953775084805572,0.9970083742089162,0.7453826131856158,-4.036324858979267,-1.0823694424067278,-1.3747536261716413,-0.788685072869197,-0.18474533380889024,0.659737549737258
0.5,187,2094,379,3600,0.9985532473120667,0.9974509656349061,0.7521245589826171,-5.256401409294762,-1.5071247109355765,-1.4628600286650861,-0.7478251571683844,-0.18362295302950213,0.6718977367090891
0.5,188,2094,354,4120,0.9846944787603334,0.9751408406915439,0.7465541338732103,-8.15536432125102,-2.715037180356754,-0.8078697213980851,-0.7507400081823116,-0.1533010861983536,0.6034411446205378
0.5,189,2094,356,3897,0.9200924587802556,0.9803495376602784,0.7373502559088069,-2.018053730477445,-1.3517629122203192,-1.05843073421918,-0.9048541037240128,-0.08330343176456101,0.564291562274343
0.5,190,2094,377,3531,0.9872229720703494,0.9829841911371501,0.7436424146827826,-5.143097327519623,-0.6503983727516303,-0.6759502084779255,-0.7569976848391023,-0.15246111200774476,0.3662362610511201
0.5,191,2094,372,3524,0.9964635701698352,0.994787877083178,0.7475496791027412,-5.645746059459327,-0.9649028873813554,-1.2313665190698986,-0.7975655214101867,-0.14859728015897647,0.7609743457958942
0.5,192,2094,353,3844,0.9886921829180302,0.9882096008013911,0.7490788953164099,-6.404593507887686,-1.005494859159306,-0.759588135093873,-0.7427300575939234,-0.2267441534069131,0.6235823171000876
0.5,193,2094,370,3456,0.9993499899939893,0.9992223622621643,0.7530226279481699,-5.192688865922371,-1.3454577749063796,-1.0687151938259418,-0.8107974417262434,-0.23132585146218698,0.5642611680015268
0.5,194,2094,392,3418,0.9909147385055147,0.9793783536369348,0.7504529854130927,-4.219867797534818,-0.466660173095768,-1.0191869051828109,-0.7101941165651545,-0.3243141028284005,0.4707277064858201
0.5,195,2094,381,4203,0.9957985263750251,0.9968586509916644,0.7519229378944494,-5.844351986450372,-1.2015430779946605,-0.9581105647482022,-0.7883853692489389,-0.23503236102222955,0.49666102009544383
0.5,196,2094,378,3381,0.992429017210169,0.9897419224575728,0.751810936348068,-6.5838953630083825,-0.9046547379280323,-1.4261651490469434,-0.7577359052519903,-0.24481160973296798,0.5437702917805637
0.5,197,2094,371,3379,0.995902039859742,0.9957225305209116,0.7420130833631102,-5.48753176816445,-1.510311556222919,-0.803663566699765,-0.8915954584638953,-0.16785377278986885,0.6839527486287577
0.5,198,2094,394,3052,0.9854071251933835,0.9729056799652281,0.7469408895834304,-5.473081535889242,-0.47260450312416896,-1.115509840457457,-0.7317399274480995,-0.22830192185966114,0.29954330442346594
0.5,199,2094,373,3361,0.9958940491826873,0.9955563367263591,0.755684435162957,-4.810573922374759,-1.6756707898493133,-1.3506038944091205,-0.7552448958655754,-0.2584094177780409,0.5978059436816051
0.6,0,2512,478,4250,0.9620121810768602,0.8573272753594844,0.7433404338859187,-5.780798675397015,0.15921046694742644,-0.8901387435480164,-0.8143431135268766,-0.18124629482298169,0.691105379063678
0.6,1,2512,486,4381,0.9988712099784286,0.998643314911874,0.7472063176388158,-5.586312284533584,-1.3727516656339633,-1.0662299280595597,-0.9333929525323534,-0.3293171740768802,0.6297593108456601
0.6,2,2512,480,5170,0.9933976139674396,0.9887390328835428,0.7524028979277124,-6.351074204802533,-2.0849123328428503,-1.0376167733225643,-0.7609835641752232,-0.2578528346877152,0.5539768095684209
0.6,3,2512,475,5786,0.9936461195348586,0.992354643229278,0.7558500044722712,-6.645126089058488,-1.060268679962069,-1.2293574972089785,-0.7589282048490608,-0.32893501131291747,0.605583681703871
0.6,4,2512,462,6144,0.9783305850538494,0.9871955213118838,0.7416673091678276,-3.884564242187899,-1.8841747678162775,-0.7977638205678111,-0.8484355578356745,-0.2068393721044763,0.7367171698128
0.6,5,2512,479,5122,0.9990437606819255,0.9991425758940335,0.7566660592610579,-5.518228943424805,-1.1663013163059706,-1.2766572063002775,-0.8349048151135582,-0.2433943505037495,0.5748291562877093
0.6,6,2512,494,5146,0.9914248329520241,0.9938742547423025,0.7494722769516028,-4.54840103807189,-1.817525545745952,-1.0783012561459657,-0.8675767536075969,-0.24841582787632074,0.7238616067308472
0.6,7,2512,457,5843,0.9981193188491273,0.997489163092376,0.7487861743370734,-4.510876429171099,-0.8731166084846665,-0.9728973858315649,-0.7789626719251531,-0.2130399936687338,0.4317878342129982
0.6,8,2512,474,6135,0.9985469554508845,0.9977068296480129,0.7531401729890861,-5.328829135716102,-1.1455423651891814,-1.493106316196473,-0.8530712265942265,-0.3048215504094288,0.6932065022696884
0.6,9,2512,483,5537,0.9948323925721508,0.9901315114127888,0.7532457098786535,-5.035646867486161,-0.7215115264283649,-1.1710847469701329,-0.8268862021225797,-0.21146004434751572,0.6739340896486516
0.6,10,2512,463,5419,0.9969019646720638,0.9925029029474233,0.7439024686675026,-4.156675597845568,-0.759835692459107,-0.8951115389061286,-0.8446102288684559,-0.1555373832277144,0.6086376017982875
0.6,11,2512,477,5436,0.9890732468584291,0.9874710273074714,0.7376675747945118,-4.073746230920477,-1.6158787150256744,-0.7431518232090019,-0.7194619162901478,-0.37521670600573326,0.3600770487768471
0.6,12,2512,485,5848,0.9922555835863482,0.9834784256734279,0.7453751252265686,-4.016920838010392,-0.5598973242547177,-1.0605938545201552,-0.7702883666532248,-0.21280263356499415,0.22179314812389062
0.6,13,2512,450,5238,0.9872864441323717,0.9866703245817603,0.7438908653990262,-6.8493854362383715,-1.421304892908878,-0.5951572336102373,-0.8123053062566996,-0.2985981230444058,0.506549438425292
0.6,14,2512,454,5779,0.996180025949132,0.9949092129625859,0.7456877739642029,-4.4506069217697375,-1.368305264985098,-0.7609633935594389,-0.8245875714936134,-0.2968161111939521,0.6401110566978301
0.6,15,2512,467,5625,0.993649628681566,0.9887170351121741,0.748162960937651,-6.030681024674835,-2.124469780626833,-1.236260166171573,-0.7158019243521374,-0.14746618364596983,0.5619515315396179
0.6,16,2512,472,4903,0.9939257912356708,0.9852660644923467,0.7452802023906518,-3.7208374338343297,-0.5113658865548976,-0.8901767358939349,-0.706287460435937,-0.10792479749413739,0.5159232869880883
0.6,17,2512,460,4820,0.9698950879707212,0.9187193333975797,0.7394507024154863,-7.121698163922794,-0.17499855256736135,-0.8297543814901744,-0.9680606591598205,-0.29578331355631693,0.5928481724256134
0.6,18,2512,479,4803,0.9977261302574885,0.9944513314694661,0.7386392011493118,-3.5503538132815566,-0.8917908545351253,-0.9605720706113815,-0.8551008756567255,-0.13598397149890395,0.4451863188696391
0.6,19,2512,473,5419,0.9982350959592651,0.9974638840553046,0.7481349677602843,-4.848562954739511,-0.9244670127096506,-1.102365167242175,-0.7764609571714801,-0.14797909701107148,0.5968212011575326
0.6,20,2512,497,5293,0.9862255424482494,0.986058159188348,0.7438595144844911,-6.774634074988097,-1.13024392386389,-0.7425594710369446,-0.705747244666536,-0.20610568013774935,0.37090143649423524
0.6,21,2512,489,5122,0.9978571706549847,0.9960801600364654,0.743858154706448,-3.921273580050143,-0.9262129474933063,-1.158797385039697,-0.7598837186612494,-0.14599531186771417,0.3308845918923769
0.6,22,2512,464,5891,0.9762900709333661,0.9903982800636763,0.7523487922977291,-3.405633865431009,-1.660731617734188,-1.2712907144542231,-0.73969984065393,-0.2878623247258549,0.5167539215802418
0.6,23,2512,477,5558,0.9966336000010869,0.9942343920858604,0.7538542582881136,-4.769867345995708,-0.8268980481703345,-1.3266027771265054,-0.8325984740083758,-0.2419477198224688,0.6132244769695161
0.6,24,2512,475,5167,0.9961647251540031,0.995167327645063,0.7474731766633659,-5.095365036962537,-0.8416241028252532,-1.047617061527488,-0.7707063743378454,-0.1608539729033639,0.5584412646382885
0.6,25,2512,472,4647,0.9976344629126916,0.9973560441814542,0.7544606023602173,-5.701814211024965,-1.1053045495579286,-1.3458483275059074,-0.7760185111436446,-0.20518187050604872,0.49668120312616604
0.6,26,2512,462,5545,0.9937361932765105,0.9874565453364187,0.744284030569101,-4.802529299019948,-0.6581288582931893,-0.9857481499525479,-0.8166108996850902,-0.13323648863597823,0.6290282110502846
0.6,27,2512,484,6017,0.9883441656319674,0.9711166394437468,0.7494639845219084,-4.0716705448011945,-0.44679822802895736,-1.1904794738368292,-0.8759088102889486,-0.31559763558133425,0.6271024115795402
0.6,28,2512,467,4990,0.9985881575892509,0.9982965396813613,0.7557401994944238,-5.497420295371646,-1.1497798901489487,-1.4513208242177507,-0.7997895282135346,-0.2221740448641107,0.5814559385079986
0.6,29,2512,486,4548,0.9878807688527045,0.9880622704836505,0.7442240818684788,-6.050739099836295,-0.895899824985769,-0.7501344511815191,-0.7678077008202389,-0.25108632236434986,0.3883431306629329
0.6,30,2512,483,5970,0.9963163848351534,0.9948507467291172,0.7519130188751691,-4.939940826569555,-1.6821104053378857,-1.3465254490566008,-0.7086624933883054,-0.21362415304323717,0.6416738507480996
0.6,31,2512,483,5284,0.9976516606450248,0.996239920614603,0.7508654647180536,-5.925572078579596,-1.7208840349778225,-1.0844949416163034,-0.8834530837095348,-0.26912572153789843,0.809881900384034
0.6,32,2512,488,4771,0.9953551879061602,0.9945521574355671,0.7521353298174904,-6.627595448763649,-1.3634154345228853,-1.218351522905564,-0.7377536285805502,-0.1932689091918597,0.4685713394561634
0.6,33,2512,478,4191,0.9755674290958437,0.9864886764197422,0.7539156297190623,-3.7434763886165396,-1.9228698331349745,-1.0883987370129171,-0.7763955448999486,-0.3581817364759949,0.5877138575376479
0.6,34,2512,483,5148,0.9938854293265718,0.9939475858238243,0.7491372338793567,-5.508420126417219,-1.2789582740923222,-0.7512795321171184,-0.6863371709702188,-0.15888671006770613,0.4623244239628654
0.6,35,2512,488,5626,0.9923242052511969,0.9872328581952587,0.7511697942871629,-5.1435493552916585,-0.6336334190132047,-1.113505508387512,-0.7867592634649996,-0.24583970055107382,0.4719065373233094
0.6,36,2512,474,5750,0.9846566139121262,0.9785565501706414,0.7471679284157227,-6.766378390357312,-0.7324467052495214,-0.9478373587378791,-0.733280147464381,-0.19504105022597923,0.5125002933625177
0.6,37,2512,480,5158,0.9956499087496632,0.9922985334386292,0.7409517221258026,-5.538522685332044,-0.9915937082995561,-0.9630992799023262,-0.9903833371596459,-0.10401902911687767,0.6012991019164887
0.6,38,2512,491,5309,0.9963866943692843,0.9974042917514778,0.7460734590691225,-4.3649888205767065,-1.5119002479517554,-1.0855314512604974,-0.8239390734677883,-0.15291687864001183,0.6228596384936342
0.6,39,2512,470,5760,0.995533702526845,0.9943242967389231,0.752837265918065,-4.790681511778726,-1.681394550074232,-1.0033879366610783,-0.7378495912631644,-0.19981048776579696,0.5643764644400441
0.6,40,2512,465,5093,0.996947681010695,0.9932671759564868,0.7511451149209503,-5.410272917556294,-1.6712074218671327,-1.1576269366424399,-0.6618355035886563,-0.11919721981116721,0.5484477758961002
0.6,41,2512,452,4973,0.9893605418762086,0.9930695435788572,0.7531534998186703,-3.0742350614281917,-0.8571451366790935,-1.194071779623293,-0.7735580937339361,-0.2053291804905363,0.4968310181023673
0.6,42,2512,480,5345,0.9889605594614135,0.9841440614257332,0.74644821713276,-7.0893695007051845,-2.1185419435230806,-0.7607105682737886,-0.7876414828811251,-0.18934816657592085,0.5361146255233633
0.6,43,2512,474,5802,0.9930814026057996,0.9936157223609628,0.7559578830691756,-4.281501228292921,-1.659790321018793,-1.0739668245932779,-0.7221826885982744,-0.25406848353209266,0.5585805274322261
0.6,44,2512,486,5428,0.9321265519463797,0.9711765516836496,0.7478163743117375,-3.635616899167822,-2.6737330117704854,-0.9400698914671505,-0.7692465189177891,-0.18949331224779462,0.49992196617463636
0.6,45,2512,457,5385,0.9984600036523784,0.9985208503463809,0.7529381614394985,-5.248429267983131,-1.041387113057346,-1.1445470717710509,-0.7909368356527869,-0.24073518648310877,0.5877685936808562
0.6,46,2512,484,5377,0.9985004891480506,0.9954030603713073,0.7546222201344085,-6.774500047626385,-1.6362008830059154,-1.5896369672261277,-0.8129913200915643,-0.4033593098285235,0.6456599953290154
0.6,47,2512,466,4657,0.9884563427432599,0.9848025801125665,0.7442880464370157,-5.59520885878734,-0.714488544702074,-0.7670979574147485,-0.8018591807197034,-0.16222152579944038,0.5155151323760775
0.6,48,2512,472,5412,0.9832256260237418,0.9593380278541737,0.7455348228992135,-4.028519000368449,-0.34640416417608905,-1.3211029860284647,-0.941928994981284,-0.1805484580062363,0.5502655331671081
0.6,49,2512,475,5289,0.9739958727057854,0.9466373621286037,0.7368424963982072,-6.815987525867532,-0.40135989682612633,-0.7707171056595352,-0.7551463354018233,-0.1510643018805278,0.4273371925656935
0.6,50,2512,465,5129,0.9838831331762841,0.9704451714382433,0.7473732324719118,-7.510618889162634,-0.6282991980210698,-1.387951712467519,-0.8134728274235041,-0.1939534572394412,0.5259628756622782
0.6,51,2512,473,5594,0.9950065963055325,0.9965745278113235,0.7454826982119962,-3.6001248575578533,-1.0699328313408532,-1.187395856362569,-0.8151679762746966,-0.11544285094448882,0.5619661308735563
0.6,52,2512,458,4802,0.8873363510845889,0.9563239591277277,0.7454153574480608,-4.142633402294143,-3.829491148422453,-1.2138172303192434,-0.7421244198809844,-0.2386448717467266,0.6133661492711282
0.6,53,2512,465,5139,0.9887424901444778,0.9772367458485414,0.7508943272353592,-4.70187340312839,-0.4476276896443313,-0.9697324729664343,-0.6772423868314459,-0.1777917136279969,0.5381794526292812
0.6,54,2512,495,5513,0.9782704521996427,0.9397641361735317,0.7463986028842152,-4.862958168159346,-0.16676555467435475,-0.9442896164261797,-0.7515544678307676,-0.2099298958483491,0.4765880523951504
0.6,55,2512,480,4272,0.9851386190094361,0.9944746686564045,0.743911247224768,-3.412664882059219,-1.4330313000840031,-1.143359965066043,-0.8380707570769544,-0.13572124779849098,0.6439829339710915
0.6,56,2512,461,5770,0.9956085498913223,0.9953083973843532,0.7458604383965108,-5.170001108393354,-1.0613069010832112,-0.9158437729873273,-0.6615523720665686,-0.11684541037939675,0.3638826266127356
0.6,57,2512,475,4967,0.9956703851156956,0.9936715401711153,0.7504303827109381,-7.367379112622672,-1.4769336179003314,-1.532619317656998,-0.7592674404080886,-0.26186726048512005,0.5325973371226689
0.6,58,2512,467,5151,0.99776250534654,0.9969309939824131,0.7515911166002884,-5.412509467958772,-1.5594844147169247,-1.0013665391663797,-0.819695599568566,-0.2273703500570321,0.5247543242212376
0.6,59,2512,485,4630,0.9994851425728718,0.9990156258476437,0.7586739021548273,-4.852655134342212,-1.0838056113832282,-1.1502825034757387,-0.7556703676039512,-0.2767371749924462,0.5625680041549114
0.6,60,2512,500,4421,0.9742834019000187,0.9157168951730825,0.7465015546546643,-4.060922055130347,-0.040685526089479514,-0.9619022921341257,-0.763454751993842,-0.173636203269337,0.5223337312084296
0.6,61,2512,462,4825,0.9962935625715379,0.9950369384084691,0.7512325578522069,-5.388737573751525,-0.9012314675107301,-1.1768986953540228,-0.8715168128323242,-0.3007369531028492,0.4665530260789276
0.6,62,2512,487,5432,0.9816056330313534,0.949179426235888,0.748905552477749,-5.841449002520131,-0.27926827107548446,-1.2680357623977998,-0.9510900119293837,-0.33929343621900254,0.6889984778092978
0.6,63,2512,465,5597,0.9956489859528959,0.9954548604251992,0.7449918809640215,-5.193794409192819,-1.067794847493347,-0.774750662847388,-0.8599378417456698,-0.23539601937378155,0.6649395732958465
0.6,64,2512,482,5262,0.9913522401125374,0.9809210932422422,0.7488310615218002,-4.483145223944505,-0.4981777505623749,-1.0568545335166122,-0.8112356259109538,-0.21547540443127552,0.47916152408363316
0.6,65,2512,481,5642,0.995319006667842,0.995142039779914,0.7434802568497783,-5.846738478966795,-1.343051541880503,-0.9206172231642568,-0.8363357413867991,-0.16836262342725553,0.3766413447336778
0.6,66,2512,462,4780,0.9805803658265138,0.9637879503984015,0.7432667101073767,-5.975433371504803,-0.509929195956032,-0.6572836920412948,-0.8753190468716318,-0.24269413779856613,0.5974640522070029
0.6,67,2512,473,4565,0.9967091128678167,0.9965299028593411,0.7395387374892025,-4.280108724874331,-1.1051452389522078,-0.6610813272753522,-0.7634022045531089,-0.13433971941231052,0.5609296128379783
0.6,68,2512,473,5044,0.9834644396736154,0.9554994250062088,0.7422496446742093,-4.7830317241555065,-0.29520574031191554,-1.0868908288533394,-0.6998053861602833,-0.04131813298977419,0.5453663230581854
0.6,69,2512,472,5764,0.9517827492484415,0.9704694909940526,0.7503301890115756,-5.278201035743044,-3.3485684754327267,-1.1350704638305262,-0.8579087196850139,-0.23063900060003475,0.5621811229218647
0.6,70,2512,490,5192,0.9914222378113815,0.9855517253930401,0.7466364300892231,-7.631377011062918,-2.273076116438574,-1.01699364627824,-0.7682687500918427,-0.1546463097511567,0.6797988157350083
0.6,71,2512,468,5483,0.9923786207063868,0.9914627693483173,0.7491906829926708,-5.056389364919348,-0.7737397808461843,-0.8086943914401166,-0.6385217621229817,-0.1302303084155082,0.5594061988298682
0.6,72,2512,480,5190,0.99720877849496,0.9967052910968401,0.7527369424940531,-4.421461694699968,-0.8701344203404165,-1.2943693932824878,-0.6804211569293813,-0.2034442076761065,0.4512761080549013
0.6,73,2512,441,5607,0.9971355883476835,0.9977512479575836,0.7570703634852849,-4.372602135324353,-1.3356810801838748,-1.3451400263422981,-0.7672765692460893,-0.28394680670975403,0.6022479461560618
0.6,74,2512,472,5187,0.9931657918047588,0.990950074647593,0.7381738212239995,-5.467148402075433,-1.4383963498500094,-0.7477626139126275,-0.7349342635969058,-0.07553001587746576,0.3503631093019049
0.6,75,2512,493,4922,0.9909782246495702,0.9829764809556412,0.7490473919255092,-5.68131189411997,-0.6434866571629779,-1.1334292603643066,-0.8536748522784006,-0.20534132312250566,0.6965573831579298
0.6,76,2512,483,5590,0.9878578132090711,0.9861091343074215,0.7467279390623311,-6.364721220653211,-0.8877387904268836,-0.8509986472403752,-0.7011610717095138,-0.1342645850248334,0.5419224744058434
0.6,77,2512,478,6036,0.997117731058808,0.9956034059114899,0.750262573072968,-5.51788089869404,-1.5954045729873392,-0.9784822441309253,-0.7648823512358675,-0.22591939764121746,0.5531801965483227
0.6,78,2512,488,4973,0.999204942456653,0.9977102696556317,0.7448783030281625,-4.366279601957766,-1.0232338722850047,-1.0467353470548892,-0.8699235958361704,-0.20978467793217317,0.40543449474324394
0.6,79,2512,463,4972,0.994556418087708,0.9900221246635422,0.7534555111037253,-6.077145148904053,-2.0174736351470264,-1.071779568221791,-0.7737272154301478,-0.33437740986796227,0.6201245684231537
0.6,80,2512,477,5720,0.979315941978304,0.9588637697864323,0.7382835200936401,-6.216730020500908,-0.43281870134990236,-0.8664748421292368,-0.7819369641530234,-0.13827894516626765,0.41830585144028726
0.6,81,2512,452,4720,0.9926289424339954,0.9890868109182914,0.7440559679384724,-5.835401231603499,-1.8271132566052437,-0.8452701448123164,-0.7916359668383558,-0.3423406098309738,0.3838725799164967
0.6,82,2512,476,5219,0.994158610992231,0.990769466563917,0.7547649614397431,-5.261329034746974,-0.732644710557855,-1.1313549407100814,-0.7675889420600909,-0.21725160293972148,0.62276316705381
0.6,83,2512,472,5393,0.9848270010978785,0.960420230186313,0.7471875688777311,-3.733969457407708,-0.2864395273652228,-1.0595289535205619,-0.800994000373879,-0.24588701220978884,0.483312294266977
0.6,84,2512,458,5421,0.9876266656860128,0.9858445009069622,0.7515280145862667,-4.241326551765283,-0.7740297906099168,-1.6723534806125224,-0.8885601606477738,-0.3354523961468017,0.598901509120714
0.6,85,2512,476,5149,0.9975596311017202,0.9975149322512439,0.7470434885330637,-5.736950583799639,-1.4332757073123172,-0.9664657349717357,-0.8770685624999011,-0.30414458818658924,0.5764231421094727
0.6,86,2512,486,5136,0.9968211909092981,0.9963052351476224,0.7523502104640754,-4.507741562695384,-1.5172180548325582,-0.9734443125851964,-0.7444272277230044,-0.20685207683424192,0.6079328791516039
0.6,87,2512,473,5624,0.993781249740815,0.9944815154846088,0.7434996217441237,-5.820843108571263,-1.0941788643420443,-0.8587807660136758,-0.8527236868146323,-0.17076855308617087,0.44869066772775634
0.6,88,2512,490,4901,0.9911466010760801,0.9908841704316784,0.7498310487837413,-6.4380364211655,-1.3117120970221177,-0.8300719558944177,-0.6812197772300976,-0.17880808952231073,0.4607663676424083
0.6,89,2512,488,5898,0.9954883100313682,0.9926886210167537,0.7508776730804216,-6.0585203201274105,-2.0623271445751694,-1.2949885558005547,-0.8424277651918892,-0.18828239663393279,0.5253427433027923
0.6,90,2512,483,5041,0.9953303306506615,0.9962226677715265,0.7550173251298423,-5.931303719880061,-1.090806714080352,-1.03983770447689,-0.7861733092434453,-0.26904198796325723,0.492299357071314
0.6,91,2512,466,5895,0.9928186043594222,0.990073439500125,0.7475792552602782,-6.573596444730021,-1.4871914885055386,-0.9982510465087242,-0.6946846000075041,-0.08563240955496013,0.38877518013096835
0.6,92,2512,484,4870,0.9930661064121112,0.991796631389885,0.7538622256315065,-5.749810531466951,-0.866224446638475,-1.1594727629277142,-0.6513972147336828,-0.21609410101569765,0.44451821737807173
0.6,93,2512,480,5576,0.979272061621384,0.9605875320681025,0.7402852087125367,-5.55805974637214,-0.44891131122484884,-0.6961008334119553,-0.6441859507658265,-0.049502397851282944,0.4098445025417296
0.6,94,2512,491,5095,0.9837601005040149,0.9832027812078066,0.7521117738141334,-5.391626971126896,-2.4673405793183574,-1.3181614765681953,-0.7108229971437645,-0.22774552378079477,0.6036866061829094
0.6,95,2512,465,5220,0.9814277990933882,0.9472230599641106,0.7416842653157075,-4.6559028138958825,-0.21844901426648747,-1.0117814495402777,-0.8593853202946465,-0.21546998288604577,0.5236930720480139
0.6,96,2512,476,4803,0.9975991053727611,0.9969480282488247,0.7468128426747408,-4.398509522449894,-1.3968233682832996,-1.1446326430435874,-0.8128301552225443,-0.04569600102912161,0.6145938105887744
0.6,97,2512,500,5194,0.9875606890944835,0.9873713140061289,0.7468348554069539,-7.716011389241164,-1.454772946635549,-0.7684247469945412,-0.82924382499396,-0.2826993123774825,0.575414454113528
0.6,98,2512,475,5401,0.9967831984248332,0.9969023257809113,0.7509823762050949,-5.6767840055448096,-1.3992861902703786,-0.9146051968336726,-0.816319066572369,-0.2597035969611142,0.5184603024319046
0.6,99,2512,473,5891,0.9965414297340348,0.9952992598334631,0.7546872202524303,-4.147038295589705,-0.6913708635393037,-0.9726350474830203,-0.6549795714226476,-0.18930603575802674,0.37856805146359374
0.6,100,2512,495,5247,0.9807376750288226,0.993568040441845,0.7494746879685499,-2.8648917266041574,-1.278027807513309,-1.0468494270266524,-0.7262316499819144,-0.23119933209120327,0.4750255310122447
0.6,101,2512,490,5740,0.9914953015906726,0.9910401761340922,0.7500758694126863,-6.045835467972158,-0.933125413977364,-0.9998626505135149,-0.7271532811248212,-0.15873984100997904,0.4022148423620923
0.6,102,2512,487,5223,0.9971105059643908,0.9944393122051317,0.7512409258443333,-4.024751595125287,-0.9039612333855236,-1.1554557363062345,-0.8943611542582872,-0.3346817639029174,0.5337066313275983
0.6,103,2512,492,5471,0.9688642479816975,0.9909614121881478,0.7462898456399382,-2.9512531043487864,-1.487027281802229,-1.2687151097078269,-0.7612402373111993,-0.17511825904512532,0.47671934946319783
0.6,104,2512,455,5363,0.9145506099418153,0.9722501340518263,0.7443867099621209,-3.0584852605928305,-2.4950516342879383,-0.9747302166760541,-0.7891298123040766,-0.22839643288421257,0.5695812376396837
0.6,105,2512,467,5010,0.9940845277844523,0.994396563056182,0.7500286059694514,-5.071867263640656,-1.552392458770269,-1.7732004926095573,-0.7187304767265973,-0.22159465642957865,0.6946785648195816
0.6,106,2512,481,4954,0.9942212018464599,0.9908149589562769,0.752749617287515,-5.562998770755427,-1.9154312151149617,-1.3989377848872113,-0.7729075418036983,-0.34614949534761436,0.3065562106267831
0.6,107,2512,495,5305,0.993528194104443,0.9896425985725478,0.7460184245435344,-4.6301636087190206,-0.7329599230978296,-1.469494220192209,-0.835947610657052,-0.19274799291125413,0.49223476560584756
0.6,108,2512,481,5477,0.9904743310060194,0.9902619827178091,0.7490123090372248,-6.314740916390908,-0.9133883389726908,-0.9698278008476893,-0.8084399966514907,-0.26764366865606143,0.4475048006236366
0.6,109,2512,470,5600,0.9922209198481176,0.9921861294485969,0.744568882361443,-5.88506452954821,-0.9498556608330287,-0.8778199248765489,-0.7530858325892423,-0.1376519088610986,0.6007019040581032
0.6,110,2512,490,4678,0.9869178504437272,0.9722308842648724,0.743986247835978,-5.4079452801575245,-0.5169906272598793,-1.7017964500368228,-0.9384030996079051,-0.20899082438006136,0.7185192074018442
0.6,111,2512,475,5057,0.9932714372179893,0.9931690299659057,0.7454153338243649,-4.371221452527316,-0.8781041375245686,-0.5780681775693536,-0.7513979034337853,-0.2540060448854105,0.33905262982135226
0.6,112,2512,470,5441,0.9875807339939804,0.9818145285485791,0.747440101060966,-7.6837207555011755,-2.3933365918601472,-0.7617462649276806,-0.8454930840953608,-0.21684919823237353,0.630996885973889
0.6,113,2512,468,5424,0.9829178672138548,0.9629200548843944,0.7442990978791183,-5.7300894697102285,-0.41825797822799515,-0.8991134257913985,-0.9075603172920951,-0.34368952895735266,0.5323327509794896
0.6,114,2512,485,4590,0.9752303603655804,0.9300671879263138,0.7538041579813789,-6.795994476117334,-0.15090672372070568,-1.4803681727684628,-0.8188088711412604,-0.3602902436656665,0.585617229157314
0.6,115,2512,476,6180,0.9861008137083823,0.9666635378106415,0.7514961615980259,-4.2509986220617,-0.3351311911488456,-1.2062949533054708,-0.7616784233343294,-0.21426974825691014,0.5225739875045484
0.6,116,2512,471,5236,0.9914625738300582,0.9910261481551104,0.7446613825918189,-3.9348132550617265,-1.5508559865439309,-0.8848754684545294,-0.6501095598815871,-0.12777524662008194,0.3321574924328587
0.6,117,2512,493,5371,0.9935053400064117,0.991834056554037,0.7460133315251085,-5.0589424259137346,-1.6756887779426257,-0.7657559285895239,-0.7598756937765782,-0.1583663467865146,0.49947946502209706
0.6,118,2512,478,5097,0.9951587643169635,0.9933649900767386,0.7557350101550526,-5.181701823127682,-0.926145865462382,-1.6088176742595497,-0.7502554869720555,-0.296521177948659,0.5912706758133756
0.6,119,2512,473,5310,0.993640387583402,0.9921181058400979,0.7516746906641696,-4.623509973658239,-0.6860727821533598,-0.8469075333844005,-0.6678106215003529,-0.25903977716263876,0.42960225405856073
0.6,120,2512,458,5129,0.9951479412305572,0.9953404258138081,0.7442741545360511,-5.566854605925572,-1.0879431659336565,-0.8977118080549549,-0.7608287235532686,-0.09973025544827899,0.5141863615781986
0.6,121,2512,469,4924,0.9741763261708581,0.9213002845332935,0.7329152146430483,-4.012718215560528,-0.08649027084563075,-0.6713992299327044,-0.7056520898237229,-0.1291352997962005,0.35907806365661166
0.6,122,2512,471,5578,0.9881816173620536,0.9819714280121207,0.7466795748990825,-3.0666643169506274,-0.6277884202751096,-1.1458344957060955,-0.7346127499707826,-0.007342046149763847,0.5762973100564819
0.6,123,2512,480,4676,0.984348159861357,0.9873490314475123,0.7403645662148292,-4.399000692409939,-1.9066481216672404,-0.6908506360247997,-0.8547062933344471,-0.19130182140185834,0.5371520681701399
0.6,124,2512,466,5670,0.9980929109394077,0.9950314416222242,0.7506295245144862,-3.4295579252181185,-0.7159830597767025,-0.8645297422933175,-0.7457748434507238,-0.1875137029191057,0.4590981927810357
0.6,125,2512,459,5255,0.9414831224651415,0.9687187201894921,0.7435798405962768,-4.0694750133948885,-2.733091641788846,-0.668562425377033,-0.8125397792341688,-0.16135577575685414,0.6364439317515019
0.6,126,2512,487,5620,0.9847679829968615,0.9675377588058188,0.7458714141935269,-5.0789832522135,-0.3895622491940216,-0.9098013494749793,-0.723666422409886,-0.15160707482029612,0.5065455100029774
0.6,127,2512,485,4878,0.9954514676416993,0.9945490081005817,0.7455634387280197,-5.444335712737419,-0.9703293294304489,-0.9046683835710648,-0.8715741631146074,-0.29540687097078466,0.6488749171534719
0.6,128,2512,495,6164,0.9754406900899186,0.9912717107824145,0.7498166502785281,-2.8491284407866715,-1.2457375034373528,-1.1159706018944449,-0.8336805803055034,-0.21407616812650984,0.6475902000949122
0.6,129,2512,467,6521,0.9916123035501304,0.9956334890576707,0.747542081091044,-3.8169111386859695,-1.2746622996928427,-1.2821026551347672,-0.8704376007034861,-0.1481094085636044,0.7624999655822943
0.6,130,2512,470,5252,0.9851922626211038,0.981286403185413,0.7459811204508335,-5.684001641123612,-2.2249673018391833,-0.7153911243546063,-0.790119383062485,-0.288167114784935,0.4421975825571685
0.6,131,2512,475,4669,0.9912720597608393,0.9887928084650491,0.7443448113743208,-5.370472815217064,-1.8003140011315097,-0.7099034843000489,-0.7769103586157639,-0.23142584361832996,0.4646899053608389
0.6,132,2512,473,5024,0.9996946024775134,0.9992163581884164,0.7510694820650659,-5.1090252637908335,-1.310743053520186,-1.1424361663298006,-0.8364965644746768,-0.25429361075867235,0.7069979567913116
0.6,133,2512,483,5700,0.9546948107016218,0.9755344016278028,0.7434632895544404,-2.7430393061727556,-0.7941253049265046,-1.611141673955857,-0.8780143024247558,-0.17208968370070155,0.6169255802587997
0.6,134,2512,474,4776,0.9981508201184341,0.996561186460609,0.7543604312846603,-4.777845302180905,-0.9151717413045702,-1.2075690152360143,-0.8200626320188135,-0.3149196390467686,0.5477269764540305
0.6,135,2512,459,5108,0.9949404721039783,0.9889315768552638,0.7474867638291399,-4.359759464760324,-0.6832656440073037,-0.8762382100284286,-0.8113335193501122,-0.24246755643465762,0.6534992796435066
0.6,136,2512,485,5020,0.9946970957744606,0.9942544035397421,0.745942536575381,-4.29008018868899,-1.5083149544174805,-0.794698001855698,-0.7188827244558825,-0.1811001408981428,0.5216543450556482
0.6,137,2512,489,5093,0.9930350800369969,0.9888103286027012,0.7574940196368233,-5.133130748707352,-0.6689700451547616,-1.2035331247125527,-0.6921472397986266,-0.25630054166228866,0.5201755980992413
0.6,138,2512,481,5668,0.9954537707296985,0.9913624248394178,0.7521378498700464,-4.183823971139325,-0.6630403115860987,-1.1572620030899166,-0.7794994104027351,-0.22000437911122395,0.4569636451088055
0.6,139,2512,466,5302,0.9974519065123137,0.9961683868643122,0.7564002998285074,-6.604349642119779,-1.309390199587935,-1.641092647273812,-0.8184776183344613,-0.3370287927453168,0.5968067076785613
0.6,140,2512,467,4883,0.9881608416169204,0.9801808608871253,0.7393215003534189,-5.839212406553698,-0.6988327304998466,-0.8131349428787155,-0.9019089538265879,-0.3468562123756709,0.650454558439291
0.6,141,2512,469,4711,0.9984838174765563,0.9963995419052923,0.7468331824574961,-5.642568070983075,-1.5131231425500784,-1.4490008595944401,-0.7920698091172266,-0.1427417029181901,0.4457082113210516
0.6,142,2512,472,5440,0.9871630121414805,0.9767581873625694,0.7465296122321483,-5.867759984345775,-0.5774963241230647,-0.9678071766951745,-0.8929667906822484,-0.33692062986029425,0.5436020869621717
0.6,143,2512,479,5546,0.9952043795579276,0.9956242539074769,0.7472654274959115,-4.021656065909283,-1.3139212788178831,-0.8973092705640098,-0.9826704015815539,-0.30131383499887604,0.5942906660549304
0.6,144,2512,481,5205,0.9931414919202448,0.9900715390111713,0.7480563619972432,-5.793006521956242,-1.8390070938816012,-0.8277808069251456,-0.7433818407955867,-0.15987886451658884,0.6291184665415626
0.6,145,2512,486,5119,0.9560349481832311,0.974165980754727,0.7538213689005516,-4.142182014842255,-2.5732686772274254,-1.0895182408819541,-0.6944014142093509,-0.2923983834306218,0.44600789140863545
0.6,146,2512,458,5878,0.9694612575885684,0.9836799016980075,0.7447401345412734,-4.369608698019113,-2.394820933199123,-0.9747979876143329,-0.9561077232801295,-0.3209554970960647,0.6893954059591565
0.6,147,2512,481,5225,0.9950587905541635,0.9957351304765805,0.7494411935668038,-5.288958637134199,-0.9673126459971836,-0.8538201030174921,-0.7352334995843053,-0.16358832744167429,0.5890125909939116
0.6,148,2512,454,5786,0.9962903007629607,0.9967763878572838,0.7518815818400897,-6.003738826781441,-1.2312685703664292,-1.034006747646212,-0.7892819080800862,-0.29573622461480115,0.5390563138170908
0.6,149,2512,476,5752,0.9922852812460484,0.99098851765641,0.7427031563260472,-6.893449112652633,-1.6599570936104253,-0.8614202442190574,-0.7982740232486933,-0.11766700111851032,0.577044750947116
0.6,150,2512,487,5985,0.9940381434090795,0.9894610251222246,0.7473377939142858,-4.994634946810728,-0.7836667861275745,-1.4626072886239578,-0.7301736063692204,-0.0702093998445594,0.502511166345529
0.6,151,2512,471,5558,0.9895755277130197,0.9905349475348763,0.7411313230042063,-6.104738916811318,-1.0653606407788208,-0.7125481662784051,-0.8334335292241074,-0.19180577654613468,0.4151924720440087
0.6,152,2512,470,5470,0.9948900679842314,0.9935625511758147,0.7445882549250213,-5.0735778691513715,-1.0548842500744753,-1.6738989405321347,-0.6768843511276768,-0.10452242947520309,0.6284962141345752
0.6,153,2512,486,5611,0.9931338450689919,0.9924260229786577,0.7531601625805666,-6.748368816310991,-1.024884066191636,-1.3258195822572774,-0.8381631462789088,-0.2801182018781416,0.46008172425328847
0.6,154,2512,475,5553,0.9966796791654866,0.9956234874995444,0.7528676266324003,-5.9004913916659625,-1.0569927014952154,-1.260702551986366,-0.8990825281263038,-0.3936070269562605,0.4975085275666724
0.6,155,2512,489,4300,0.9939453480421045,0.992182325037548,0.7487700126332257,-4.785001474629783,-0.7547236132904321,-0.807150882395424,-0.7877735432868849,-0.16650729163542402,0.4496345258475551
0.6,156,2512,474,4934,0.9897723822060691,0.9921784862950856,0.741133441567499,-4.192066655859547,-1.7027356247411873,-0.8160926484779952,-0.8181852467329318,-0.1411695075187328,0.5751970009464272
0.6,157,2512,470,4839,0.9868586396387578,0.9886336235102754,0.7489983285278247,-3.3765905150246844,-0.8917046567637394,-1.3063284414092255,-0.9131893074505035,-0.2470248040057542,0.6758352158797919
0.6,158,2512,488,4496,0.9991286384479275,0.9987070336881038,0.7481950910673838,-4.369882618079891,-1.1269178276708385,-1.2081245866468273,-0.7478388614981782,-0.171103933940577,0.40646401475266714
0.6,159,2512,483,4881,0.9963578243338695,0.9952317005164587,0.7506114418990074,-5.390579451824809,-0.8860862292781579,-1.1852819781277408,-0.7860905187365788,-0.1889260656783164,0.6267399268850267
0.6,160,2512,490,5687,0.9921778752665196,0.9836196176979426,0.7518109001291303,-4.601727901165874,-0.5981117670012771,-1.3324242215715132,-0.8953465921740474,-0.26586624510429696,0.5414922176321286
0.6,161,2512,486,5424,0.9918973826013691,0.9880008855895974,0.7472873894230061,-6.045336028008571,-2.0777656365992137,-0.9071569489811586,-0.7824194642421802,-0.24578754039719966,0.5624109455022389
0.6,162,2512,496,4712,0.9973743670288867,0.9976188733844001,0.7507152092368313,-4.4896176706002295,-1.3817860554352988,-1.356273519178874,-0.7168184248190965,-0.1682768126819047,0.5558393841545506
0.6,163,2512,450,5712,0.9746627200637987,0.9687073648292991,0.7521046737168442,-3.692172393215763,-0.6197184346975251,-1.675734183510462,-0.9995637632211448,-0.43068465062102923,0.6226471134686592
0.6,164,2512,487,5351,0.9951954428164002,0.9961188425477611,0.7510432760938694,-5.1090370255638975,-0.9248940784644178,-0.8500005304428152,-0.744566407593593,-0.19236572331912916,0.46743793868327355
0.6,165,2512,482,5016,0.9843591535183532,0.9608596251942362,0.7455857271280448,-4.875599210862259,-0.33037558527810856,-0.9325754278104719,-0.8082129817184949,-0.17321507556355975,0.5641244298795881
0.6,166,2512,458,4994,0.9508782500935905,0.9701596774536119,0.7419032147141725,-5.126758249116043,-3.2952564641205826,-1.401734397281627,-0.7233508234686166,-0.12573528952460594,0.6142324693247397
0.6,167,2512,481,5442,0.9892529126900351,0.9839387190300778,0.7495701678986886,-6.527667950204528,-0.7743790507033891,-1.3667241875828298,-0.6941987668837896,-0.22411555729392954,0.44357908878090324
0.6,168,2512,474,5250,0.9897758957510094,0.9776800657544263,0.7503221292880283,-5.056649693376575,-0.4969258719452974,-1.2092393227070417,-0.8239244941295767,-0.26616887040803455,0.5826381383229101
0.6,169,2512,481,4911,0.9966578056557703,0.9978510438178012,0.7524577860609593,-4.69002160119129,-1.5506682093824748,-1.3770734005386187,-0.8697793868694451,-0.24941402524923545,0.5122654810395929
0.6,170,2512,466,5275,0.9863592917173374,0.9888523468195121,0.7478780383570962,-4.386544399836345,-1.9227558949091372,-0.9422914350665651,-0.7926236766067246,-0.2417482139680839,0.4027647164062803
0.6,171,2512,468,4605,0.9991771602264611,0.9989014650701448,0.7498540468130352,-4.265053233034873,-1.0213168361890386,-1.1732097709019762,-0.787365594523352,-0.17068715248823618,0.6019223339185658
0.6,172,2512,480,5082,0.9956241178792494,0.9900836890618422,0.746877398840264,-3.1783975657514696,-0.7094984713415514,-0.7990759222106087,-0.8158196216835374,-0.2575376473898043,0.4913847021918789
0.6,173,2512,466,5148,0.9940706191596784,0.9962799126240941,0.7536887711041139,-4.063972141035056,-1.3457257153841113,-1.3565077256625455,-0.773865394138652,-0.2968941064256414,0.6415458931929524
0.6,174,2512,472,5600,0.994969466402978,0.9954630841065621,0.7422495612658591,-5.767515895617316,-1.1727306398968713,-0.8286863999710437,-0.916582635289653,-0.16573852503768313,0.6023098672916816
0.6,175,2512,465,4387,0.9967608586970291,0.9937841915108067,0.7515194188659178,-4.631858448082895,-0.7794418781350697,-1.081828894502231,-0.8548149045659885,-0.2281393570637819,0.4646714297101752
0.6,176,2512,495,5092,0.9993514054944043,0.9991730857306375,0.7521174385573659,-4.329999568071022,-1.0782411577540025,-1.1868350119245863,-0.7968727535798288,-0.27131412572721103,0.5207177491656485
0.6,177,2512,470,5529,0.9943364748503007,0.9865948244088457,0.7534213432796615,-6.241228638736875,-2.0567053111421716,-1.435798611878944,-0.6258139012365391,-0.2813041214731683,0.4524397316413557
0.6,178,2512,475,5549,0.9970578664601571,0.9953560593585545,0.7560556039438691,-5.1755318902169964,-0.9202617797188946,-1.1476571208987605,-0.7894633598520314,-0.35382581085936843,0.5196613699233089
0.6,179,2512,479,4895,0.9971379891636997,0.9973060769345872,0.7457943981494164,-5.226248262801987,-1.0285461068894282,-1.0150719186568185,-0.7634536309762512,-0.15543609250477114,0.4446476635387881
0.6,180,2512,470,5445,0.9795999025274928,0.9923911538699716,0.7488450195646984,-3.229918276768065,-1.167950913027478,-1.4697624572414618,-0.7333922673856975,-0.20945300599559008,0.599954307665882
0.6,181,2512,471,5480,0.9874940029783413,0.9949062472189204,0.7472517102269216,-3.6530591838676565,-1.4699411689690127,-1.1508247221308645,-0.8937173996253831,-0.2173757765629323,0.7087840136151301
0.6,182,2512,480,5004,0.9661673879754795,0.971240945644342,0.7433631071531563,-5.639550279692382,-3.0713692382759032,-0.984228258914666,-0.7533017302099081,-0.06385265224264274,0.6046797179528205
0.6,183,2512,465,5445,0.9960922401058702,0.9950046938545928,0.7468183654016045,-5.042235120821697,-1.4129218267833503,-0.812107868523056,-0.7225261008120458,-0.15657811414800712,0.4279872695157349
0.6,184,2512,487,4819,0.9987767275508683,0.9967672040407273,0.752831533447531,-6.17434760760381,-1.584511761154753,-1.4568752813820263,-0.7682640093719401,-0.24641325094781313,0.5829661147704389
0.6,185,2512,473,5383,0.9886814285811643,0.9830921899163995,0.7512234290100913,-6.447968358877039,-0.7558171772613447,-1.0828549309595135,-0.7250437479437772,-0.18896870791358014,0.6763409428568589
0.6,186,2512,476,4628,0.9966790184085775,0.9953990854475719,0.755648750970915,-5.58509682911324,-0.9340078580227162,-1.335604253831753,-0.883017487783222,-0.25216656846672436,0.5359563255518113
0.6,187,2512,472,5475,0.9756928681843042,0.9891591181062804,0.7503492520145887,-3.6375885819242813,-1.7753312257740572,-1.3278040510669418,-0.7458538435829893,-0.21971113215644691,0.750489990867917
0.6,188,2512,483,4742,0.995555711265408,0.9933140076009337,0.7536300603478141,-4.848245739056016,-0.7406955135663265,-1.1144661304026358,-0.7728076501282098,-0.24043082865569315,0.47233544354220036
0.6,189,2512,485,4641,0.9996525008555339,0.9991945837347175,0.7533789990705663,-5.165739168282207,-1.3130406642224963,-1.2469199846688552,-0.7720572605960123,-0.2010411278082859,0.5287921129262805
0.6,190,2512,486,4627,0.9919901134239693,0.9929429641482488,0.7433549374654124,-5.7337285522377845,-1.072230281453782,-0.7717571401467691,-0.7642250354778591,-0.15422210462452,0.39886421700295516
0.6,191,2512,490,5651,0.9919629550243044,0.9845919454478,0.7551037953440242,-4.915326321387733,-0.5777651636220157,-1.079548069290598,-0.7595091134889126,-0.2789454174644349,0.5533191759262446
0.6,192,2512,496,5131,0.9925086906008949,0.9913970210951091,0.7472434126522114,-6.743375273113947,-1.6859707167817644,-0.8296756002387392,-0.8100427619019438,-0.22710838781524256,0.5499011714875469
0.6,193,2512,477,5601,0.9950059878699434,0.9960689527917984,0.7506480240804025,-4.505452781311989,-1.630615073200366,-1.0485003324759876,-0.846680017903319,-0.23647549643398103,0.684771666391843
0.6,194,2512,460,5659,0.9932932967436227,0.9929144211746644,0.7437758877329878,-5.638515433423386,-1.0427862129145642,-0.8440145322588661,-0.6923425484126602,-0.06380164347437137,0.5620961735965027
0.6,195,2512,449,5530,0.9951652109077634,0.9933042587874028,0.7516914148798335,-5.1381743684756005,-1.7550842588814357,-0.9582547929285843,-0.7818917390907356,-0.24370943038531825,0.7251613955746724
0.6,196,2512,490,5357,0.9982600288661959,0.9983869097702993,0.7505535506266723,-5.116420918038384,-1.1157572889897933,-0.961206683323357,-0.8628155450312467,-0.19148672346660098,0.5101170835756919
0.6,197,2512,492,5169,0.9915176289619376,0.9892168123733973,0.7484518179579134,-5.920508917019278,-0.8081109354135144,-0.9603794506722739,-0.8490475298515598,-0.20592804119154576,0.5984246381045503
0.6,198,2512,461,5580,0.996781066880218,0.9962609960153328,0.7509864412376458,-4.491283910909637,-1.495861301578104,-1.0836752615625425,-0.8577339291955668,-0.35464230586531575,0.6505084865532748
0.6,199,2512,479,5604,0.9665360917298333,0.9881719402218329,0.7408948989292679,-2.5602293031820045,-1.1150382281304825,-1.2548529858845665,-0.7494060433241633,-0.043287979971130396,0.5197799184247612
0.7,0,2931,588,7258,0.996822127752223,0.9960071616426874,0.7453321244302091,-5.539120678623248,-1.4025980654675403,-0.9507112117368469,-0.7628790795861917,-0.1410649819266138,0.44712759943835567
0.7,1,2931,567,6863,0.9970046226117989,0.9973108687824774,0.7525872907245915,-4.71931048734406,-1.5707462710338083,-1.0288216775539798,-0.8827806036027125,-0.2543134751504066,0.6588672662615562
0.7,2,2931,600,7103,0.9980311421055406,0.9963502606327607,0.7425915418291013,-3.9397072398645454,-1.0968562603417569,-0.7813182826901377,-0.7871067697810231,-0.056439984672627924,0.5581194573905881
0.7,3,2931,590,7148,0.9991422941672432,0.9984977307552099,0.7538052890470562,-5.562573367925785,-1.5419509083857297,-1.2049160454400147,-0.8986596826877913,-0.31634586778316875,0.5303669774830146
0.7,4,2931,590,7171,0.9925712960205135,0.992070624024075,0.7459064935195121,-5.444004669660923,-0.8957264838575041,-0.8082248395313804,-0.8674576615504903,-0.3094069327521492,0.4239101273215546
0.7,5,2931,599,7409,0.9986299547958154,0.9984429433779072,0.7546489364019752,-5.4593998519630675,-1.2467153783731644,-1.1511773357139303,-0.7453323524906597,-0.23666960660018635,0.49583098574928336
0.7,6,2931,586,7008,0.9922898343042696,0.9894176197528308,0.7523894649982085,-6.055258678582987,-0.8140951447961892,-1.0921668614612625,-0.8443453756329544,-0.29870864854433793,0.6209383196412992
0.7,7,2931,605,7351,0.9996711517037509,0.9994907121198614,0.751454305604587,-4.176066404995683,-1.1024850602692815,-1.0498053069427582,-0.7681872156632843,-0.21904558028673102,0.42394377174626136
0.7,8,2931,572,6694,0.9950845663185262,0.9945623811669827,0.7459348079296831,-5.237873046815429,-0.9261754199148621,-0.8559723913723055,-0.8193433453087199,-0.30041885795878553,0.560073844143657
0.7,9,2931,592,7299,0.9978668186144947,0.9975169834714507,0.7574091499986709,-5.145136593727055,-0.954856642354134,-1.1745305515302449,-0.7934580764093543,-0.26735272715668457,0.5264456039281051
0.7,10,2931,577,8775,0.9323085213351402,0.9681983888745734,0.7432151156168645,-3.7655197021734583,-2.7515519004916578,-0.8923659490792585,-0.715186584266294,-0.18213238164190038,0.5902811865708611
0.7,11,2931,590,7157,0.9868858953763959,0.979356318918426,0.7489970157413739,-3.528043943544368,-0.51575283605596,-1.3174509511924715,-0.7985284004984958,-0.2032725044442205,0.446333251782597
0.7,12,2931,566,7047,0.9998348765373342,0.9996016699399767,0.7452390625706892,-3.773275126750681,-0.9767706693744669,-0.917970498421107,-0.6987865198767105,-0.13734053952490374,0.49122293060242306
0.7,13,2931,578,6467,0.9957738262036707,0.9952694132470685,0.7461982903052284,-4.546796694695543,-1.5212055430582954,-0.8326379787624855,-0.7695597485577004,-0.19031606330440765,0.5075612492472641
0.7,14,2931,588,6927,0.9896140711462877,0.9798300991255899,0.7527949935546793,-5.972315815129971,-0.5991276027776156,-1.3583365996419983,-0.8289092116348541,-0.21684739387651983,0.6472113156212392
0.7,15,2931,574,7426,0.984385079302385,0.9930573085170675,0.7508730263462647,-4.1128457333093245,-1.8488634219430398,-1.3307691497166427,-0.8514379122297114,-0.22032378040837775,0.6328967679743888
0.7,16,2931,576,7112,0.9925572611660181,0.9922211935924075,0.7474275579701984,-5.8297899985669215,-0.8897827920654763,-0.9831767725313855,-0.827647208398491,-0.2957421251665178,0.4148747815833798
0.7,17,2931,584,6928,0.9821793782970645,0.9719279942261257,0.7507172754222661,-3.245518383729483,-0.4928495989681379,-1.272761303319079,-0.8334861663267386,-0.24855275673065416,0.6170215942928546
0.7,18,2931,567,7493,0.9836329642954218,0.983048136664191,0.7495694505287017,-4.768015526620673,-2.129667777697672,-0.90817020895162,-0.6849035160462179,-0.15663270794308037,0.4385388926123949
0.7,19,2931,587,7195,0.9913533806952076,0.9956875911145696,0.7476504794032912,-3.46253799268292,-1.0481838716491172,-1.288938718006815,-0.7917617624905177,-0.17108425543227956,0.5895182442846537
0.7,20,2931,598,6622,0.9829421019732901,0.9931762268110433,0.7526254252827637,-3.8034991507810907,-1.6262347149622727,-1.406845933127054,-0.8573062353662226,-0.307508618291521,0.6830990427939941
0.7,21,2931,592,6854,0.9976587741579203,0.9978787965149464,0.7453217498954281,-4.8094420777329265,-1.5749261688101917,-1.1475645095019216,-0.856095423899265,-0.16124061121574104,0.6613560035160577
0.7,22,2931,582,7359,0.9981276587211294,0.9975811165134016,0.7494347686395081,-4.775186956887789,-1.3280520151444162,-0.8623187014873851,-0.7908699723830321,-0.2514717115252623,0.6141144897822592
0.7,23,2931,585,7435,0.9943526985615173,0.9909218055079009,0.7495512124618379,-5.457815278665657,-0.7651219275338592,-1.2340656118938464,-0.8301104805456142,-0.18144604973684117,0.5602592860060598
0.7,24,2931,574,6185,0.9963391891111314,0.9934955547305067,0.754124265723026,-3.70027915171415,-0.7229816731949648,-1.1095891785904077,-0.7434011468164734,-0.2565915411172445,0.5249747958711707
0.7,25,2931,582,7957,0.9991084207946486,0.9983835998950856,0.7499657552829218,-4.562293700886923,-1.1264018701249432,-1.2052079519097503,-0.9457632021559396,-0.272545746779452,0.6034545469554042
0.7,26,2931,614,7241,0.998273583556823,0.9984936673872145,0.7501939175969857,-4.679713190604862,-1.2164494464682805,-1.4149383683302421,-0.7985464226325666,-0.24414032943384395,0.6715798094742185
0.7,27,2931,592,6715,0.9972115676777532,0.9979973260465369,0.7482556559014166,-5.893178022966856,-1.2273799583501463,-1.0486353382953417,-0.8388157003372111,-0.1893817309459927,0.6099098800641531
0.7,28,2931,593,7211,0.9990587412889286,0.9984808660205872,0.7477084234566567,-4.039965396195452,-1.003528863529924,-1.0936086679413526,-0.805067339332499,-0.27789907043310175,0.4535253106357325
0.7,29,2931,596,6653,0.9907318989985282,0.9879614124748969,0.7524682906602089,-5.864294083862587,-0.750867242758528,-1.0069264160422102,-0.8133679720591867,-0.22577342012068388,0.4870901703657635
0.7,30,2931,577,7228,0.9948158717327282,0.9968358714449684,0.7497326165109476,-4.146448535910103,-1.1213554397321526,-1.4502954873662859,-0.84792208118664,-0.26854690129027514,0.6046449099190131
0.7,31,2931,601,7340,0.9917536505372545,0.9788087081894175,0.7518709907165354,-3.8969385932402196,-0.4867794155658679,-0.9665359324083576,-0.8404158809893303,-0.22919999891472684,0.5650508381189217
0.7,32,2931,572,6839,0.999097722754639,0.9978458551968619,0.751908690413615,-5.90401474990849,-1.5755938718529257,-1.3946131827808619,-0.8260536393349882,-0.24148012613146388,0.5311842774557749
0.7,33,2931,591,7637,0.9988668380990352,0.9987480437057423,0.756097415030058,-5.4660958281052485,-1.2272140734877008,-1.1994019133397595,-0.774820688773648,-0.2637413483686118,0.5013828498692521
0.7,34,2931,573,6508,0.9990691237009431,0.9980184354517141,0.7504844792346638,-4.633143062270614,-0.981562287942983,-1.1022973854305587,-0.8734939309222358,-0.26955961686915153,0.5198132850558584
0.7,35,2931,601,7465,0.9786428616866253,0.9807404797636297,0.7450111735198295,-5.360163533625686,-2.5394278056455453,-0.8497230341826562,-0.8593193269823622,-0.248583917121159,0.6709074269128897
0.7,36,2931,599,7251,0.9988167639942449,0.9992901370496582,0.7524204835514025,-4.298598571155262,-1.229356309241007,-1.2244143091371638,-0.7599706180377921,-0.21878739013300258,0.5611298709457415
0.7,37,2931,595,7221,0.9969772562569178,0.9935830931317742,0.7501658871833048,-4.217048119431188,-0.7536616971383315,-1.1219770727122105,-0.7969088744010756,-0.2686544653140234,0.5718094881620622
0.7,38,2931,581,6582,0.995206912025057,0.9901815466685511,0.7503655904139003,-4.80172625471989,-0.7282625547423981,-1.0660750255161064,-0.8401216827370459,-0.35372014729778334,0.5409356705064046
0.7,39,2931,611,7088,0.9866441556411971,0.9896584912377235,0.7473010242102083,-3.5908177851407985,-0.8548265551875015,-1.4897297400045089,-0.8436398488730736,-0.20859991985375517,0.6179334260975872
0.7,40,2931,591,6658,0.9955424649464677,0.9961273402264993,0.7547199595628488,-5.404178074845645,-0.939351127334071,-0.9919445618221958,-0.7586229169821961,-0.20407091799051855,0.49272462744116013
0.7,41,2931,587,6742,0.9975135583091714,0.9974080240665586,0.7481565735115397,-5.6937495598150445,-1.3822276566018432,-0.9481710707617353,-0.8440853112782847,-0.25856491480838284,0.6969397057911516
0.7,42,2931,585,7507,0.9966635175934775,0.9980566423911934,0.7507813441482699,-3.494651721420753,-1.1071688556277137,-0.9874736933533127,-0.7978114051523361,-0.21209996963461195,0.4756795868324488
0.7,43,2931,584,7297,0.9962998055601247,0.9972525321909649,0.7480092847888431,-5.972491023864866,-1.2960778694264767,-0.9372233449523584,-0.863968767705855,-0.24608778015309865,0.6104014580976856
0.7,44,2931,600,7794,0.9908225182608158,0.9919649053411211,0.7431137954298276,-5.050777743171465,-2.019470537622992,-1.0110951812872737,-0.8871286317960895,-0.16941912842113313,0.6717094786102322
0.7,45,2931,585,6943,0.9933647480151746,0.9850699505440853,0.751303422019128,-4.6435118822762735,-0.6019547667174975,-1.1157796093171568,-0.8607134849019465,-0.24700825745840735,0.6122079419347111
0.7,46,2931,578,6598,0.9855345176313243,0.9703959982279222,0.7509070107979767,-3.4924545263583697,-0.3793135919231257,-1.199089200920151,-0.7730388835805578,-0.21357348085959132,0.48609702148787076
0.7,47,2931,562,6616,0.9982043942628769,0.9969196948603447,0.7514679311811465,-4.800041452877856,-1.3928430514047234,-0.9263579981851354,-0.751522887440203,-0.2908270646049573,0.5313864465159793
0.7,48,2931,589,6534,0.9957865790829616,0.9940500317421871,0.7518661379366016,-3.4697454624956183,-0.8586957860189377,-1.0616295246089162,-0.8239604960504202,-0.290686527794822,0.5297485412132135
0.7,49,2931,575,6560,0.9859185257519929,0.9789585260632804,0.7448502187845669,-6.400436157492396,-0.6930396096167809,-0.8611756227353335,-0.8736619091307352,-0.27175693532355394,0.5999649083985049
0.7,50,2931,572,7542,0.9930818893987844,0.9931826055876455,0.7537700676807616,-6.045412229423788,-0.975454702087084,-1.0928814484419649,-0.7450557609971072,-0.2523364566259369,0.3927328750965455
0.7,51,2931,589,6900,0.9961450530024737,0.993280878604456,0.7509242662138983,-4.721127399140914,-0.7448150609960719,-1.1035325197548178,-0.8132570181362102,-0.2509904491278492,0.5156448434596548
0.7,52,2931,590,7315,0.9976425246601831,0.9974553476311142,0.7461175729834054,-4.428344495536128,-1.2282081921790935,-0.7732127840783355,-0.8218676464971906,-0.19397374495635553,0.6170199184739299
0.7,53,2931,589,6575,0.9957769664796227,0.9911319624755729,0.7423246779178528,-4.376308543720582,-0.6945740790577848,-0.9674019741600649,-0.7617739959817725,-0.10399753414400947,0.41839527791217684
0.7,54,2931,583,6975,0.9738348310097263,0.991392618827019,0.7472583128928395,-3.43414623704159,-1.7309515625970868,-1.2487856167199507,-0.8527832838399868,-0.16463074973322755,0.6056541490294429
0.7,55,2931,576,6657,0.972970766593589,0.9198399945963793,0.7469918920747836,-5.2680325714188765,-0.061298141425259405,-1.0476423836321438,-0.7317128388775718,-0.2243176769373717,0.4152536047952324
0.7,56,2931,587,7640,0.993791767333535,0.9879534178331058,0.7511967940779553,-3.9076336459273104,-0.6570570435403892,-1.2036903278536362,-0.8221588056391996,-0.2529867536407993,0.6027709910978215
0.7,57,2931,593,7622,0.990616676402527,0.9964689745730857,0.7508843248481739,-3.654080841559108,-1.3675162546421784,-1.2092151597292462,-0.8447604554238448,-0.21067321440330838,0.6131501577046857
0.7,58,2931,587,6578,0.997771827460618,0.9976456129778853,0.7551377798125753,-4.451379619134097,-1.45969727882627,-1.1008737162512674,-0.7584141150687419,-0.21655039765924586,0.5110805258804659
0.7,59,2931,585,7321,0.9956696403639013,0.9943715047210536,0.7476368791299545,-5.327706335129347,-1.6176642799614145,-0.8459074797539647,-0.775358953279081,-0.17576411662180091,0.6023479204626176
0.7,60,2931,580,6629,0.9928648146688633,0.9950081230723387,0.7402629094554178,-3.6568800644294917,-1.3726159962704265,-0.8901884668809917,-0.8736488269400273,-0.1642003310890276,0.4163921154562039
0.7,61,2931,573,7011,0.9854737427118762,0.9809439844477728,0.743229126674242,-5.5485893038221725,-0.6514815780121602,-0.6990167390206725,-0.7027038019527887,-0.15184825897443907,0.45257304935648046
0.7,62,2931,581,7291,0.9953860823508723,0.9948537682204589,0.7491932400342355,-6.854035698107975,-1.6621917646502067,-1.0268062534165423,-0.8468671272108127,-0.18208305396320465,0.6903972589632107
0.7,63,2931,575,7023,0.9967541865609888,0.9958431841860913,0.7424734987535628,-4.7049602217068145,-0.9341331342945471,-0.8157600828442988,-0.8122042911954724,-0.1292620042059292,0.4708541269165433
0.7,64,2931,592,6583,0.9985175639319331,0.9983103167140596,0.7515326673871581,-4.5913060738865275,-0.9198406159434,-0.9909513067198966,-0.7730653646912393,-0.20957213034740885,0.45846581332503067
0.7,65,2931,577,7167,0.9969244092570949,0.9970999982118566,0.7512069251820092,-5.19791035369214,-0.9773465988417271,-0.9906294017318255,-0.8295991987367439,-0.22157670437628127,0.4590442831424663
0.7,66,2931,583,7519,0.9952572943574398,0.9963922036474282,0.7484215696160618,-3.5195099028176466,-0.9297608508731999,-1.1997148182273007,-0.7616334783069151,-0.14144443060360487,0.5234992236428555
0.7,67,2931,586,7873,0.9870925346303718,0.9871407004205822,0.7466854236185184,-2.813490644318069,-0.7653843801308511,-1.010783892388249,-0.8407552932341127,-0.21632097392675417,0.5605430467315616
0.7,68,2931,568,7332,0.9888662138366645,0.9795444137024584,0.7521878845578299,-6.078584524137715,-0.6112013539298745,-1.2281638867585996,-0.7754719241863282,-0.24715322257800457,0.6601270128017797
0.7,69,2931,584,7101,0.9988146256235352,0.9981323451194467,0.7538158980171246,-5.4210073362150775,-1.5313515820284322,-1.1328520908207225,-0.9012711983728742,-0.3269865124924557,0.5133810262699958
0.7,70,2931,577,7436,0.986190659226188,0.9680888425659958,0.7507788362284818,-4.573719366510814,-0.3650625732301026,-1.2954955945135218,-0.7445910745855903,-0.2714725024770038,0.5469832860002771
0.7,71,2931,581,7147,0.9698793897201634,0.9910313874557551,0.7509980081523946,-3.036801699860468,-1.5255776898418878,-1.2282221762849213,-0.8305712822970768,-0.2718883636090371,0.5407812916615673
0.7,72,2931,576,7140,0.9850841859883189,0.9947549019241289,0.750975296781294,-3.142234994752612,-1.2199674806895393,-1.2315423898561668,-0.7510332216897042,-0.24791406063340438,0.41770309974575004
0.7,73,2931,594,7539,0.9958989745655482,0.9964564686200964,0.7540311258129737,-5.6873595827023005,-1.0210961387469462,-1.0255768465660278,-0.8246833627582951,-0.2789603228337189,0.5299395751568374
0.7,74,2931,581,7616,0.9825792343876206,0.9630166044642543,0.7497630305856762,-6.2342757698156435,-0.41128093366613155,-1.1494909691133381,-0.8303273883298758,-0.2415557797307987,0.4878875780177087
0.7,75,2931,576,7234,0.9960816525217325,0.9974456298793384,0.7449363845256787,-3.7473054014074147,-1.2025899260888469,-1.0778540736141289,-0.8801706667628716,-0.16850175287504993,0.5308631122599037
0.7,76,2931,588,7142,0.9683188687951733,0.988109228990844,0.7408608568285945,-3.033463938401514,-1.6832583063772275,-0.9365624835898025,-0.7508852523150484,-0.11966160599798145,0.48793222764577754
0.7,77,2931,580,7209,0.9952245052652362,0.9935465007496203,0.7498857924490709,-5.222249501525566,-1.839192895039746,-1.2679763322905455,-0.7959526972482305,-0.26297224417180093,0.4197016851013663
0.7,78,2931,565,6627,0.9987301158542754,0.9980113252525243,0.7595622481076292,-5.228703564101633,-1.2022717159503926,-1.108055283307314,-0.7329902200710113,-0.30598243322586105,0.48414185179190905
0.7,79,2931,600,7052,0.9963565725784822,0.9963977836464796,0.7479029321271778,-5.95330606220244,-1.1534407556928574,-1.0701166625629088,-0.7973957293024718,-0.11696203253462306,0.6708743380243858
0.7,80,2931,561,7359,0.988149131054176,0.9707197159907737,0.74684393901954,-4.261280992333556,-0.39674935415424895,-1.138894533795578,-0.8648241354304043,-0.25834737949513825,0.4782929794867592
0.7,81,2931,590,7608,0.9993968394584173,0.9991275851641315,0.7429151852013777,-4.111644021774185,-1.1444122077782894,-0.9557901215123347,-0.8001759823341988,-0.1448095304133218,0.5455327827743881
0.7,82,2931,589,7467,0.9993170980758154,0.9986297075744475,0.7499689039688541,-4.598451695607372,-1.1048908158495756,-0.9765650344476087,-0.8531053303650034,-0.3038264727007787,0.5219360192104392
0.7,83,2931,576,7048,0.9999265982042482,0.9998816400001984,0.7496952273928843,-4.468050912791922,-1.1617086102687377,-1.0570717060261283,-0.7754147108889626,-0.17432858951267075,0.5731096328965659
0.7,84,2931,588,6950,0.9990373751519699,0.9982564741045558,0.7550513040625503,-5.584041309934731,-1.3422212444652613,-1.3372012363073815,-0.7978109742617961,-0.2974552379166486,0.4688923490445427
0.7,85,2931,579,6859,0.9756358191132956,0.9862481181681256,0.7364600841224412,-3.644634475126527,-1.8651216794999987,-0.7918645749014362,-0.7595640518375402,-0.1178060726560775,0.5746696437578016
0.7,86,2931,569,7669,0.9865127812409537,0.9803173921770524,0.7478124237627687,-6.451063614374032,-0.7019941613983184,-0.9413190388751358,-0.8235489580004188,-0.30373131081010135,0.5601465923634712
0.7,87,2931,597,7042,0.9897487645567308,0.9907523320824749,0.7478917511202596,-6.610657553084932,-1.088985625150882,-0.8414614971649395,-0.7902382339202223,-0.24198412701541638,0.5007238967829265
0.7,88,2931,581,6786,0.976002740094877,0.9806546077437734,0.7540812204517207,-4.955582945578216,-2.5245447215688706,-1.1204493302348386,-0.7592004472602646,-0.25957596305749986,0.5228550571658044
0.7,89,2931,573,7649,0.9966196422696493,0.9958840079966833,0.7500362477104212,-5.028795953386736,-0.9262728229988905,-0.9174237759556135,-0.860191785220661,-0.28798360736252954,0.531057313843034
0.7,90,2931,578,7021,0.9976676971501041,0.9940999908149082,0.7447807023961357,-4.52595934760591,-0.9065774778084712,-0.9570653844287246,-0.9614805478212763,-0.19687640492175082,0.607891903114623
0.7,91,2931,577,7042,0.9940367196455683,0.9931507877241925,0.7471000867627684,-5.383777833600414,-0.8356806810310099,-0.9266208969846943,-0.8204899029079624,-0.22319074837302255,0.556626256943048
0.7,92,2931,570,7441,0.9762426822930915,0.989822506622357,0.7510827905101408,-3.9979465671114416,-1.9724053999594446,-1.3562684190573886,-0.8758238854213136,-0.26237587197960627,0.8140380488048345
0.7,93,2931,583,7562,0.9980711933756832,0.9982693269683032,0.7556943224172502,-5.8996012857392826,-1.159840642309023,-1.2736406555689854,-0.8347298220923297,-0.20813560886058258,0.6208561703982542
0.7,94,2931,576,6419,0.998506822322459,0.9993056136508008,0.7524420878308075,-3.8600776619168164,-1.1019219648114242,-1.1256755368378768,-0.7342185352823597,-0.19796053757626972,0.4998359895700542
0.7,95,2931,575,7694,0.9982750177922747,0.9980587421658277,0.7578019750392192,-5.675330792672753,-1.2940353853057653,-1.1246911968815994,-0.7873884014514003,-0.29920386197226556,0.5105402847746193
0.7,96,2931,587,7384,0.9787404410607955,0.9869182608175907,0.7475642573633953,-4.294295377225936,-2.137777280800486,-0.9948761167598562,-0.827510272641611,-0.20707110527868097,0.5866028086216921
0.7,97,2931,570,8220,0.9945646559228917,0.9935344093893179,0.7510485311017352,-6.642454810679609,-1.1117678363292722,-1.4076988500884808,-0.7459626461597396,-0.2171594161809776,0.5162150053666299
0.7,98,2931,577,7651,0.9980188507757922,0.9973717439367835,0.7494698957193147,-4.409427194356273,-0.8290289533502594,-0.9469487673138312,-0.7251702059521051,-0.17677018246746837,0.5460881088044897
0.7,99,2931,588,7338,0.9993613289294863,0.9995207107453722,0.75424362081367,-5.036696703217018,-1.1514141801019566,-1.098908310636571,-0.7611512045271447,-0.20764452612399162,0.5337934325819399
0.7,100,2931,586,6860,0.9949557011533888,0.9942784249027041,0.7464335188966734,-6.394604343690297,-1.0528574226437164,-1.240471577769249,-0.8666864420436704,-0.15427898874523482,0.5599587764817204
0.7,101,2931,594,7482,0.9969418435120994,0.9970090372956426,0.7480847489226434,-6.415683793950058,-1.3587642327734322,-1.1670711912548544,-0.8396828974011629,-0.13901960369372962,0.6203782625105265
0.7,102,2931,595,6661,0.9983117157173532,0.9960478522146987,0.7513033338512446,-5.4691919047268405,-1.570684248072666,-1.2180279356187733,-0.7284955563403809,-0.14359710574782866,0.5179758656242902
0.7,103,2931,578,7391,0.9959588800091628,0.9947257192418755,0.7556471295878467,-5.326758921386038,-0.867803309653255,-1.1048647965125589,-0.7634876695816631,-0.2721422551047819,0.5983084939050631
0.7,104,2931,567,7199,0.9891306504779495,0.9791563520046882,0.7501586817089645,-6.037532731268742,-0.5958522676478256,-1.2846430641444428,-0.8943551280323057,-0.222140551743125,0.5487960706254731
0.7,105,2931,575,7141,0.9932747503105935,0.9911109604786744,0.7430678453883125,-5.964359567902007,-1.9949963771194823,-0.9124866830627548,-0.9197268819097905,-0.3521021500261461,0.5338703361633444
0.7,106,2931,576,7702,0.9954489795400366,0.9944311668320877,0.7451928327791625,-5.392157014080628,-1.518908078166917,-0.7699277441353851,-0.8378609642817296,-0.2815011227755565,0.6315968411825845
0.7,107,2931,590,7387,0.9905631660331579,0.9826119243417691,0.7482901736162632,-5.87457088146353,-0.6498924338750274,-1.3758810404924933,-0.7397718651578664,-0.1984296845804799,0.6727059933147946
0.7,108,2931,572,7352,0.9951326877164353,0.9936519567155203,0.7488193878570019,-5.638415027729325,-1.7737141370413674,-0.9202741149915691,-0.8908077608254631,-0.3175094796379118,0.47558204479159705
0.7,109,2931,586,7455,0.9965113064355297,0.9937614369769976,0.7513103909729637,-5.621776966302842,-1.8737529462828149,-1.2720099163189933,-0.7570487891269764,-0.18670755891798296,0.5961756166635709
0.7,110,2931,588,7598,0.9910480175495446,0.9860037541975968,0.7468353607499411,-5.701829545531431,-0.6882330298421186,-1.095984383618569,-0.7660772320759286,-0.15351105950430963,0.5768643634650218
0.7,111,2931,596,6945,0.996456285544913,0.9974467543148674,0.747915171352704,-3.7888335447931145,-1.2627245770053774,-0.9136924329035536,-0.8398833736239123,-0.25738481673070973,0.47887146478397846
0.7,112,2931,582,7327,0.9797215575571645,0.9920930532268717,0.7509086224197886,-2.9861689141864503,-1.34772229676406,-1.0938836169994013,-0.6899561369135326,-0.2095421626806209,0.6098664772080616
0.7,113,2931,588,7681,0.9968890035268021,0.9969687246961441,0.7484129897911093,-4.815150180779949,-1.6131147748233599,-1.1234752002485915,-0.8730764534014539,-0.2662717991198626,0.7403385320035842
0.7,114,2931,588,7510,0.9929766181658977,0.9865559898584337,0.7495166210253494,-4.66874838642228,-0.584774438060312,-1.0723583554886678,-0.7911263425500612,-0.22819785746170013,0.4744146136679978
0.7,115,2931,595,7281,0.9972312594295077,0.9950613946360002,0.7508617066409896,-3.4909662508366797,-0.8224862030697044,-0.9934877452505603,-0.8171963612984122,-0.21359437254604985,0.507495529770451
0.7,116,2931,590,7426,0.9978887203622254,0.9972258365743852,0.7517106929301125,-5.221882834773964,-1.2949160733988145,-0.9386270566055666,-0.7040519225444115,-0.18036591444359096,0.6579209065716173
0.7,117,2931,587,6898,0.9968235414621199,0.9980067877840587,0.7508290967319889,-4.097484629066986,-1.105636212313308,-1.3294314169886454,-0.826011022987034,-0.2629972943121195,0.5162932047686952
0.7,118,2931,589,7635,0.9942735410665526,0.9898350830364855,0.7571052994505871,-4.6899556901067605,-0.6432626956824724,-1.154628924078026,-0.7404822159492381,-0.2158225171035455,0.5450564284102231
0.7,119,2931,580,6500,0.9960664950643244,0.9978735161800889,0.751820299404602,-3.8553595133495433,-1.3393723298272553,-1.0688965005803053,-0.7619869939219404,-0.1954510159091516,0.49898066240385985
0.7,120,2931,600,6416,0.9953575099895966,0.9936093998224854,0.7516969832829731,-3.9860697945279804,-0.8654104624958369,-1.2904293907480242,-0.876995413468526,-0.30637429018034734,0.45693754375874984
0.7,121,2931,578,6638,0.9976613574789686,0.9978972509574908,0.7483593916214293,-5.371142832862176,-1.1385878111518533,-0.9990686977226628,-0.8596569039611949,-0.19523561784089552,0.4617909224146006
0.7,122,2931,582,7543,0.99755473853144,0.9969221964759981,0.7414567831124697,-4.409780326307094,-1.1084913328550166,-0.7496408907949369,-0.8712148050023127,-0.22678320030512247,0.5639057943029796
0.7,123,2931,578,7239,0.9940993724685834,0.9966707577820733,0.7510425092626071,-4.263719818282664,-1.5086618110221963,-1.3047008508624363,-0.8049094988014553,-0.20570283989263766,0.7222381640119115
0.7,124,2931,579,7227,0.9904840705659568,0.9935872063620603,0.7506601166476621,-3.970594117123294,-1.6333517064873548,-1.091529598723479,-0.7135053884390846,-0.1853561491010214,0.5710972280088363
0.7,125,2931,593,7239,0.9947456028617112,0.9940098988104183,0.7408368777445915,-4.743014804112211,-1.635846980068294,-0.8509571405907257,-0.7858350223266654,-0.13231742205999705,0.5509099495352293
0.7,126,2931,602,6776,0.9951707050366345,0.9892463421298913,0.7483463788664786,-4.596842240814842,-0.6927659560720458,-1.0330819448439048,-0.8576506272783183,-0.29479491769007066,0.608495044180164
0.7,127,2931,578,7254,0.981431139577785,0.9905322515380299,0.7390136110139865,-3.0346426970532963,-1.3058521981190574,-0.7718436665567976,-0.9044207576218529,-0.16820115301035943,0.6502274591618874
0.7,128,2931,574,6485,0.9982981136042962,0.9982565177544959,0.7504994854784033,-3.5183852898305643,-0.9581266698514683,-0.9687653270745706,-0.7482397933615043,-0.20673844437162125,0.5436167388080582
0.7,129,2931,599,7487,0.996959901675812,0.997520580586156,0.7461551834562268,-5.191144256782481,-1.2182519344689668,-0.8316506174882554,-0.774999238396494,-0.16231351983793846,0.5694140435293669
0.7,130,2931,585,6904,0.9853359724745128,0.9933369452356139,0.7481348512250198,-3.706972658647544,-1.6548551419367807,-1.124120294577811,-0.7949404424468958,-0.14293530592318252,0.5690474851782052
0.7,131,2931,584,7056,0.9979172357954099,0.9981049491420343,0.7527955101260915,-4.197769469715982,-1.2987290502704654,-1.1771170139081681,-0.7697241530614126,-0.29051185097488047,0.5762838740215921
0.7,132,2931,578,6617,0.9936265494295929,0.9961560864093542,0.7528590931110081,-4.099783466620884,-1.5585922637447853,-1.1108525141560948,-0.80941104881863,-0.20754259578957088,0.5033733338058336
0.7,133,2931,563,7315,0.9983771704093756,0.9965661493116345,0.7484070903392063,-4.589354529937339,-0.9374996402283767,-1.1564649189681686,-0.7057368922748902,-0.0599666800611863,0.5826992206999408
0.7,134,2931,581,7408,0.9972453229603699,0.9980135464949689,0.7502676769343569,-4.42212264626828,-1.4841598263156328,-1.108229911760029,-0.8457806815611111,-0.18752781206018515,0.5477260871120034
0.7,135,2931,599,6569,0.9910536746182219,0.9893174954554257,0.747884610466816,-5.651375489828684,-0.7819103461404002,-0.8771441504393691,-0.8221942550295136,-0.2620996563225468,0.5010569733441698
0.7,136,2931,586,7324,0.9941319036070987,0.9953072598701904,0.7480737685567304,-6.378219694355745,-1.2603944895825254,-0.9367366952934714,-0.8453139411473078,-0.18096951066907987,0.5513350485499112
0.7,137,2931,585,7340,0.9908243847676711,0.9848119431064042,0.7485208494717838,-5.350019812772184,-0.6200181429551584,-1.0339040703706972,-0.7691737277077441,-0.173793984716311,0.5379292549157328
0.7,138,2931,562,6740,0.9978255506202264,0.9964406972592476,0.7556502729247376,-5.231822936278613,-0.9491686991744509,-1.2769427738913521,-0.8638970594151517,-0.259845840282596,0.6602299361758948
0.7,139,2931,565,7531,0.9984463250334545,0.9990800292903456,0.7522296383797874,-4.554384729900933,-1.3759784098753227,-1.266744602705401,-0.8555402925807523,-0.26801923723482246,0.5634590531707668
0.7,140,2931,591,6390,0.9944989437724003,0.9954413958083623,0.7478026683530707,-6.053124542356268,-1.1060979876048764,-0.9610264733019216,-0.797602039283559,-0.1717595866825945,0.5968090183675624
0.7,141,2931,574,6970,0.9901028704060278,0.9779334431923083,0.7463593622872082,-4.0525188429284285,-0.44204422011108446,-1.1460846353589962,-0.710942143960032,-0.2597688682271654,0.5386727178077214
0.7,142,2931,607,6497,0.9924479526909914,0.9902926763092161,0.7566711099024698,-6.159838090853385,-0.8453284766606333,-1.2135045390221935,-0.7681906286026189,-0.29661964435989774,0.5281496145903127
0.7,143,2931,583,7009,0.9973893649638466,0.9933217011071847,0.7499041379027763,-4.820116139083738,-0.9046205510351155,-1.2058377800558642,-1.0243876320527812,-0.2553007264375776,0.5861941441450057
0.7,144,2931,587,8114,0.9882124662062761,0.9839889347709846,0.7394373988114646,-5.685556672525303,-2.104839870936807,-0.7951358266299073,-0.7665739082227043,0.019184852958459446,0.5926697166220213
0.7,145,2931,616,5982,0.9968114978555334,0.9969901823199426,0.7449104062740453,-5.313541896489427,-1.263741618046795,-0.8695943507432284,-0.7409392007144369,-0.1393131102147842,0.5247505242534903
0.7,146,2931,611,7804,0.9966330695285962,0.9945844575736364,0.7486815311081882,-5.3741717012985,-0.8900606630550902,-1.2578710437876106,-0.8460024102635931,-0.14954978194566979,0.5982734248028
0.7,147,2931,565,6748,0.9934647054208648,0.985561189092357,0.7526432470013268,-4.342874765857815,-0.593696133230445,-1.1426243115188888,-0.8602550269570879,-0.2828992409130298,0.47231327870564804
0.7,148,2931,596,7857,0.999111933183186,0.9990072944310359,0.7526694215690786,-5.498373744378956,-1.1637472593231233,-1.2997926098005788,-0.8246865373892701,-0.20281067423369412,0.6572272895934141
0.7,149,2931,596,7153,0.9951390610042409,0.994522697813246,0.7504100295803042,-3.374828724914936,-0.8129278340990308,-1.1108574687699708,-0.7727649800636981,-0.24497565578681732,0.506426118231327
0.7,150,2931,574,7361,0.9984685669504111,0.9984213348593727,0.7488078721881749,-4.648418107735267,-1.443561302724819,-1.1199406710504194,-0.8533647551699618,-0.2825008560322225,0.49880024828340325
0.7,151,2931,567,6842,0.990548957848188,0.9792320117369332,0.7494845061247859,-4.516204454617966,-0.475790245991253,-1.137347168933102,-0.7307727945718647,-0.15464859328078912,0.5787267736448516
0.7,152,2931,566,7353,0.9915701548762245,0.9956104119720591,0.7510658884209436,-3.458849964041107,-1.3528381851070592,-0.9950308064697849,-0.754920263960319,-0.2603269058733126,0.4092499001018014
0.7,153,2931,589,7174,0.996044362514403,0.9964303482999147,0.7455149901344765,-3.85862444667445,-1.2449109385241375,-1.0441665233527697,-0.907394077230043,-0.24225496168781183,0.3670704613825215
0.7,154,2931,592,6896,0.994562728061123,0.9976028618671408,0.7516951959693668,-3.8875332904439674,-1.2654812569636285,-1.2682492150650306,-0.8484569293999845,-0.2658223249151681,0.5757519835012673
0.7,155,2931,582,6732,0.9938471406782263,0.9909090224513608,0.7528477477936518,-4.71006234815873,-0.7166377740179023,-1.4087267122887943,-0.7345853798629307,-0.21331741334800225,0.45812518324475676
0.7,156,2931,577,7189,0.9991519894754534,0.9992973240858206,0.7493277689540614,-4.490596639560089,-1.3270093141084118,-1.0982224672080412,-0.8050371990678782,-0.1809495264179431,0.6157512678124907
0.7,157,2931,575,7172,0.9915421747985099,0.9910562252524234,0.7487521571687762,-3.9816698666052677,-0.8896398928788835,-1.4674270129198583,-0.8103771209412173,-0.26669719753411614,0.7180942460373222
0.7,158,2931,575,7402,0.9960129672044562,0.9955735114245995,0.7391686554293173,-5.103927287974257,-1.2337637189350006,-0.7779699031497527,-0.7361525394749833,-0.07340322606956635,0.5378472140236503
0.7,159,2931,582,6976,0.9969179337360754,0.9954017742511697,0.7505306245858705,-4.935826308729419,-0.9108491816317817,-0.9378498338494152,-0.9085957663673153,-0.2618051715710056,0.5281001774001113
0.7,160,2931,593,6665,0.998583381622091,0.9985942178845939,0.7476055795877745,-5.012288398101906,-1.2658151761895187,-0.9149656018538023,-0.8697691295097933,-0.2379686459745168,0.6317601074608294
0.7,161,2931,602,7591,0.9902273308835172,0.9862553468924331,0.7488648225057785,-2.907075721398508,-0.6792637885998375,-0.9957636872865454,-0.8379053656901303,-0.18735132618157335,0.47796258711056966
0.7,162,2931,594,7056,0.9948700613961019,0.9875578710698085,0.7432773557264662,-3.7743890297775025,-0.6834846567865869,-0.998451060711377,-0.866455413554523,-0.1723659827096493,0.6619739143752074
0.7,163,2931,580,7428,0.9977748066425132,0.9973836620051899,0.7508082958321652,-4.4585216288236005,-1.4306840401647718,-0.9528762933483337,-0.7521288021989991,-0.18671821837225425,0.5181198445637855
0.7,164,2931,591,6730,0.9980262382022373,0.9974835824393928,0.7501124255120205,-6.005601482360795,-1.1385378993961617,-1.4404782638352804,-0.9193692743122885,-0.20149532543237172,0.5977453715578059
0.7,165,2931,588,6889,0.9762471092844226,0.9265633508535025,0.7484584366918096,-4.6482777252501295,-0.08843649766466148,-1.1731555584345812,-0.8202047746749873,-0.20135366673088206,0.5731655535828849
0.7,166,2931,594,6960,0.9961082300597653,0.9948630092560377,0.7418716010920842,-4.842391666147923,-1.4893259083337427,-0.8191641586272962,-0.7339646185700971,-0.13887983344182692,0.4906069698104327
0.7,167,2931,560,6832,0.9969440496792581,0.995204942939852,0.7526172525858642,-4.648182989651857,-0.7831544309177765,-1.1433378489890362,-0.7553627942856145,-0.17749616778620766,0.5147315688441655
0.7,168,2931,588,6599,0.9892419531822192,0.9816966292436484,0.7481567345117256,-5.643646998711086,-0.6138659011449976,-1.1031855748133765,-0.7215811518807334,-0.12234006964806142,0.5136034518114931
0.7,169,2931,585,7199,0.9878096569945383,0.984919941231722,0.7465052726014794,-6.409056249136634,-0.8052938934614139,-0.8965250271550291,-0.8827426032884691,-0.3221542156156239,0.46489493173748064
0.7,170,2931,611,7173,0.9966012695839948,0.9974367970606125,0.7520707630041993,-3.8088610305602657,-1.0967667377825066,-1.1879320978681314,-0.772282485323664,-0.2607069743774873,0.6187631262593387
0.7,171,2931,593,7293,0.9983161026519494,0.9964205193797526,0.7512418554168343,-6.440383573337039,-1.8184268889744308,-1.3681033985764688,-0.8772367061401374,-0.17448280584177253,0.5969718331657959
0.7,172,2931,583,7235,0.9917005685299786,0.9962420772812938,0.7518609807059755,-3.620294826299385,-1.1570659737655313,-1.3202770646751085,-0.7947343259429075,-0.2378709249241525,0.6086108812024721
0.7,173,2931,586,7419,0.9759569053566252,0.9914509993954372,0.7460809136205735,-3.1995864176359006,-1.5216688721147904,-1.081375870580384,-0.8963537544671979,-0.26173182515063725,0.6683425780177169
0.7,174,2931,588,7386,0.9946728906131794,0.9952494050628454,0.7441820879877624,-5.339391084598213,-1.012486237445248,-0.8128993149190157,-0.8003685921171271,-0.14428860224690743,0.4883847482836314
0.7,175,2931,579,7832,0.9991422723415078,0.9988770132566525,0.7553234007585496,-5.026339230192514,-1.1121166875775637,-1.191895044889915,-0.7522028067602619,-0.27588002376011594,0.4826753366381307
0.7,176,2931,559,7561,0.998258493862269,0.9989232115682644,0.7493561702482262,-4.213413007046251,-1.1477889881343422,-1.2768956568505956,-0.7690905883506981,-0.24344387447031685,0.5501801785879393
0.7,177,2931,582,6665,0.9984123837440955,0.998701900160909,0.7507166644821692,-5.128564052416664,-1.090477822506956,-1.0487744183216279,-0.807466867610284,-0.2215834784561918,0.45228822960707243
0.7,178,2931,568,6665,0.9971845822870858,0.9958583276090416,0.7511387305779298,-3.615753117599639,-0.8053896004455258,-1.0860373822918565,-0.7495334321573696,-0.1799022569334488,0.5610354395542907
0.7,179,2931,573,7141,0.9968869216296203,0.9939377228992146,0.7564709602791276,-5.948423064193588,-1.7742430641789722,-1.099587238553678,-0.7626339033681585,-0.27444337523028256,0.6182334340917148
0.7,180,2931,559,7684,0.9771210063061221,0.9784365388298573,0.7449570295269315,-5.209598275686152,-2.5095254195145706,-0.8583930529385129,-0.7665297695336124,-0.18686134827172377,0.5065090557920173
0.7,181,2931,584,6655,0.9978158656574895,0.9979816061828081,0.7487950814113546,-4.08798077318703,-1.3272560970060445,-0.9366162222576097,-0.7278283024760814,-0.16492513159827138,0.546530136758296
0.7,182,2931,579,7060,0.9981615716735879,0.9977206784497136,0.7499383533068086,-4.76535071666641,-0.9267306543669552,-0.9804488702327508,-0.8115284310661068,-0.19649184919614315,0.5509802386425476
0.7,183,2931,583,7016,0.9900972098679018,0.9874937211891167,0.7453622154080533,-5.999025070909125,-2.0655406927851603,-0.7648736973274256,-0.8601045767359897,-0.1958417518983863,0.5255337210036395
0.7,184,2931,564,7322,0.9803716945865408,0.9909724780200881,0.7497348271771833,-3.309694368286938,-1.5739037697185294,-0.9905668773834775,-0.7411820266614799,-0.23380784311880148,0.6295115141666753
0.7,185,2931,572,6776,0.9250536125857349,0.983641362724716,0.7450705723161805,-2.4626082436988073,-1.73687186014241,-1.2114866123527017,-0.9335442770045298,-0.2227971085719395,0.5316334767597579
0.7,186,2931,601,7385,0.9966094064061879,0.9975818961634507,0.7492868486671397,-5.5692753702092945,-1.1981911665503542,-0.916124523907127,-0.7907939447020415,-0.2115436349679749,0.5429765143229296
0.7,187,2931,592,6785,0.994022111900598,0.9953934835418093,0.7474502057900708,-6.571179991593798,-1.3141208993233633,-0.9370056304770713,-0.876769341451131,-0.25460034366141376,0.5709621597498803
0.7,188,2931,584,7183,0.9958892628434549,0.9968055903209704,0.7494117689997193,-5.781818290682599,-1.2311491429136714,-0.9021643320609644,-0.7940588365945587,-0.1755999442494006,0.600311135490817
0.7,189,2931,585,6685,0.9964073643481849,0.9943088719618665,0.7470173460607645,-5.328050226732454,-0.890803968206277,-1.1707780883193257,-0.8008184823566138,-0.12420584454342787,0.6975490646147202
0.7,190,2931,569,7080,0.997987486176736,0.9982118236492378,0.7501043705886495,-5.693981634910156,-1.3798347029048978,-1.0325415896288084,-0.8819679335103268,-0.264054172639488,0.49023550436506647
0.7,191,2931,587,6765,0.9960936930125663,0.9964917397332845,0.7536196730995023,-6.217978330441762,-1.1598543717417595,-1.1368540143455417,-0.789114364667094,-0.2400733978656636,0.648691573819692
0.7,192,2931,569,6428,0.9943220319464776,0.9931418870600546,0.7460045859885809,-5.314222167102452,-0.9483971576981367,-0.7932760946290051,-0.9214759425196288,-0.1924632985010077,0.6097145801578941
0.7,193,2931,584,6419,0.996003143191388,0.9954494748073405,0.7491875834963563,-5.881719525965668,-1.027103526993977,-1.2444296100601104,-0.7823416141324505,-0.1550774114971986,0.49328897847820613
0.7,194,2931,582,6216,0.9970778110479606,0.9970286639107288,0.7482462937182595,-3.4678895143624016,-0.9380728732363484,-1.032094844478868,-0.7916867634791969,-0.24936000985570433,0.49690124126301194
0.7,195,2931,593,7507,0.9990383562396158,0.9989530789169897,0.7479454270778128,-4.412633396812583,-1.2110352582880717,-0.8876610056603452,-0.8240702442773142,-0.20908249371285592,0.5246294470871015
0.7,196,2931,588,7345,0.9983860814960479,0.9979787228345347,0.753407933047709,-5.721368172650572,-1.5011147891436392,-1.069748749249443,-0.8582759749892274,-0.28561868173912985,0.5599718590162732
0.7,197,2931,575,7256,0.9957214315631663,0.997510382685042,0.7510955838036868,-4.706566726393207,-1.3703515499661771,-1.565898098429648,-0.8820063621404932,-0.24315766026446817,0.7647627740375988
0.7,198,2931,602,7444,0.995494511331525,0.9963415880272974,0.7522257407240549,-6.371347090071601,-1.3463237429089843,-1.0149114429095432,-0.825763926422068,-0.21169733004718666,0.5451241495343351
0.7,199,2931,596,6836,0.9873863931510217,0.9843878788728583,0.7480222244963226,-6.2931562442553215,-0.7774445794338115,-0.9724365714396022,-0.7356607830950472,-0.20001211406844932,0.37925013257697104
0.8,0,3350,694,9958,0.9814812407681703,0.9935320289145086,0.7506274470147993,-3.2940656771809125,-1.3311167543670073,-1.3725007359866497,-0.7530340127068866,-0.2635626855449162,0.53016836670709
0.8,1,3350,709,9235,0.9976630447814284,0.9976296601509946,0.7487889687777886,-4.670936858526008,-1.4903427290125413,-0.9817067492460476,-0.8240625305740519,-0.16819016748875265,0.6413027521543567
0.8,2,3350,692,8995,0.9991866772899992,0.99858718468586,0.7549287318990472,-5.27468079959183,-1.5021694694951988,-1.1279757465416302,-0.8495935331484582,-0.2772484277613875,0.616396646801893
0.8,3,3350,706,9352,0.999695077582854,0.9997021341183742,0.7522429404804153,-4.65064168760862,-1.273000193305422,-1.108048228821859,-0.8587777549549788,-0.2349037456737279,0.6121214475972957
0.8,4,3350,692,9699,0.997392711821823,0.9981763872548166,0.7521661557742056,-5.142658478756631,-1.0348424681681534,-0.9430077872143623,-0.7686594804232427,-0.21567939760433022,0.5263573901220966
0.8,5,3350,708,9599,0.9990432980678107,0.9991681294189287,0.7557211826266195,-5.3041530054105035,-1.11670559714221,-1.2107312040517266,-0.8141759002496923,-0.2164645427498609,0.5615643707472029
0.8,6,3350,698,8769,0.9900917784527814,0.9934865764119813,0.7424026073539041,-4.182503895182952,-1.7053232996971375,-0.8965129741510214,-0.8699949433506405,-0.16292600912126237,0.6069045423670081
0.8,7,3350,694,10089,0.9993265714109528,0.9990104782609176,0.745795854253105,-5.135231762628231,-1.1689902688002858,-1.1273832712385314,-0.7980958805772514,-0.12641342898578603,0.6054644814392153
0.8,8,3350,720,9505,0.9985309787258199,0.9985133703488245,0.7528472310656993,-6.019815244791439,-1.3897892863270491,-1.189600703732382,-0.8195668177207961,-0.21549049411346022,0.6464020088697358
0.8,9,3350,708,8956,0.9994329340777895,0.9993551118651681,0.746777617143709,-4.54781422168755,-1.2664630928643918,-1.0476680845128763,-0.869824832334937,-0.17914193098355302,0.614413264433568
0.8,10,3350,695,9496,0.9934435148382456,0.9920791526010854,0.7524463601132687,-6.0868315196518505,-0.8876108611611772,-1.122505362885693,-0.8162472334278295,-0.20948525362591805,0.6447833622452305
0.8,11,3350,678,9195,0.9947534602374954,0.9913807942708431,0.754152535342251,-5.472563664186212,-0.7807759856208913,-1.2568822605652918,-0.8814361899579034,-0.25749687455404396,0.5620002237021667
0.8,12,3350,660,9549,0.9992318084408648,0.9993078311331379,0.75225604354081,-4.133679957615618,-1.1272733670438315,-1.0939627972638422,-0.8203400713849904,-0.24440793647828743,0.5539671576993053
0.8,13,3350,705,9303,0.9956824290117354,0.9967253586253635,0.7493974529779042,-4.551682006497163,-1.6075109976968471,-1.0096188515401652,-0.9011330569892356,-0.23181690905433136,0.5765061339190972
0.8,14,3350,705,8813,0.999193841625559,0.9985626735280674,0.7536349845286884,-5.64337285815327,-1.555526456103532,-1.2456143203273031,-0.8873579683460796,-0.2500390498388389,0.5193244765183436
0.8,15,3350,696,9869,0.9952013285928192,0.9962794483325992,0.7542381062435677,-5.972880281072051,-1.0929304198049665,-1.0140480858018335,-0.8065790069063288,-0.22294951648298067,0.5330639248757081
0.8,16,3350,694,9274,0.9900447205609685,0.9803235092174984,0.751543268576055,-4.352254605089696,-0.509584451993697,-1.3299710826276956,-0.7608448206727327,-0.2914440462666309,0.5179195134669593
0.8,17,3350,704,9511,0.9985993362883536,0.9984543971548184,0.7491033242207578,-4.8040365527952105,-1.4913843155583915,-1.2017616883945488,-0.8072604934498764,-0.16760376690469547,0.6188616879364447
0.8,18,3350,679,10238,0.9916782484106339,0.9959946453902739,0.7513407587918914,-4.12531956296436,-1.5638931513540084,-1.307461610077327,-0.829122370799902,-0.2396823408459933,0.6865048493287074
0.8,19,3350,686,9658,0.9993901610472239,0.9987714142431968,0.7512654344835619,-4.228167537553608,-1.0971822929603468,-1.0248538196744064,-0.8594004810872301,-0.27809972195239263,0.5259316231401148
0.8,20,3350,700,8789,0.9971461178713645,0.9964614834586908,0.7513287531189417,-5.059535724491432,-0.9112010106560368,-1.0084170281810978,-0.8527139224727194,-0.23887612376596257,0.5425004615066428
0.8,21,3350,680,9292,0.999246545909245,0.9987464574309624,0.752323385114807,-4.623335644710859,-1.3478515958212665,-1.127086071479491,-0.8070079177988192,-0.29980119152347656,0.559486392310594
0.8,22,3350,696,8718,0.9973068699328257,0.9976531137377729,0.7533417098073595,-6.097120360385571,-1.1585176438751952,-1.2420647169187415,-0.8259827334947771,-0.222539655243463,0.631188019890621
0.8,23,3350,683,9102,0.9946462550584659,0.9911119024672639,0.7565018608100772,-5.552435727869098,-0.8005362444572284,-1.417915863167966,-0.823151283165713,-0.29625614288632185,0.6193224265177598
0.8,24,3350,691,9557,0.9940190821007002,0.9920595140517459,0.7467120562889626,-5.277766015500795,-1.7474592603859112,-0.8338341341675654,-0.7593153722551935,-0.1637916211766292,0.5791235471062091
0.8,25,3350,696,9379,0.9964748431314719,0.9970505230485809,0.7530895000137124,-4.138786007644167,-1.4404850530111857,-1.069358510797043,-0.726018572696065,-0.19176071604555261,0.5224502943339907
0.8,26,3350,681,9572,0.9931670919089244,0.9965999067364595,0.7517119823972707,-3.9466066884579414,-1.2916900877475122,-1.35800215883901,-0.8577754667381272,-0.3224194382229577,0.5722068823617547
0.8,27,3350,694,8942,0.9993486771871138,0.9990892580647052,0.7522364677462227,-4.305933201027968,-1.0620517722332494,-1.1586694380998406,-0.8342900606173712,-0.22805435631454618,0.5821327925937756
0.8,28,3350,708,9371,0.9933845195887204,0.9937885141627146,0.7493362846914826,-5.944910980312855,-0.9553748047272936,-0.9936233101601395,-0.8300543875504811,-0.2691423553991274,0.4693782119514132
0.8,29,3350,691,9951,0.9996679450183623,0.9993591919084216,0.7541405591079371,-4.711327029098318,-1.1581042125501397,-1.0417938461506313,-0.8842600536177352,-0.2566036224848016,0.5495634982641677
0.8,30,3350,665,9666,0.9988592343685124,0.9981939758918124,0.7504653073682195,-6.041687273503631,-1.5663950871320216,-1.2296274947676957,-0.8609486270736328,-0.18080259568430893,0.6134493010235907
0.8,31,3350,697,9464,0.9927557926067255,0.9939555049365058,0.7535424818737747,-3.7984297148266446,-0.8886896437746448,-1.401289735667331,-0.7952294236481956,-0.27587922293796946,0.4902464152799209
0.8,32,3350,713,9743,0.9968374512101376,0.998463719441409,0.7539846787822844,-4.029417146696134,-1.3241645361618006,-1.1581625601411165,-0.7917937462765617,-0.2232045329700127,0.5636083636824727
0.8,33,3350,706,8420,0.9964850277426082,0.9946654945861111,0.7476477090593454,-5.458904332058863,-0.9008817740828022,-1.168308772216261,-0.9060635598095906,-0.19886764721935016,0.582615969535701
0.8,34,3350,712,9191,0.9990691759050152,0.9990257789544373,0.7446007362365715,-4.331623158408498,-1.2658351804681323,-1.0778046175268674,-0.8117050501617308,-0.12847516357092922,0.5996564041637286
0.8,35,3350,714,9537,0.9997619318082516,0.9996856511163714,0.7531719741166222,-5.037753858808987,-1.2670930639915083,-1.301455165328872,-0.8627551902405691,-0.2272879648858592,0.6862149517109459
0.8,36,3350,702,9308,0.9980885983942869,0.9968183545769749,0.7475430223238019,-4.798320346863553,-1.4939111551860103,-1.122931857531951,-0.7315034648329112,-0.09086212436980028,0.6312814889680604
0.8,37,3350,701,9472,0.9944496759961658,0.9918147065520528,0.7504891443572769,-4.250508366107053,-0.8189949723674677,-1.3953454179020333,-0.8854561206545968,-0.30477710185104817,0.5658927503383335
0.8,38,3350,684,9647,0.999060443585332,0.9986238411533188,0.7456235288681422,-4.126362333506499,-1.1233030234577965,-0.9467781623515934,-0.8371569726589779,-0.15698642254651368,0.6117334313902543
0.8,39,3350,694,9628,0.995521693722161,0.9959314070903482,0.7500764225095194,-5.561920576247273,-0.9751318648937458,-0.968213011419447,-0.8347805918682677,-0.20882643182397256,0.5551564073189268
0.8,40,3350,707,8739,0.999958964058436,0.9999017739027876,0.7547301838817185,-5.062479621728252,-1.2713623814566466,-1.2136127877979568,-0.8203510968758438,-0.2216270507403165,0.5916802078118455
0.8,41,3350,710,9360,0.996293147709796,0.9965811668527357,0.7545259706691678,-5.427331653636834,-0.9643801775051952,-1.099866259772782,-0.7357791949887729,-0.19766566661017668,0.4795864430550385
0.8,42,3350,692,9208,0.9974078183338112,0.9963047402848213,0.7540882645618794,-5.526157233906101,-1.4356308903236863,-1.0104567657035723,-0.7283982255029708,-0.19008617762195762,0.4649354825671073
0.8,43,3350,703,9347,0.9994599512941202,0.9994117838735816,0.7496972815108133,-5.150759055131954,-1.1540678697720563,-1.1415815235361688,-0.8539145398981718,-0.18987671743285717,0.5558325731877946
0.8,44,3350,683,9514,0.9928261673651707,0.9870877398014359,0.7544325152864448,-5.168261092649576,-0.6401799905084672,-1.1844010288906286,-0.8049032582699737,-0.24308119542228987,0.5547054759958323
0.8,45,3350,703,9059,0.9975545760850333,0.9981104214058409,0.7463702297063137,-5.6411651477857605,-1.19078105317648,-1.0265786813488944,-0.8136534778357946,-0.16156989058996626,0.6120404771337948
0.8,46,3350,705,9316,0.9970672091907732,0.9979529806503487,0.7505345554288934,-5.98807205000269,-1.2316894824530165,-1.044697489080439,-0.9021110619867163,-0.22321054582113012,0.5916163948370383
0.8,47,3350,708,9150,0.9953778717551016,0.9934617798130091,0.7542206409297757,-5.775723676279117,-0.8781840030693834,-1.356049157323662,-0.8683064689168866,-0.2691838270353079,0.552375341110086
0.8,48,3350,696,9056,0.9866033996086983,0.9913417511162244,0.7509391737402022,-4.381902332623626,-1.9425196203764916,-1.0367338923736027,-0.8690873369092209,-0.26395961583519784,0.5512721049188591
0.8,49,3350,693,10244,0.999471197385887,0.9986316329128052,0.7507972711770327,-4.31306224414816,-0.9969143116175943,-0.9946824082885827,-0.8298160579405455,-0.21222240794022074,0.45137618581887007
0.8,50,3350,705,9463,0.9962381456709357,0.9967837177775191,0.7542600894306382,-6.185621632634673,-1.3296062614245967,-1.0399397972895392,-0.7886178842602534,-0.21017937535840736,0.5623226589916968
0.8,51,3350,714,9236,0.9989528177351777,0.9992509384227815,0.7498014751330655,-4.68072610283105,-1.0904065926132662,-0.9325186778336545,-0.7218907760166065,-0.1741986449415128,0.4826949145737659
0.8,52,3350,706,9397,0.9933033347393546,0.9906301413508741,0.7487720961348436,-5.243783702054643,-0.7422290794980219,-0.9486423068364456,-0.8246124712992399,-0.20533928311668584,0.5329922827541275
0.8,53,3350,692,10136,0.9781854594062532,0.9414153089322088,0.7458666311207092,-3.911632908458944,-0.17887420765860856,-1.2258627915514395,-0.8298376138775813,-0.28218147921557346,0.5476211988928311
0.8,54,3350,681,8932,0.9961032400356248,0.9934095484911726,0.7524684497786993,-3.8747472183839684,-0.7725142494458614,-1.1800323614953765,-0.8108413809075233,-0.19835197852516023,0.589508607939484
0.8,55,3350,696,9060,0.9727146661668143,0.9918768351299124,0.7496204960272355,-2.950141217649157,-1.3896014363356965,-1.2336148511121312,-0.7774925977542172,-0.19986539890705626,0.5858296337178678
0.8,56,3350,697,9034,0.9731204245012456,0.9910104493806786,0.7472253335542846,-3.359724681125832,-1.3204591586971266,-1.5999742639206576,-0.896674575553923,-0.22844705541562274,0.6762651094532911
0.8,57,3350,712,9100,0.9924265800078006,0.9849522094906217,0.749886279969313,-3.6219787759355633,-0.6394717455034555,-1.156147886859453,-0.8980001941640784,-0.2122639015387307,0.5182762927752397
0.8,58,3350,694,9015,0.9892705049340631,0.994579838690676,0.7478578166431229,-3.6259866578640674,-1.5039543426217579,-0.9265107250365405,-0.8055529385654908,-0.17583775920995368,0.5957722054435065
0.8,59,3350,695,10435,0.9948718272254725,0.9952405039082587,0.7426231966900498,-5.310827899741367,-0.9865856623790217,-0.8148216831480597,-0.8083790930035206,-0.1503796066466235,0.5806092140294956
0.8,60,3350,680,9081,0.9957517899382596,0.9934480611437135,0.7490242174035213,-3.8421624679546893,-0.872588290911377,-1.1812456793009953,-0.8947494341188035,-0.26315041045295234,0.6098432990720916
0.8,61,3350,694,9011,0.9991884280011161,0.9987567995240125,0.7522182623467814,-4.9104374563940745,-1.3582448184775837,-1.018662614161094,-0.7658388263536964,-0.2118586474032252,0.5713560295684098
0.8,62,3350,699,9581,0.9991711601838553,0.999009955442537,0.7533589901666847,-4.650661886585135,-1.33707236777467,-1.0253895539352056,-0.8500031955102093,-0.23251467882863658,0.490003554161316
0.8,63,3350,704,9248,0.9956473803825452,0.9912588178653516,0.7483573034231893,-3.6468055655736675,-0.7785432051501097,-1.049522857717707,-0.8903174905108215,-0.2482811673234306,0.5670777630232058
0.8,64,3350,690,9047,0.9982104937286604,0.9982602922481704,0.7518390846468053,-5.325778914224084,-1.0364850306169748,-1.1280426903722993,-0.8469624767087005,-0.2158638129349753,0.5617394379798429
0.8,65,3350,709,9692,0.9974266129624864,0.9979239367650953,0.7435520628994774,-4.522271913548807,-1.4819567431021192,-1.129689422085774,-0.8527123893652898,-0.12522272917522528,0.6527769039397949
0.8,66,3350,675,9815,0.9964164761898964,0.9959341379090565,0.7561897792609884,-5.94785365209733,-1.0267293650488896,-1.276965437450168,-0.801877426876844,-0.30254735778187025,0.5767269203627823
0.8,67,3350,694,9006,0.9992570881132287,0.9990250305296262,0.7440663078412298,-4.726945620251938,-1.1298215391828412,-0.967493058674375,-0.7730441228824917,-0.12523415675459484,0.54468389179512
0.8,68,3350,680,9285,0.9946129291915532,0.9899121075241529,0.7521919786237434,-4.1311312407898955,-0.6742713407534017,-1.2456542811461557,-0.8237562096333279,-0.21455884148509208,0.5229809025767285
0.8,69,3350,707,9075,0.9955966867088096,0.9960487190011447,0.7463049046704353,-6.623354975461531,-1.2954267684352863,-1.1314212084344881,-0.8416690621400876,-0.14937007564415103,0.630305130891568
0.8,70,3350,696,9452,0.9988655761561852,0.9980068280008572,0.7484577962323851,-4.456140058936098,-0.9080738442073611,-0.9962914028822418,-0.7842988151474651,-0.15699112260302706,0.5119750404113196
0.8,71,3350,673,9024,0.9920431832526876,0.9943601140485497,0.7484442416969322,-4.620154118558313,-1.8238703141952735,-1.3165685821704822,-0.8116532474998748,-0.16788984369921475,0.6055983551305832
0.8,72,3350,698,10075,0.9967173940094778,0.9973501468620536,0.7541528001311918,-5.835944206905484,-1.097743743938414,-1.1315434641581898,-0.8089236058935423,-0.21653514644908914,0.5213789377380234
0.8,73,3350,717,9067,0.9913063906422576,0.9899454421821446,0.7510352290173835,-6.121017334159433,-0.8401845907384385,-1.0369876670754887,-0.8316523769161156,-0.2690167555569871,0.47436271209447445
0.8,74,3350,694,8821,0.99914354886295,0.9981272475584944,0.7526839878160209,-5.210495563626062,-1.4780401886379788,-1.3318221752836645,-0.7727996936402018,-0.24544812443803624,0.532192657509705
0.8,75,3350,687,8504,0.9966863350834282,0.9964642808149479,0.7528552651475701,-3.6822417345721656,-0.9037269741368747,-1.1668799658126379,-0.8111885946160532,-0.22042230001144308,0.5009480083585677
0.8,76,3350,707,8959,0.9997769034350305,0.999664027884374,0.7526404485702709,-4.882822963542607,-1.329157609915142,-1.1239385554525794,-0.8447179377050674,-0.2500633918188051,0.6016068175564022
0.8,77,3350,703,8792,0.9966687376175385,0.9972552136378312,0.7532933116330941,-6.403799009402482,-1.328661262156587,-1.144263119888646,-0.8230278974898788,-0.24463073168898586,0.5879829517187486
0.8,78,3350,709,9648,0.9988555627411532,0.9991180016318333,0.7532309406241002,-6.081840094975036,-1.3518101145542427,-1.2188661520518513,-0.9171482918980097,-0.276946287822325,0.6945769803810622
0.8,79,3350,705,9177,0.9997001197725731,0.9993957323030068,0.7523595864195676,-5.113256667107378,-1.3385762339849065,-1.1504329832046045,-0.7933506821614896,-0.1857061788150248,0.6508384215987466
0.8,80,3350,697,9028,0.9984655616713252,0.9984742165162681,0.7520954694785936,-5.624101623152188,-1.375331010475403,-1.0616280677932561,-0.8151326085225115,-0.24935375291114015,0.5572750456140388
0.8,81,3350,698,8561,0.9985408348312552,0.9974988456953239,0.7459551432685428,-5.15596895295104,-1.5742855345903692,-1.198595952118038,-0.7931688888540922,-0.13259289806552144,0.6309642859841215
0.8,82,3350,687,8878,0.9987631715578741,0.9984400628088433,0.7465588923022083,-4.536421880602475,-1.1702425035921262,-1.2929154797962974,-0.8370469845203007,-0.11458089047649472,0.6569055467918027
0.8,83,3350,707,9971,0.9961368636952027,0.9962235886708192,0.7570910593178013,-5.916596858660299,-1.010892651675599,-1.1970725708223668,-0.8232282933911754,-0.23195978924630128,0.5733547971224947
0.8,84,3350,662,9027,0.9993831906014198,0.999045358649925,0.7461817489941981,-4.818893964614707,-1.2656971140759476,-1.0556352820503545,-0.8057095254908154,-0.14137523089662588,0.6989870595615354
0.8,85,3350,688,9516,0.996080017050171,0.9932968502318829,0.7519182818176143,-4.268102002003359,-0.7319682610163688,-1.2324228418857248,-0.7676314964395159,-0.215041105246145,0.5534762149787675
0.8,86,3350,691,9431,0.9954740006151709,0.9967450978801822,0.756271149906948,-4.40064756769827,-1.558620763200385,-1.238759793964639,-0.8153307274385386,-0.2961222388543112,0.5493361299655619
0.8,87,3350,666,9214,0.9989652275234484,0.9985152513833107,0.7515278988247056,-5.662719093511289,-1.5554064413649609,-1.1570220542547218,-0.8893838618192829,-0.2530652688393875,0.5574510266616487
0.8,88,3350,706,10114,0.9988022365640535,0.9988724161169207,0.747275924998565,-4.769933897683994,-1.1955485226372413,-0.8939884352748544,-0.8146897684923429,-0.1665226956286699,0.5624143619512996
0.8,89,3350,697,9605,0.9938968586442642,0.9910641880150448,0.7450864075401438,-6.220560978347378,-1.944348117581292,-0.9606830563172314,-0.8238424735080098,-0.163955888820725,0.5132209514576302
0.8,90,3350,710,9010,0.9978569491796055,0.996185651641642,0.7535552060505282,-4.0979552948655,-0.8658276761185337,-1.1773281216744942,-0.8309098255231442,-0.19967254294307793,0.5524365483475244
0.8,91,3350,691,9028,0.9923750541774792,0.9944594179886586,0.7547321481160474,-4.374461352176318,-1.7274259465952433,-1.1298094145780384,-0.8124483272021412,-0.2712054038388121,0.5459990164613442
0.8,92,3350,670,9288,0.9964511622810304,0.9967314284192454,0.7539558468977077,-6.589813643611392,-1.3591676569773874,-1.1954556084970938,-0.8069615256602826,-0.22181510316819758,0.5919439054849016
0.8,93,3350,699,9133,0.9970077258036731,0.9961950198669333,0.7533879857562394,-6.403650298119132,-1.6163682909722703,-1.1036599178825968,-0.8209996765839166,-0.21909284220782532,0.5931358227734778
0.8,94,3350,697,9771,0.9992390643891169,0.9994407004056398,0.7495716201233064,-4.507835271216099,-1.2974786060459258,-1.1474765069833857,-0.8159728454370722,-0.18465375145570795,0.6432968148048128
0.8,95,3350,695,9199,0.9960969421300582,0.99784328426445,0.7507184876116171,-3.6152704103015245,-1.0501328884176493,-1.1639761170946075,-0.7551438599446716,-0.19974382896997683,0.5803204383021225
0.8,96,3350,698,9538,0.9979445514473164,0.9974710887476227,0.7527167636352794,-5.155842323760646,-1.657175699292839,-1.2374020891788025,-0.8690883239774483,-0.24646132319000175,0.5177107940045502
0.8,97,3350,685,10188,0.9966812498872671,0.995177917578221,0.7493952935316075,-5.366391002805999,-0.9586798083707132,-1.5375240119833342,-0.8725002551300665,-0.2089999877185355,0.6430151547650276
0.8,98,3350,689,9066,0.9945953812109817,0.9955289982949348,0.7546409537705575,-4.657173422946455,-1.7290667516421598,-1.1633864627847506,-0.8117223655914323,-0.20696222889885596,0.6520403473746378
0.8,99,3350,704,8848,0.9998834552941429,0.9998786971441419,0.7535172186864367,-4.791282481615834,-1.1826374407619409,-1.224789181224212,-0.8268308599540097,-0.22354834843612947,0.5856820260672836
0.8,100,3350,693,9361,0.9971472059530666,0.9958718067758582,0.7491157535540147,-4.865816585676673,-0.8401515153375255,-1.1244208974627938,-0.763682775022268,-0.15442457613436442,0.5289142082723624
0.8,101,3350,705,9567,0.999812255010072,0.9995980018736834,0.7498333077648559,-4.312555771110077,-1.110260274776003,-0.9946692137939294,-0.8058483639343769,-0.20887788161384016,0.4805164287457366
0.8,102,3350,697,9181,0.9987353384272881,0.9979273344306374,0.748133583446261,-4.8037889834869105,-1.0344170852470138,-0.9755397404642048,-0.8972744254140854,-0.20629428958650642,0.528504812119693
0.8,103,3350,714,9328,0.9999784303027078,0.9999493404029632,0.7552940688992902,-4.593242631742733,-1.1650346384944783,-1.1242893431270398,-0.7702598979268092,-0.217471028476104,0.5364124858843209
0.8,104,3350,698,9797,0.9942896136043525,0.995278875802005,0.7510960696363047,-6.676774575679056,-1.1861479156074493,-1.093563048530996,-0.8471868914430983,-0.24432650897309913,0.6057623898343373
0.8,105,3350,690,9451,0.9964446022292457,0.9944144088518123,0.7517719119975521,-3.994161212234033,-0.8340825726662388,-1.2256163941657412,-0.8288927522967916,-0.17678179181570047,0.6109726260804863
0.8,106,3350,698,9820,0.9990067776114563,0.9990775999341429,0.7564684336747247,-5.332968148161153,-1.127550592592019,-1.2453256913794972,-0.7965084264926607,-0.22833706474629203,0.5493030738155881
0.8,107,3350,700,8720,0.9989261361942889,0.9983156830409335,0.7543045465193284,-4.03053277977406,-0.9322263929170468,-1.1171667351438983,-0.7844749351492143,-0.2320866076315305,0.5244246643946672
0.8,108,3350,688,9673,0.9980485861495189,0.9978399452892764,0.7467528203641294,-4.73791865043991,-1.3684166716766206,-0.8801566979953941,-0.8337001302899163,-0.21098452374904822,0.49245698583797887
0.8,109,3350,717,9410,0.9941674635798083,0.9889885320160957,0.7506200302925494,-5.167614621966406,-0.7013965174616105,-1.197515874296948,-0.8485612069791642,-0.2776398637533039,0.6173634311240543
0.8,110,3350,692,9725,0.9962124890194722,0.9932823054833885,0.752610358713178,-4.713345418459335,-0.7505480442707259,-1.0706084695612856,-0.8286653880180583,-0.2131113388541912,0.4980913899641631
0.8,111,3350,675,10100,0.99016242563416,0.9897081114103499,0.7485875044556975,-6.726688402480539,-0.9900249821196924,-0.9926298475279881,-0.8198677612647072,-0.17167409391859764,0.5278089409485147
0.8,112,3350,697,9152,0.9936281323454619,0.9947169593365325,0.7476922086393079,-6.0441259836138315,-1.0775932712546712,-0.9214556146755042,-0.7769009701101947,-0.25021576566907716,0.5479018660075927
0.8,113,3350,687,9206,0.9942903969940642,0.9912344222899842,0.7523071668910698,-5.126539293559312,-0.7930218311403323,-1.5370289158747414,-0.8218650540843597,-0.23156208074522133,0.5951368600158542
0.8,114,3350,694,8919,0.9995303253453605,0.998904518277173,0.744523757919363,-4.793928016508133,-1.1035552323134457,-1.1221990830009583,-0.8113973902855489,-0.12205079534560255,0.6418262409411866
0.8,115,3350,689,9210,0.9986938525723952,0.9981268213585202,0.7541243280190939,-5.051503569397091,-1.558042158551659,-1.2059859316026769,-0.812209770820274,-0.2194485440947365,0.5916472032499316
0.8,116,3350,712,9581,0.9980989291877809,0.9986153616211848,0.7573213503603582,-5.45363483977441,-1.1177176433961262,-1.1039418821276397,-0.7833666375981525,-0.22574532972483993,0.5399312648338742
0.8,117,3350,710,9685,0.9988003686849747,0.9985873681136971,0.7534193131985312,-4.84456012408049,-1.4876269076515052,-1.2062829882826103,-0.8143288662653323,-0.22188341467288736,0.5585761373953033
0.8,118,3350,707,9551,0.9964406185062357,0.9976699753662202,0.7526829305152115,-4.033297292484833,-1.1739564924361665,-1.2644093050404581,-0.8373474579834829,-0.2636296513468596,0.6497935100137767
0.8,119,3350,691,8980,0.9975500997869261,0.9978352641193234,0.7552761847714314,-5.622152612372498,-1.09218611047196,-1.1597138823044153,-0.819111931026189,-0.2882900252444999,0.49819259469739696
0.8,120,3350,696,8523,0.9926914481233792,0.9919243774346161,0.7477532904016149,-5.870685682823498,-0.8891154474110512,-0.9428938894042255,-0.8920815222111388,-0.27019100581834243,0.510996150145843
0.8,121,3350,677,9723,0.9995548628306528,0.9992981509824339,0.7496564892730764,-4.705664955806668,-1.0643511596920776,-1.1319381936339066,-0.7433688270399388,-0.14191958018101264,0.5597664589843033
0.8,122,3350,694,9295,0.9972603918231916,0.9964681777573298,0.7503632739479984,-4.459294553810082,-0.9072034636135321,-1.3485413333378122,-0.7851437654285353,-0.2529025542264072,0.5636690447915375
0.8,123,3350,700,10234,0.9991002450334572,0.9991785068242899,0.7500284117270937,-5.340211268784497,-1.1756493524887184,-1.1272775765162395,-0.8149227377459285,-0.21219546644629295,0.6679740608190342
0.8,124,3350,692,9433,0.9972858065007617,0.9957881023760483,0.7517790592974808,-4.9863951966382,-1.4909060474241347,-0.9240942134857181,-0.7196036305357235,-0.22146204283418996,0.49371920229265526
0.8,125,3350,692,9426,0.994288867837481,0.9962314206471039,0.7523625684446544,-4.143951767552734,-1.541544201928733,-0.996259358106522,-0.8188918470122752,-0.2121302649160077,0.5998857463279996
0.8,126,3350,688,10059,0.9801060520083941,0.9917129214316559,0.7499942904067999,-3.911873834779258,-1.8941263990271766,-1.1991667826893406,-0.8826459293736871,-0.21908994649679578,0.5879582894634904
0.8,127,3350,684,9326,0.9959314270333153,0.9935041988899419,0.7523053429935924,-4.426607080118876,-0.8603994090723146,-1.375345752322432,-0.8428016070210577,-0.3073255046258117,0.6251682225312175
0.8,128,3350,692,9667,0.9975383217605328,0.9958061893089867,0.751058127607827,-4.137259928356221,-0.8684162868350713,-1.2062658451022639,-0.8260951507935497,-0.27094370274971585,0.56113772710677
0.8,129,3350,693,9007,0.9976761128570735,0.9964582904737652,0.7444858270726343,-5.356273383792271,-1.5634374489178298,-1.0052741825623113,-0.7829574222006328,-0.12505766224394343,0.6153272984285514
0.8,130,3350,692,9090,0.9903958852783684,0.9812688065377542,0.7503640771969822,-4.340878707416789,-0.5274618079780031,-1.3459023461966955,-0.8047003595507861,-0.2392462459522089,0.5229678286895676
0.8,131,3350,696,9640,0.9980564552122477,0.996775141790462,0.749207705166345,-4.737499349974404,-0.9391886931848502,-0.956879033429949,-0.8703126211492727,-0.2718952512601688,0.5748343652401446
0.8,132,3350,693,9627,0.9944945746367214,0.9945412578657571,0.7469813602437055,-5.556363079484401,-0.9302224879873827,-0.9531549715698342,-0.8101721052229681,-0.1704023694840493,0.49429263659193307
0.8,133,3350,695,8766,0.9891702938555982,0.9885160959655062,0.7471481111518353,-6.669538283325448,-0.9316402983959488,-0.9389992675687319,-0.8203726618629243,-0.2500474234084804,0.5398258470900962
0.8,134,3350,715,9564,0.9944793066615579,0.9947171220020385,0.7518613735451372,-4.939450824460292,-1.7933179435593392,-1.006508360391423,-0.8792585414303715,-0.2584752180479798,0.6849453322798035
0.8,135,3350,680,9675,0.9988464541521002,0.999394539204651,0.752623731541645,-4.258975148433456,-1.2398000118919705,-1.1614126701037715,-0.8300146377969374,-0.19035860608371422,0.5693830361974949
0.8,136,3350,682,9839,0.9918625998813727,0.9872092617244078,0.7501668939282712,-5.987425288773609,-0.7493561207978052,-1.2505639738740235,-0.7769323560622232,-0.15054384900458953,0.6003393179207616
0.8,137,3350,702,9266,0.9959721569430535,0.9976071727482781,0.7485767849952857,-4.1485256095549525,-1.43946888100083,-1.1274782380353485,-0.7922742869082584,-0.16512139101051976,0.6334947055770739
0.8,138,3350,703,9249,0.9836464599557335,0.9706081544282321,0.7435717845440182,-4.135103192818707,-0.46698081935440405,-1.5412659122733483,-0.8573076218790162,-0.1733772304429966,0.6421204716650487
0.8,139,3350,700,9593,0.9995307396117775,0.9992373827459581,0.7505693213788359,-4.92306112327993,-1.095456351725531,-1.1693493074617254,-0.805430747048063,-0.15393183008011196,0.5893536133929758
0.8,140,3350,693,9957,0.9986501333704958,0.9975539397665861,0.7550129661124607,-4.596696802715815,-0.9206064519196105,-1.1097909050021721,-0.8074276223308015,-0.29249609346182776,0.5036267848179554
0.8,141,3350,694,9328,0.9997502075743517,0.9995791490232615,0.7494700865261497,-5.254748625916325,-1.293347196926308,-1.3604257221655471,-0.8595997540612939,-0.17737373172124585,0.6470595933066416
0.8,142,3350,698,9706,0.9965316507966389,0.9955612573987911,0.7506686265541671,-5.437791399154369,-1.440840051830892,-0.9085573710017656,-0.7340447619860792,-0.18624213836269662,0.4484610747519746
0.8,143,3350,700,9236,0.9970788649654239,0.9982872445329356,0.7491931782225361,-3.9754433818082684,-1.2691209152834335,-1.0732438979140253,-0.85506038300275,-0.2513926423783202,0.5903874550883467
0.8,144,3350,688,9786,0.994147834525928,0.9927007056742563,0.7502396388723935,-5.268343920783671,-0.811363700541745,-0.9287829132144221,-0.8477676042854616,-0.2451545410183128,0.5124983766601815
0.8,145,3350,716,9189,0.9950073894191274,0.9971480855686177,0.7513435478331649,-4.252662862999423,-1.143036804693008,-1.4953735602237876,-0.8440652878190199,-0.2562808394743905,0.5284894838798216
0.8,146,3350,703,9732,0.9990568286594773,0.9983670219095059,0.7534695449201253,-5.007694685842485,-1.1502926929292552,-1.3778608607829848,-0.813483604148749,-0.2765073236992776,0.6871585796017833
0.8,147,3350,692,9325,0.9988813388401329,0.9992377839330455,0.7514917330820656,-4.2311530813420335,-1.168131307399333,-1.1914725709661382,-0.824327658768814,-0.26045570340312263,0.5150778688933687
0.8,148,3350,707,9830,0.9837821455087629,0.9943941922268652,0.7490214459968957,-3.5474567828224997,-1.4576509180298487,-1.3591922442950306,-0.8205975804351303,-0.24741633866395824,0.6124766765925602
0.8,149,3350,662,9320,0.9987559182646198,0.998652407177995,0.7539327262158311,-4.925205908994231,-1.00691273522342,-1.062810085677414,-0.7786157175177477,-0.25352443341145386,0.5670489067483832
0.8,150,3350,682,9988,0.9994898521791818,0.999528588496875,0.7527100313042482,-3.989021015113999,-1.039500911482799,-1.068556166354322,-0.7691761047147572,-0.20310237086119384,0.5084148532040611
0.8,151,3350,697,9632,0.9987453130793172,0.9975935248670873,0.7501223323662211,-4.973811186044459,-0.9930644911087771,-1.1448137353883656,-0.8902592455054611,-0.18346057077788624,0.6076968993342544
0.8,152,3350,697,9285,0.9971013072998237,0.9986515761943088,0.7492146385044869,-3.8717995664945035,-1.2355102345011582,-1.1495151179330632,-0.7598924335159708,-0.18385516154445666,0.5002977377399471
0.8,153,3350,714,8651,0.9972488950868182,0.9981433913334367,0.7505390513758993,-4.4881304382167855,-1.2089893742009354,-1.4167336339013288,-0.8937759637856283,-0.27920855242016984,0.6458767135464564
0.8,154,3350,698,9892,0.9996595628632788,0.9994085724150862,0.7476989036656394,-4.968176746054324,-1.159339836278514,-1.2287498799019327,-0.78381226396877,-0.1545274113378915,0.6142464319590938
0.8,155,3350,699,9255,0.9970665828219263,0.9982587298418967,0.7501544475357659,-4.069475474948493,-1.1304186553085134,-1.2868287221413783,-0.8439671255746953,-0.19393075554379588,0.5841896493737272
0.8,156,3350,700,8671,0.998382224102706,0.9986115884353737,0.7493629994678856,-4.029608199483886,-1.136000036658605,-1.1174739028154232,-0.872764243795751,-0.2079953140216775,0.5447709373866262
0.8,157,3350,700,9432,0.9991837656370823,0.9990277736095535,0.7555691453941689,-5.337220847860291,-1.1277343224386218,-1.2677602232032217,-0.8389396685067367,-0.2743187979726268,0.5957828337963934
0.8,158,3350,687,9614,0.9934847712533291,0.9964481524074001,0.7448558146205413,-4.222675223867337,-1.5512063892894825,-1.2932034228627398,-0.805427175605803,-0.13341699852450384,0.6359861109628533
0.8,159,3350,689,9776,0.9971777558987615,0.9966944695083834,0.7466413483143548,-4.998449269878675,-1.6639925196841803,-1.1228467988355042,-0.8222438935251449,-0.15194135133784947,0.642938985611402
0.8,160,3350,700,9214,0.9949579670849205,0.9929256066761027,0.7539123065707221,-5.769261871030212,-0.870236151282187,-1.1569669786780281,-0.9227113809385609,-0.256687184616832,0.5896762745219724
0.8,161,3350,695,9226,0.9824561121210625,0.9926271632093181,0.7476389119372496,-3.361488878114143,-1.15393377814798,-1.4607969897730297,-0.7968762748124232,-0.2610034287220059,0.6282604508821756
0.8,162,3350,707,10059,0.9983154759946192,0.9986822166537663,0.7477550193968301,-5.536908048529762,-1.2446197450343806,-1.0142342040454206,-0.8797201904599097,-0.21910682096616044,0.6813130798224557
0.8,163,3350,697,9584,0.9963326422830981,0.9972731933259736,0.7538174915281661,-3.641814735921122,-0.9907054411444798,-1.163353472172647,-0.7969530594183103,-0.22729828020410017,0.5591805812764171
0.8,164,3350,684,9538,0.9986209460626045,0.9988622641545072,0.7552407463274505,-5.6559468634809065,-1.16456297604843,-1.229898882503107,-0.8488758973768236,-0.2137090396105414,0.5719499747185295
0.8,165,3350,711,8886,0.991682941771273,0.991590089193074,0.747984948814637,-6.3868759601872505,-0.9936935341536497,-0.9821957748114384,-0.8152338466368737,-0.15695318865090163,0.5261721580237674
0.8,166,3350,720,9216,0.9904664046084551,0.9885366681658061,0.7494609554935754,-6.66843408054415,-0.9015756167462912,-1.1270209298277907,-0.8288539532997053,-0.18085881252174765,0.4976735366033394
0.8,167,3350,692,8854,0.995659254917444,0.993205175549237,0.7486776565494326,-5.856577533186382,-1.8401119539851978,-1.0117320784152284,-0.7830992113957891,-0.18338822080315245,0.6264256439374912
0.8,168,3350,689,8706,0.9991715477111146,0.9973457478636217,0.7454303720780728,-4.359054009653291,-0.9460019188576502,-1.0249086014303366,-0.8171042661680664,-0.11205316530194426,0.5478866435027878
0.8,169,3350,689,9477,0.9982939905721905,0.9958544630362776,0.7508082331658201,-5.9077248879329725,-1.6601159455522159,-1.2919503760112092,-0.7618934004949667,-0.11914761038570987,0.6033327225185122
0.8,170,3350,696,9198,0.9981578068166381,0.9970306624894353,0.7558190988740581,-5.247090781516772,-0.9846617659303629,-1.2983555747613167,-0.8647367081851148,-0.2600204240802169,0.6641570663128997
0.8,171,3350,692,9313,0.9987223629913751,0.9978656484010444,0.7497860936243801,-4.724256306300139,-0.9890076546535914,-0.990951088926967,-0.8516635554917031,-0.28524975400015185,0.5568885734821883
0.8,172,3350,682,9320,0.9981832163773404,0.9972229110475183,0.7508818691103205,-5.340596909044953,-1.5852989298023394,-1.0613414125039755,-0.8013279365407706,-0.18639401422837462,0.6585442715595841
0.8,173,3350,695,9270,0.9982908396888011,0.9962523170340355,0.7509954597427598,-4.569402917908047,-0.9173069257020073,-1.107171315101754,-0.892608000427195,-0.3066149490555696,0.4769165740536602
0.8,174,3350,700,9145,0.9860099250303084,0.9873366822746437,0.7418399695560112,-4.705045607903958,-2.0510398249705886,-0.959995125878222,-0.7643330001929081,-0.04232900177722476,0.6611113430660475
0.8,175,3350,714,8429,0.9990368617343608,0.998898130672493,0.7527582537023781,-5.350019485962012,-1.1433625715760223,-1.230814390520019,-0.7663312442425302,-0.2351189868615203,0.6082251483438199
0.8,176,3350,715,9151,0.9952691371548211,0.997092555324923,0.7502077663030309,-4.333950242840643,-1.5685438531688218,-1.1180729212691916,-0.8498536030875624,-0.20859094877011047,0.5882527343466808
0.8,177,3350,706,9122,0.9795752214484168,0.9930931532918248,0.7525543655037253,-3.5484683000446,-1.6329511397961056,-1.3126682072220435,-0.8422384881931873,-0.23824882765463037,0.5947931626555404
0.8,178,3350,698,8844,0.9960763806961861,0.9955563254460376,0.7521090432141756,-5.105677603886897,-0.8676519405700807,-0.9830279114197487,-0.7415195630014535,-0.2266391528587999,0.5965434104136739
0.8,179,3350,688,9276,0.9972985724678262,0.995860944480154,0.752930416561251,-4.67042848857573,-0.9178376844945033,-1.3704675584877446,-0.8621161386233066,-0.25933658859052316,0.6056574914162606
0.8,180,3350,702,9322,0.9975035983404392,0.998594294231118,0.7504050008390367,-3.738411662565502,-1.2029926879132224,-0.97597139282019,-0.7861540193348188,-0.20464742140745426,0.49986009267030845
0.8,181,3350,698,8685,0.9966411506207864,0.9966779820923417,0.7480902885777153,-5.757397733427184,-1.3827354551657909,-0.9452743931435424,-0.7846582776050954,-0.1673212835954547,0.5187478295262996
0.8,182,3350,700,9100,0.997918297697642,0.9973765223790746,0.7504066794888842,-6.167950317798794,-1.665746089698739,-1.0960416184287243,-0.8985420654094277,-0.25275361896781984,0.6869054765189632
0.8,183,3350,704,8805,0.9981866455954258,0.9975220391807751,0.7490479490436314,-5.065023153052067,-1.0007441892126336,-1.2569883310621637,-0.7463021159829718,-0.14551370513926407,0.49572754875737646
0.8,184,3350,682,9403,0.9983727400865409,0.9983155359063051,0.7494053010209069,-5.624897112837451,-1.2357385381648445,-1.1483989273519326,-0.7638706881318754,-0.15135118877278506,0.5908161758633933
0.8,185,3350,699,9156,0.9980379347889782,0.9975937081314415,0.7522740467524259,-5.541451645330365,-1.0777382675717337,-1.1602607209533098,-0.8611130364041537,-0.32799662008125297,0.5952055566531119
0.8,186,3350,692,9658,0.9971008098121111,0.9960620577361325,0.7549659511964605,-5.241468188040893,-1.6761161702099117,-1.0369202782781008,-0.8323385613081543,-0.24465036625546033,0.5278484766560229
0.8,187,3350,692,9414,0.999752600572453,0.9998059106242292,0.7532284492814685,-4.18626697651054,-1.1304883329719988,-1.0581252080740904,-0.7682300012930191,-0.22278450283977158,0.5069522708690974
0.8,188,3350,693,9610,0.9956686875312731,0.9952466374604798,0.7536430285205945,-5.489884236564341,-0.8978877258227023,-1.0758617213407868,-0.8187678724704758,-0.21481647011647323,0.5481559403216688
0.8,189,3350,686,9087,0.9829329763644754,0.9598816955386164,0.7472051890315498,-6.643701247831753,-0.3901215945434957,-1.4830004782309738,-0.902257027930298,-0.275950676359651,0.6112238989587827
0.8,190,3350,693,9123,0.9977842714315117,0.99822923408985,0.7526466669222537,-5.968745787863417,-1.3269930527075853,-1.116208948185234,-0.8514237225093262,-0.2136882893130235,0.5261417779220463
0.8,191,3350,693,9218,0.9943811336018982,0.9955543682285102,0.7494312192537762,-6.110859059982267,-1.123659324081685,-0.9670215267220267,-0.8359830585940513,-0.20358109324073723,0.5097160260770905
0.8,192,3350,697,9883,0.994423203730876,0.9953286483407136,0.746218256122764,-6.1986470210260665,-1.1302167618818717,-0.9432533289012839,-0.8689114934835357,-0.25697058073961754,0.6465532899367865
0.8,193,3350,702,9361,0.9994046116107826,0.9993846824923924,0.7468635482820091,-3.8350910419553035,-1.0562023620726424,-0.9855403091709609,-0.7493882102378268,-0.14898865121733382,0.5173735327988916
0.8,194,3350,695,9254,0.9980475314986732,0.9986806387166154,0.7526435068862777,-4.6288298897609135,-1.1995952072431881,-1.429200531340692,-0.830174439929725,-0.236635368597308,0.6382588671374478
0.8,195,3350,711,8765,0.996446068472865,0.9954149537537927,0.7522406725866942,-5.116025025082491,-1.7141730904233872,-1.0521428457462436,-0.8214177776521753,-0.21917998937525437,0.5095642212947491
0.8,196,3350,685,9342,0.989005231970258,0.9920509181197724,0.7520895437760156,-4.192641757513469,-1.7865192557290177,-1.1038900236660034,-0.7404778410120378,-0.19684364612786331,0.524192090626253
0.8,197,3350,708,9823,0.9945109572118114,0.9905112815837841,0.7532159625279087,-5.458892348050292,-0.7718018592093879,-1.3731553556740357,-0.8915203973423186,-0.2905187190499103,0.5537426350597308
0.8,198,3350,685,8313,0.9941911794606595,0.9946663971753167,0.7488110504662235,-6.870582886347537,-1.338156603832107,-1.1336207391306286,-0.8107973691559235,-0.24919066255486552,0.47192802647784854
0.8,199,3350,700,9301,0.9921125205990301,0.9895946395498791,0.7539151128260994,-5.818913821124679,-0.7769278030081262,-1.0478611219735354,-0.8005071635987453,-0.22273396310276758,0.5867050965707407
0.9,0,3768,791,11910,0.9998156540421688,0.9997920724489184,0.753434773176281,-4.839869564022518,-1.2307653308574749,-1.072687264657586,-0.7883760191074771,-0.2158561802614146,0.5509413036126419
0.9,1,3768,799,11780,0.9989861774916075,0.9988843724403305,0.7506732729667213,-4.8194394126372515,-1.00567060527031,-1.039028193983956,-0.8049080964589623,-0.207146948740918,0.5785223827859645
0.9,2,3768,813,11763,0.9985481491629704,0.9980826603710666,0.7517222982255255,-4.87671743028502,-0.9671099873448155,-1.0540192517875817,-0.8420459302902734,-0.21979332704468085,0.5377354435175258
0.9,3,3768,789,11887,0.999694661689313,0.9994678843457038,0.7468775550099618,-4.934029711901614,-1.2733558817996495,-1.076212144588499,-0.84865636337552,-0.15373003827568768,0.6092348642681022
0.9,4,3768,814,11310,0.9976327276670421,0.997008718994396,0.7524859745228779,-5.029729029064143,-0.9927914402897853,-1.4544524195237722,-0.82437270314263,-0.2222694429123091,0.5850721022521831
0.9,5,3768,795,11460,0.9989258756413772,0.9988602276477633,0.7527954643639836,-5.20454739737476,-1.0794862509738288,-1.1191551958315544,-0.867911348692497,-0.24212001019770535,0.6011702700424545
0.9,6,3768,813,11876,0.9941254885210884,0.993987126620454,0.7529727187518409,-6.044993172233684,-0.9505080572765269,-1.0783011238042055,-0.829208616342764,-0.21642336470390117,0.5912377679915951
0.9,7,3768,808,11677,0.9972471011150303,0.9953704497791716,0.7519452721859138,-4.015907810679724,-0.878029846162119,-1.1841643346792114,-0.8570915008857029,-0.1980991433491883,0.6025305211091685
0.9,8,3768,790,12330,0.9977383186736205,0.99868004511013,0.7527088521538259,-4.596236162370912,-1.4291611328483877,-1.3310277811436324,-0.8339521487361664,-0.2328013350139818,0.6497215755292095
0.9,9,3768,809,11837,0.9996684689372791,0.9996019405042105,0.754606439421377,-4.963402270785192,-1.1164128278302647,-1.16882050505274,-0.8252570312679867,-0.23859641938207657,0.5894419525792797
0.9,10,3768,811,11711,0.9981790855334227,0.997619312989974,0.7512274300092159,-4.785503289608965,-0.9895760762785119,-1.3636403714691152,-0.8257667916653302,-0.262877026444403,0.540435675736295
0.9,11,3768,800,12163,0.9986602893063234,0.9988670116985261,0.7509247009417455,-4.874844476530114,-1.1952793117388656,-1.4467904710072155,-0.8148774318655644,-0.2385457546165411,0.613141652496018
0.9,12,3768,812,11172,0.9994942546191389,0.9988613869051545,0.7475531359793692,-4.85780430678729,-1.3064048511679691,-1.0703021342881027,-0.7874114916992686,-0.12888738614049675,0.5334352356870303
0.9,13,3768,803,11301,0.9980594091504528,0.9987028849820238,0.749072726684255,-5.52602430597193,-1.1736706741882306,-1.0397479215108147,-0.8313560776033692,-0.20442830789277763,0.5922883580180073
0.9,14,3768,806,12124,0.9991517735281187,0.9989536607527046,0.7506469123081355,-5.037776385629266,-1.3925256074045842,-1.02909375470032,-0.8248354302615465,-0.20775235582170112,0.5660447904119932
0.9,15,3768,813,12145,0.9998574199911038,0.9998020056711838,0.7537324967873582,-4.6895095663651345,-1.1275501834955404,-1.1889107455291483,-0.8076451816763532,-0.19970317185861308,0.5660286060115849
0.9,16,3768,813,11898,0.9986868876199129,0.9982842408612324,0.7518986275910878,-5.506618476473507,-1.4910334965595415,-1.0702994364814733,-0.838083272781354,-0.22649983546596797,0.5625203943686282
0.9,17,3768,809,11851,0.9984408559201453,0.9977378302603452,0.7532323460877978,-5.302739933831214,-1.5923329017459016,-1.103352607378952,-0.8461475404808971,-0.1963249479373046,0.571227027142996
0.9,18,3768,804,11972,0.9997322664481156,0.9995891860571817,0.7502835432097642,-5.127878513975489,-1.2670264370861162,-1.3125029663540968,-0.8214031364969117,-0.2541423496886637,0.5424540501433253
0.9,19,3768,794,12094,0.9895747133815078,0.9899867932251561,0.7520122235236494,-5.246649654088828,-2.19073961049583,-1.2243067169048092,-0.8206220671471345,-0.20477009583607297,0.6181975150465695
0.9,20,3768,807,11706,0.9998890506095867,0.999698707352872,0.7509380361900648,-4.397463398133027,-1.0915004714632988,-1.0470489188647987,-0.8157172594680517,-0.20728549806956134,0.552741434868367
0.9,21,3768,806,12368,0.9994619052419766,0.998879766472521,0.7538157924017777,-5.377940680602884,-1.4421525596430074,-1.2279555239332083,-0.8266115740851361,-0.21769269595740715,0.5184788727199168
0.9,22,3768,808,11934,0.9935554557228593,0.9970414973200085,0.748808855363724,-3.6822132417449667,-1.3450122037323573,-1.045233843655931,-0.8329229615533875,-0.23606683422727215,0.5630120159890701
0.9,23,3768,801,12035,0.9995411946182361,0.9993143729022121,0.7526543047310875,-5.1685900497455055,-1.3690044387000946,-1.0935090304677286,-0.8454373822269777,-0.26520589299127717,0.6014299811489985
0.9,24,3768,813,12402,0.998889728941429,0.9984398260855739,0.7537201133243118,-5.044793523775378,-1.4940161229413425,-1.0839319660419764,-0.8216091273688988,-0.2173007884504242,0.590071923070327
0.9,25,3768,811,12101,0.9984670948018239,0.9974966017287535,0.752101260259774,-5.194872887684374,-1.6137023781195123,-1.2517087928900963,-0.8059288160325151,-0.24611595704732925,0.56429129551316
0.9,26,3768,806,11985,0.9979458090486806,0.9983008736135908,0.754080549093335,-5.594298657813185,-1.0887262735935104,-1.1591567086163064,-0.8403814490322565,-0.22197348591279736,0.5683914224052814
0.9,27,3768,817,12290,0.9980828781561836,0.9980196720365266,0.7472961832106788,-5.032590454295944,-0.9643459255032342,-1.0800950205507522,-0.7743546756143047,-0.17493568966910336,0.5612347122418181
0.9,28,3768,814,11675,0.9927846231265396,0.9961262667976416,0.7474372078611424,-3.8760923879424243,-1.4979515123442573,-1.0910877545807192,-0.7766191110935169,-0.17274275748833143,0.5361000981370038
0.9,29,3768,820,12143,0.9978408655845356,0.9986811880192291,0.7539933995363421,-4.417383791494502,-1.41247442517454,-1.1961374949765553,-0.827364255586138,-0.23979193441291416,0.605908191178861
0.9,30,3768,817,12136,0.9995378634450883,0.9992884927384412,0.7548748694961454,-5.301267439361737,-1.3153410373962522,-1.1358027281330234,-0.8076972785452748,-0.2659327872259883,0.5870993915445082
0.9,31,3768,797,11813,0.9990646431086387,0.9990486348476572,0.755532831367154,-4.827797464580665,-1.0155802717133977,-1.1268449581123892,-0.7556486229799827,-0.18555682319258573,0.49967244244018066
0.9,32,3768,820,11943,0.9999281210119141,0.9999000829989382,0.7503604536439501,-4.938990096641956,-1.2674859284054143,-1.136916376035124,-0.8790619545245518,-0.22379165181223135,0.6057736264056853
0.9,33,3768,792,12042,0.9986926510075891,0.9977486315769197,0.7525950155999759,-4.954644200116303,-0.9781649003951519,-1.1676060535457835,-0.8638754130032135,-0.24101235382069364,0.6274393398858403
0.9,34,3768,802,12053,0.9981033489168282,0.9979854342988806,0.7520688339683232,-4.732568907570009,-1.5133256812803728,-1.0732408534392297,-0.8289600975239668,-0.23135217232243974,0.5513559058648924
0.9,35,3768,814,11826,0.999810176772527,0.9996349343003126,0.7479111655932577,-4.852629939083106,-1.3038153409334836,-1.124616571162897,-0.8128717522814763,-0.16942754635057786,0.5889055057499422
0.9,36,3768,802,11842,0.9965037145397597,0.9954199963844835,0.7561799220207991,-5.7103079959597105,-0.943772568905708,-1.3403370371972803,-0.8519149991614725,-0.22019959259304026,0.5797016600514403
0.9,37,3768,798,12295,0.9983369294770823,0.9978002949590898,0.7493473970832212,-5.209722414568289,-1.0066115106010598,-1.1369464236103373,-0.876970076972671,-0.272782769516377,0.5870745868162297
0.9,38,3768,806,11950,0.9959649242115108,0.9937589716545526,0.7512604158766981,-4.837729554102004,-0.7654354734992427,-1.0281609438424728,-0.8114465979605875,-0.2120485591606327,0.5195253556942556
0.9,39,3768,799,11907,0.9975311761782495,0.9977342779399598,0.7478860851226987,-4.534298011686828,-1.5041895464847874,-1.1358354425236026,-0.7849376425337103,-0.17327279746406657,0.5903328206071897
0.9,40,3768,808,12086,0.9979885502972922,0.9984738406690332,0.7495296487659963,-4.8274028135879,-1.2459839569386042,-1.500641947912856,-0.7942681820222082,-0.19753061352147191,0.6146148633097634
0.9,41,3768,793,12110,0.9971629891784413,0.9984944063300162,0.7464839957257543,-4.530670234512688,-1.2660502372261622,-1.4518907828790104,-0.8380024636787552,-0.19964470094880638,0.6452960269704578
0.9,42,3768,803,11502,0.9997691703005667,0.999598529269586,0.7544850075275928,-4.761111750012142,-1.1940319196898177,-1.0582901117314818,-0.8598970484803635,-0.24181467067384851,0.6171315357177278
0.9,43,3768,807,11274,0.9966530185776875,0.9946567961503463,0.75081204834262,-5.115877756396429,-0.8485085757095602,-1.1055577871155546,-0.8708771594224407,-0.20983687411071286,0.5819062352663484
0.9,44,3768,823,12096,0.9951337350092737,0.9949461682768239,0.7498910689682866,-5.590428603959904,-0.9238756366074544,-1.0074252193765225,-0.836338670513616,-0.1989413330861913,0.5610787322144257
0.9,45,3768,805,11502,0.9999056467527514,0.9997653850064847,0.7527114839308514,-5.001939464217651,-1.2982168293492289,-1.1714874480572477,-0.8086803625166068,-0.20990317032928427,0.6291070343133432
0.9,46,3768,789,11860,0.995081119721286,0.9944451348128376,0.7499898317386264,-4.942657256779378,-1.7604418282134315,-1.015384307693461,-0.804879858189648,-0.18063820908596415,0.5709306735131653
0.9,47,3768,809,11612,0.9979167323306807,0.9989256123149556,0.7524080193680666,-4.1656275674397225,-1.1974476241371956,-1.2360149761734245,-0.8361694649619865,-0.22029164147279628,0.6044700738453338
0.9,48,3768,802,11834,0.9987102309160814,0.9983442140802647,0.7498729093914767,-4.979194582478406,-1.0058363918780946,-1.0759348342783195,-0.8477479452441213,-0.1951811320179565,0.5560984217143775
0.9,49,3768,797,11826,0.9988881394792922,0.9986297580906698,0.7512349023215056,-4.8095217407517765,-1.4082113584182725,-1.0057587533067924,-0.8079036448822285,-0.19633450128012125,0.5670864886159954
0.9,50,3768,819,11556,0.9966270007252861,0.9981950820172544,0.7521934143954924,-4.046591959339704,-1.3700480885989326,-1.1181204858188885,-0.7849166805365504,-0.19909803825433164,0.564552725398423
0.9,51,3768,811,11900,0.9994020902160762,0.9993543220791781,0.7523186644417363,-4.794856917596114,-1.3665252590693477,-1.0690280053645187,-0.8614245639663503,-0.24046919743731668,0.5734388800961381
0.9,52,3768,814,11851,0.9997357976257434,0.9994760370754793,0.7540880980089634,-4.657788679377902,-1.0903141307644948,-1.1710031867374782,-0.8401478297617642,-0.23509571663972445,0.5863858376247733
0.9,53,3768,803,11994,0.9994952002853411,0.9994095704783174,0.7533129036499713,-4.699043051991944,-1.0570818392975438,-1.1661507463201362,-0.7667890554564163,-0.21047328081522887,0.47877082100946217
0.9,54,3768,797,12325,0.9958829337611022,0.9963544085214263,0.7537978607413526,-5.772816068000378,-1.0129980522661777,-1.0794874617600039,-0.8279823984400673,-0.27001160889598835,0.5265333097159692
0.9,55,3768,815,11491,0.999856505605461,0.9997495399148388,0.7498246383898092,-4.7839820628464675,-1.1373304329150815,-1.1664803226907985,-0.8046215417748825,-0.17991765100930024,0.6041727058427236
0.9,56,3768,806,12013,0.9995908785810971,0.9994073891257056,0.7542798669826265,-5.031189206195828,-1.1149733062297238,-1.1810823860021284,-0.8696217707618057,-0.23964798383567218,0.5938906955872955
0.9,57,3768,789,12073,0.9995645002048567,0.9995629900444075,0.7494360826224085,-4.998747468211828,-1.2040521266892636,-1.0714789127673086,-0.814728562090248,-0.17854628399540162,0.5356778946895515
0.9,58,3768,808,11567,0.9995255976442168,0.9995065127441529,0.7535097214361595,-4.928168740217687,-1.4037719187891107,-1.2153281996884917,-0.8811051266114414,-0.273405932813364,0.6083922004924985
0.9,59,3768,812,12210,0.9971213180907452,0.9945968327402892,0.7505301647983953,-4.682501369834537,-0.8134158837632354,-1.2160498849114703,-0.8251224006102302,-0.1812092208490163,0.60153090432713
0.9,60,3768,808,11454,0.9997971709560829,0.9998582743672317,0.7544475988939415,-4.313712281004314,-1.1608223882645945,-1.0900766498713192,-0.7776888982348371,-0.22130527508165346,0.5340114139124685
0.9,61,3768,796,11882,0.9993698741186006,0.999085706234769,0.7540313982215205,-5.018772665496237,-1.427882654032895,-1.110102708356674,-0.8353575943191103,-0.23392057900668212,0.5580018832729615
0.9,62,3768,823,11666,0.999341733431769,0.9986113487694117,0.7522221528024912,-4.643523414540186,-1.0149293232865315,-1.0640967213958423,-0.8610361176060013,-0.2371545682303787,0.5883919659944058
0.9,63,3768,802,11403,0.9973196003596422,0.9974999528016633,0.7546219636385111,-5.928920111477087,-1.1580333497006268,-1.2325453276627,-0.771385334852213,-0.20010182706138446,0.5550375108406008
0.9,64,3768,799,11984,0.9992863630709462,0.9989763641163596,0.7536844823595671,-4.4406338319715415,-1.0472130720054729,-1.2059634854975516,-0.8197504951658171,-0.22938838812566914,0.6038289237115092
0.9,65,3768,800,12247,0.9969268903399626,0.996958128223669,0.7463853313867631,-5.3810004643265685,-0.9786238407796625,-1.0498941447452266,-0.8082271283138399,-0.17264358816555433,0.5854023488159761
0.9,66,3768,807,11922,0.99680450331635,0.9975248152842526,0.7544833797680721,-5.923123333028957,-1.2620247577543109,-1.0410501576472957,-0.8019160479347858,-0.24453947943448662,0.5141089007652981
0.9,67,3768,804,11238,0.9996531792437049,0.9997358367764206,0.7528072432325641,-5.059636851557725,-1.3041221583726204,-1.3619484391801349,-0.8686081859895489,-0.23180539229232305,0.5888582009674286
0.9,68,3768,814,11291,0.9978717358734972,0.9960762773170972,0.7527052716184776,-4.256902950350247,-0.8674959311709075,-1.2071233482941557,-0.838615499646345,-0.1955769623084232,0.5537175487641064
0.9,69,3768,806,11927,0.9997982348056944,0.9998626364185232,0.7560060680712415,-4.843783259182092,-1.141451896428249,-1.106274292785794,-0.7957346751046804,-0.2047772120630472,0.547380484240786
0.9,70,3768,806,11803,0.9988778831287873,0.9982256305993107,0.7471864302011149,-5.568973109116573,-1.4723200714447153,-1.1372544610586621,-0.8387982138347048,-0.17530272948435185,0.524818668849388
0.9,71,3768,809,12537,0.9982354067138962,0.998299742148296,0.7534045081402174,-4.746818674435496,-1.4952732077898723,-1.272038788882577,-0.7929239980321591,-0.20643406334235326,0.6052051690231769
0.9,72,3768,815,11539,0.9962468795286114,0.9956580853900651,0.7457910624886134,-4.800566988828317,-1.6159187305899145,-0.9501114467506213,-0.7885816173028172,-0.1579033364469216,0.5910919909342425
0.9,73,3768,798,11067,0.9983540020598132,0.9991300655270052,0.7498707300773035,-4.093893825177552,-1.2523514362613901,-1.0960555152468425,-0.8025473863500612,-0.21502814214457533,0.5741448637419335
0.9,74,3768,801,11710,0.9997873834640187,0.9997691709439638,0.7543112367332958,-4.961046891122131,-1.171382552065662,-1.1701004810609525,-0.8177493030518763,-0.24972023223356565,0.5296832125760649
0.9,75,3768,797,11776,0.999039316110421,0.9991736378124609,0.7542944095700198,-5.328987386522987,-1.1372743413291655,-1.1867378148788548,-0.8027487551395875,-0.2523499954498853,0.5636237923811623
0.9,76,3768,816,12670,0.9997124386991725,0.9990306376668423,0.7499797642852694,-5.082038348299439,-1.3318924247984203,-1.2564891095143702,-0.7539551718222466,-0.23566962570729735,0.6010210380997888
0.9,77,3768,805,11924,0.9990681498814311,0.9989413792617655,0.749775462446689,-4.711095582863074,-1.415820601536822,-1.117524046458199,-0.8097137911542379,-0.18460938104099428,0.5760118413854545
0.9,78,3768,774,10839,0.9984211315046726,0.9985808565889631,0.7516514988624062,-4.500027090455316,-1.392553033767132,-1.0531708663742687,-0.8723825671012938,-0.27868653154542805,0.5703796647226014
0.9,79,3768,804,11812,0.9968440454077148,0.9957214727864143,0.7524288373627409,-3.9831934688850614,-0.9002044144849348,-1.2206522460624638,-0.8245560468732562,-0.21214956417863595,0.6366548132077687
0.9,80,3768,816,11820,0.9987393440395225,0.9983529115351322,0.7487532708806642,-5.530173239797873,-1.5149979604377797,-1.0779605250424402,-0.8481249588707688,-0.20624107863170205,0.609538207796132
0.9,81,3768,803,11385,0.9984270807968484,0.9987801756198861,0.7526218678746607,-5.76828125210621,-1.3191094752294013,-1.1044059718290782,-0.8419297055052902,-0.2604652474006141,0.5707654324187384
0.9,82,3768,811,11458,0.9981791498308314,0.9974667368322718,0.7545909459463626,-5.261219479141839,-1.0138747717277614,-1.3892717960885324,-0.8433136896426164,-0.2364810845297141,0.6324911138737163
0.9,83,3768,798,11806,0.9989711764457391,0.9987363823055215,0.7503126370946873,-4.939483756647547,-1.031420896306921,-1.2409962536021517,-0.7586914418707487,-0.17591102916585136,0.5612998302268686
0.9,84,3768,812,11570,0.9998721693825781,0.9996939738683844,0.7520694856704591,-4.826602954876781,-1.1680777442487023,-1.148300947141589,-0.8572822506958462,-0.23312043750983838,0.6336175026239291
0.9,85,3768,815,11751,0.9999578320618053,0.9999280787951869,0.7501890917504448,-4.714149290661566,-1.2032746449227767,-1.0980330683952122,-0.7883046000903616,-0.18966699677425852,0.5707597752104929
0.9,86,3768,806,11413,0.9994312732210321,0.9995280673133234,0.7521374967205045,-5.03057254372114,-1.391178196984691,-1.3603691461385612,-0.8589265021102929,-0.23511604919841925,0.5826075644100154
0.9,87,3768,803,12540,0.9989672013115546,0.9992232414733122,0.7486962121667462,-5.193020479311599,-1.1335007008832545,-1.0611030791282734,-0.8339442920038742,-0.19355631666621675,0.5962163995882154
0.9,88,3768,803,11092,0.9996467530929062,0.9993499582295742,0.7539330809312579,-4.870862822497889,-1.343293327283666,-1.149451085455731,-0.819052681874805,-0.265575697361671,0.5180412508632866
0.9,89,3768,791,11919,0.9957406144573869,0.9924255639186162,0.7539287056780526,-4.416598416998664,-0.8003126482813001,-1.3269776675462512,-0.8717330978104209,-0.2687574588138413,0.6211674199027255
0.9,90,3768,819,11612,0.999149563249569,0.9992413081343684,0.7475591264653519,-4.375680043350648,-1.2041720742253592,-1.1540490913411563,-0.8568359210081277,-0.16896197096901586,0.6359149339694671
0.9,91,3768,807,12037,0.9994621204604796,0.9987666828839872,0.7562550260283506,-5.352164861833469,-1.4166458203221612,-1.1989314871000616,-0.7776635622811773,-0.21876874896512852,0.5701878708652277
0.9,92,3768,805,11107,0.9996535943413442,0.9995565847835722,0.7528901182187719,-4.910325665122809,-1.3417844089286965,-1.0845497896598855,-0.8420915789156765,-0.23682722933384087,0.5956058075331995
0.9,93,3768,798,12346,0.9903541987518877,0.9962215642618114,0.7508982199675114,-3.8371470986341447,-1.4069610684972105,-1.3721813056022387,-0.7986280494664546,-0.2363778632152619,0.5934677932808454
0.9,94,3768,796,12367,0.9975425711878679,0.9958527446672977,0.7516631972303017,-4.751657521782869,-0.8534714414285803,-1.2154560363326778,-0.8196637552175137,-0.19608971956622084,0.49768637895999013
0.9,95,3768,802,11800,0.9999446819890123,0.9998680025819146,0.7543170728718243,-4.873503300620556,-1.2685907093089792,-1.1386737728827618,-0.8136475343642938,-0.22909791891308245,0.5939511560315083
0.9,96,3768,787,12563,0.9976513624580525,0.998191835246448,0.7524812154105339,-6.018256399836474,-1.2645473317336293,-1.1298664021846132,-0.8293077876664839,-0.2590562662820425,0.6089587424274633
0.9,97,3768,808,11607,0.9984349023746638,0.9985292675915222,0.7509577633931467,-6.0096857543508655,-1.4180825886411144,-1.157075840902681,-0.8559660712388536,-0.19568443082800568,0.5938266892736805
0.9,98,3768,821,12148,0.9999806283712442,0.9999316656104682,0.7556038519611327,-4.928307466929457,-1.247592181335976,-1.172901103058146,-0.8208125265644561,-0.2375205801227597,0.5776557049951482
0.9,99,3768,805,11750,0.9995931798571992,0.9990836744690297,0.7522847535079314,-4.8645475856003495,-1.0963475155922964,-1.1538897548885216,-0.8955635442155907,-0.22867138032665693,0.613644771069039
0.9,100,3768,811,11607,0.9962125203273704,0.9972179176251864,0.7536670458180598,-4.479398004613962,-1.5722648347800054,-1.153765673098217,-0.8168638510080427,-0.21212143393834365,0.6067782097031343
0.9,101,3768,805,11457,0.996366578107488,0.9963449585546746,0.749987927377899,-4.880559127977203,-1.6868502421785279,-1.0688938422009284,-0.8468137574409338,-0.20108620501967106,0.5896908334179412
0.9,102,3768,809,12373,0.9984037428415147,0.9975025140885828,0.7549957294814169,-4.980233203791595,-0.9589902299672373,-1.2502583467572161,-0.8567218988443044,-0.2402339539729255,0.5602735781289222
0.9,103,3768,796,11959,0.9986155898054707,0.9977161615800959,0.7533389545128539,-4.5363750537433525,-0.8858598948880901,-1.0831004508182205,-0.7892687597712538,-0.19020812117234406,0.5162065349039896
0.9,104,3768,791,11902,0.9954906332493468,0.9955602681636374,0.7542350460845855,-5.6129970875007045,-0.935787531792166,-1.0670406537056165,-0.8107578746628263,-0.21614194281807697,0.5279995389095776
0.9,105,3768,791,12092,0.9996391974727666,0.9995629223624786,0.7518803769224472,-4.833003208477671,-1.35252573608985,-1.1135963711282848,-0.8459062689182811,-0.2427896710204059,0.5783873810172936
0.9,106,3768,813,12098,0.9978665563937823,0.9986208920849111,0.7518869882880991,-4.339535191820233,-1.4056794948908713,-1.1309638210565065,-0.8213977987757176,-0.20573456171656923,0.544074391333641
0.9,107,3768,804,12140,0.9992883113295197,0.9990729885713969,0.7546201360097333,-4.782966711377778,-1.3394523236601117,-1.0172154190834846,-0.8065155292724736,-0.22551920481397103,0.5171522219416064
0.9,108,3768,815,11604,0.9988452391652034,0.9989120620330686,0.7538260084341308,-4.437923805525388,-1.359141031112797,-1.0815241233789628,-0.7757830714211166,-0.19954943787516258,0.5792372088701936
0.9,109,3768,822,12080,0.9977140878124368,0.9981655749848863,0.7558365858885133,-5.67534308992076,-1.0996845060591394,-1.146387533776772,-0.8246940823960542,-0.2393498432297918,0.5908095087907252
0.9,110,3768,812,11750,0.9983165498434519,0.9982007504605658,0.7529106451736999,-5.558676700795172,-1.3742174302686856,-1.050662933649874,-0.804595654398366,-0.25160866377128976,0.5065375251444155
0.9,111,3768,810,11622,0.9901498766171153,0.9892550871582887,0.7474685804753362,-6.77978079979212,-1.0119048622330085,-1.0104817222835347,-0.7869438078310409,-0.13491812459939242,0.5412985119223545
0.9,112,3768,811,11641,0.9997264925309068,0.9995461843271193,0.7531150527501032,-4.736530271523522,-1.0868705122275504,-1.1748760015830155,-0.8325833327177659,-0.22622752890025485,0.5481115155161275
0.9,113,3768,798,11839,0.9997849694010538,0.999658794142149,0.7483021660574171,-4.897486346117887,-1.179510059990292,-1.1089158642810317,-0.806638182978462,-0.15839253899805406,0.6026210001108326
0.9,114,3768,807,11511,0.9996672212617285,0.9995399095256546,0.7574189469750505,-5.24093945420127,-1.2308032882448838,-1.1824625719365267,-0.8251428168776346,-0.2773907786647125,0.583041930984445
0.9,115,3768,805,11734,0.9994837765999199,0.999345535199153,0.7539644139970795,-4.934381826667556,-1.3871933063321888,-1.097306487832345,-0.8571677737015361,-0.2264578385419193,0.5473463901826923
0.9,116,3768,804,12230,0.99812818310842,0.9978500650455544,0.7498772082758807,-4.963120564966925,-1.3853837344641406,-0.9097288229575927,-0.8374135011742883,-0.18621871145337054,0.49749731207873693
0.9,117,3768,806,11985,0.9979780611663852,0.9983761203879777,0.7502433312212515,-5.432800397040807,-1.0815635136652615,-1.0941552453594294,-0.8155219995869387,-0.19052675105197395,0.5600037048159028
0.9,118,3768,798,11941,0.9887254585075993,0.995589609424324,0.7497828320066632,-3.4398407347971434,-1.1707609125035363,-1.3221384155251237,-0.7940012447279873,-0.20681089500188088,0.5931072950034183
0.9,119,3768,801,11713,0.9942436958554981,0.9945388857285768,0.754594273753202,-6.457833784087322,-1.0747433335333803,-1.1716991243639276,-0.7875742859178152,-0.22839019584995215,0.5666426321879724
0.9,120,3768,811,11875,0.9983533564768364,0.9988624680177095,0.7518266798791579,-4.322112841449456,-1.145088643341839,-1.2844612934401016,-0.8574550231339799,-0.22966546280105785,0.5956430771939907
0.9,121,3768,830,11407,0.9990138083404767,0.998931241685849,0.7440496627631847,-4.57771826354445,-1.3647001453676968,-1.0852580341901403,-0.8407913502212487,-0.14460348952716692,0.5982350270362872
0.9,122,3768,795,12280,0.9994631407810968,0.9994567035852701,0.7508855995825393,-4.938191851480884,-1.2450613507722679,-1.0146033379952497,-0.8156851773089486,-0.21809489884144687,0.6272080266811385
0.9,123,3768,802,11905,0.9990435941493462,0.999255920401309,0.750208876256728,-5.249903790058918,-1.2032902046301535,-1.0367022765448413,-0.887355393818981,-0.24192791326807656,0.5990729553027717
0.9,124,3768,814,11982,0.9944729640290204,0.9973749359408113,0.7495961471387582,-3.9238126819876946,-1.400120505450491,-1.1543255771282945,-0.8251834197887407,-0.2598359251574968,0.5625162129589161
0.9,125,3768,803,11669,0.9993221288736214,0.9987892713191485,0.7543318076277855,-4.607019008117113,-1.0421461808729389,-1.2204154303917039,-0.8592322503023729,-0.2167387753306744,0.5872393521551587
0.9,126,3768,825,11982,0.9987313582040971,0.9982193716556893,0.7504349565306361,-4.89825392756554,-1.0039547593890359,-1.0418163065262294,-0.8659310168819093,-0.25604597112083866,0.5592323745191665
0.9,127,3768,799,12155,0.9963919399217914,0.997411427454003,0.7490487156344928,-4.355689630095217,-1.5146851591342056,-1.0488421401650134,-0.8299441730074284,-0.19344788241329797,0.5890129205627774
0.9,128,3768,800,12293,0.9998740136465565,0.9998439495032659,0.7549325731148094,-5.280874328184512,-1.3262658802512364,-1.1956845964811709,-0.8496285821971402,-0.2193665026243168,0.6214985695769836
0.9,129,3768,802,12343,0.9954349148655476,0.9970994551215937,0.7496638651033314,-4.223905929311355,-1.5040585769446857,-1.008011704222356,-0.8599049925839252,-0.20001329099664425,0.6153441383720767
0.9,130,3768,803,11759,0.9989637492105516,0.9987446962294568,0.7519611785813815,-5.281847389227507,-1.4714954175992878,-1.0527752511384656,-0.8612483299520063,-0.22849192969130072,0.6218432733850379
0.9,131,3768,806,12203,0.999895450292858,0.999907648825028,0.7518951572938994,-4.524290185524651,-1.1868184144594625,-1.1199284604348143,-0.8231465690665599,-0.20680116489593103,0.5666505355529388
0.9,132,3768,813,11039,0.9972370326743907,0.9973287498904184,0.7483372366074814,-5.347957464548565,-1.005613621952194,-1.0256757255373832,-0.8506883856558383,-0.19573743015049988,0.5539080649548165
0.9,133,3768,811,11825,0.9987705315438591,0.9987670534997684,0.7512174673077069,-4.5661501040849055,-1.4070683733643037,-1.1020622460435368,-0.8120369044347365,-0.19080680657182852,0.5319659735568468
0.9,134,3768,813,12128,0.9946991289013686,0.9970501269294639,0.7475906712029526,-4.39149183809433,-1.5852911145714872,-1.2893475544634805,-0.8439055918560021,-0.17635536325170328,0.5863696083511742
0.9,135,3768,788,11662,0.9995046840771736,0.999013586398207,0.7569776199018622,-5.356427256641896,-1.4291590444127835,-1.1866415787337123,-0.8140367498271294,-0.23752418439795006,0.5576973396205979
0.9,136,3768,812,11920,0.9968611094707935,0.9954784719364788,0.7526196421310667,-4.970042060960365,-1.6672599975857971,-1.1516298984380637,-0.7583043719198456,-0.19847131806924692,0.4997004338890302
0.9,137,3768,816,11440,0.9977360428268358,0.9982075712949859,0.75252891446614,-5.918827670279506,-1.2918219957146952,-1.0931281498760592,-0.809296699774615,-0.2006550843709701,0.6229878105794104
0.9,138,3768,809,11317,0.9997740338911778,0.9996527967712008,0.7485875955166766,-4.775804200771509,-1.2660640208440874,-1.1081255927335858,-0.8115754112225735,-0.17020744571844643,0.6443899906582314
0.9,139,3768,819,11734,0.9996909459360178,0.9995745082335898,0.7528441486897733,-4.7905380807459785,-1.2777643550953806,-1.0706783144801424,-0.8765439075424838,-0.2525892596487417,0.6115742243118011
0.9,140,3768,798,11920,0.9997007364218203,0.9992960178572838,0.7579805569696859,-5.216689288257111,-1.2092753605547526,-1.2934321235259625,-0.8842563281010422,-0.30894379493965546,0.621835139682861
0.9,141,3768,806,11577,0.9995166063716749,0.9994474759552908,0.750261159455854,-5.165808561581297,-1.3196806105675247,-1.085702383255229,-0.8390879733792589,-0.1869915929114713,0.5625627873014915
0.9,142,3768,798,12007,0.9944460421410328,0.9899904459240545,0.7518401226160748,-4.987924440164103,-0.6917215715476458,-1.1917453235949862,-0.8308899509726564,-0.22219650585737996,0.5266473116700906
0.9,143,3768,790,11849,0.9964002464389161,0.9949234408811798,0.7496807296943797,-4.574774713622089,-0.7557703043891921,-0.9622450625351395,-0.7543466030377004,-0.1861328393746537,0.4721166887182454
0.9,144,3768,796,11811,0.9973804122565884,0.9953545858869897,0.7496417104193587,-4.927241005701395,-0.8606040544232144,-1.1755071179663037,-0.8270582950844245,-0.15163766744645985,0.5753785979886717
0.9,145,3768,805,11602,0.9999288950462061,0.9999428883860125,0.7507911736459796,-4.747992475330588,-1.2461833910629292,-1.172943679572933,-0.8363977644675846,-0.20247165030800332,0.5926301169065873
0.9,146,3768,819,11717,0.9977551437938857,0.9984469923594055,0.7507997829478529,-5.7331163018648015,-1.2427789458924723,-1.0342560779762504,-0.8324997191187714,-0.21737773376959987,0.6205236066559789
0.9,147,3768,815,11633,0.9998179445928336,0.9994493551914648,0.7515728744052643,-5.067634521227511,-1.3199100260409797,-1.2495333021936483,-0.7835336818246198,-0.23783525719558596,0.5757520342244056
0.9,148,3768,814,11611,0.9986169073432647,0.9987310705819431,0.7531901450370178,-4.571889138303137,-1.4089803985335865,-1.208152622143773,-0.7793776663575884,-0.21473617451653348,0.5838268928394286
0.9,149,3768,807,11825,0.9996882697686594,0.999515442017802,0.752671360328379,-4.699062516320743,-1.2684412413311144,-1.0367094156899659,-0.7968481835072037,-0.23899117815609341,0.5761005333888385
0.9,150,3768,822,11631,0.9990131777202064,0.9993022496627404,0.7492150799214212,-5.339399659744832,-1.234554719250078,-1.0664670207343725,-0.8536613873539382,-0.20404188874578696,0.5526126483663398
0.9,151,3768,791,11249,0.9977189503296268,0.9976944979678172,0.7511820835304963,-5.22937418958472,-0.98075524759183,-1.0706861533124818,-0.8286909282818696,-0.22466812443949885,0.5744026292916824
0.9,152,3768,811,11326,0.9984542017204993,0.9986245645652431,0.7500584792463482,-4.9927610729555845,-1.0974645405046142,-0.9373818540698722,-0.8477160628896702,-0.19291751550203165,0.5867533611271926
0.9,153,3768,803,11901,0.9997753273757769,0.9995555577838641,0.7531809736496053,-4.852690564467127,-1.317971645101369,-1.1185049464849819,-0.8137141563175703,-0.2434989920696679,0.6130228649691464
0.9,154,3768,803,11666,0.9988700395760711,0.998864942822164,0.7479215608011004,-5.380141541048889,-1.2315104006159405,-1.082871097758594,-0.8295732890556619,-0.15067604745511692,0.5593806168469805
0.9,155,3768,809,11704,0.9992649220509737,0.9990824472027435,0.7548486378887291,-4.9068699600268495,-1.4437072275570295,-1.2020460486276163,-0.8297796991913252,-0.24012562131017212,0.6445283830054214
0.9,156,3768,799,11304,0.9984352649283164,0.9988874053754765,0.7519298831666815,-4.435399241782878,-1.189357212843547,-1.3223077101425895,-0.8289585196587557,-0.27342812333665817,0.5844203506054355
0.9,157,3768,811,11422,0.997856179467132,0.9968522753212375,0.7499754401480678,-5.365130280389467,-1.660789264391806,-1.0917812052347842,-0.8237027423653241,-0.18222263387285942,0.6234040274697406
0.9,158,3768,802,12303,0.9997112497039577,0.999547031005166,0.7507192499496436,-4.997773871570349,-1.3120538054151178,-1.097883218303244,-0.834933530531045,-0.18206394056757116,0.5560116853642703
0.9,159,3768,798,11396,0.9996777142064401,0.9992895720526841,0.7526718787608203,-4.808664557688888,-1.186114339151881,-1.235059262263478,-0.8666710573054278,-0.2792066769225489,0.6504792310780612
0.9,160,3768,795,12049,0.9997686833300174,0.9995811768654106,0.7545998247320032,-4.769724899512007,-1.2560271541502916,-1.0720193152289483,-0.7799253375788177,-0.23902683662437546,0.5233439330199641
0.9,161,3768,815,11959,0.9960168278923306,0.9942683931002373,0.7542195608399933,-5.365608791877114,-0.8494058260554477,-1.1662774931171664,-0.8613977282348249,-0.23191226776430254,0.5660787071429518
0.9,162,3768,792,11668,0.9989836162068705,0.9989697002255434,0.7571111252464604,-5.078551657785573,-1.1019654694004535,-1.099825417846356,-0.8018220348845997,-0.2858202431440243,0.5000130373266488
0.9,163,3768,815,11020,0.9914874752149518,0.9963419895413507,0.7498096868981748,-3.77186530862732,-1.452156701943813,-1.1463783794431122,-0.8220632606088977,-0.2285914175158531,0.6084231653504956
0.9,164,3768,807,11547,0.9994607249751969,0.9992328732330719,0.7531573788690631,-4.6910346354075,-1.0847386576519127,-1.254038097425026,-0.8400926131163373,-0.20706275384452955,0.583929235104141
0.9,165,3768,794,11454,0.9992402178681069,0.9993826749221254,0.7485600875375069,-4.382210682052623,-1.2618879892103072,-1.040632009585186,-0.847692514973297,-0.20113514639134514,0.5947420577980493
0.9,166,3768,800,11724,0.9997532061155302,0.999357406674927,0.7491156267471929,-4.831958340295164,-1.202660657871919,-1.126177412687402,-0.7585599272067898,-0.1401925995557937,0.5354440034228295
0.9,167,3768,798,11990,0.9988835270120172,0.9992762472137445,0.7514293178817155,-5.5111587672016595,-1.237175925958042,-1.106034137018246,-0.8330595243733061,-0.2301062910161547,0.5976290450486392
0.9,168,3768,810,11300,0.99972403110231,0.9998146494402753,0.7541273800566635,-4.886297942763352,-1.1558167032579956,-1.0758764871245043,-0.8171460742020358,-0.22312236101569335,0.5544037138863569
0.9,169,3768,809,11515,0.9991507576719445,0.9991016216240707,0.7517613364798695,-4.737284323513813,-1.0099786677981337,-1.025594086882662,-0.8029101358150154,-0.21187060805074356,0.5387423021541139
0.9,170,3768,807,12157,0.9977718362601923,0.9968389228536845,0.751898152823748,-4.5237197994098866,-0.9371879235870554,-1.3305459248473435,-0.8404549584963729,-0.22352087470502083,0.5851140103959596
0.9,171,3768,824,11940,0.9995157175840681,0.9995299555410584,0.7485547940001893,-4.708874676273667,-1.3435111660470835,-1.1602417377781236,-0.8261265453121294,-0.17772712073404545,0.6103564191823663
0.9,172,3768,795,12063,0.996414053705335,0.9955641788385851,0.7507352049709609,-5.214084119311017,-0.8719154628191381,-1.1024941321239783,-0.8108171621123775,-0.19652919406348715,0.5100868410092302
0.9,173,3768,790,12124,0.9961305280179868,0.9965558547921143,0.7533638421365861,-6.02770741461661,-1.0709255748182567,-1.1676395137934765,-0.8253040502521599,-0.20528170445384974,0.5606018719378032
0.9,174,3768,807,12192,0.9975176846401272,0.9965688907567328,0.753028982991236,-4.930350778049676,-0.8697832685231119,-1.1312392072444535,-0.7914571128594116,-0.20834658155136954,0.5677487539786958
0.9,175,3768,800,11857,0.9996787587280063,0.9995665150631451,0.7540710346970447,-4.616742559446122,-1.2816129401169312,-1.1426507477491346,-0.7913710501266171,-0.2257272532479331,0.5045996780120792
0.9,176,3768,804,11879,0.9939217620609675,0.9934546568621516,0.7473371705018845,-5.846412171068094,-0.9312371156239239,-1.014387347741327,-0.8093407949115543,-0.14837922928513778,0.5650914903934675
0.9,177,3768,816,11802,0.999459064541816,0.9987036167315769,0.7558955013261665,-5.479118675853036,-1.4707880794226083,-1.2278812585322838,-0.8078028808213717,-0.25404831657860116,0.5808522715983686
0.9,178,3768,809,11941,0.9984975106428919,0.9982296104275334,0.7484493407448387,-4.514670989838859,-1.0477401503677457,-1.3156581471334146,-0.8319831129274958,-0.18462700835104445,0.64048983135169
0.9,179,3768,802,12034,0.9993171035153077,0.9989598402436266,0.7488852271979227,-4.9936886057194885,-1.158718390034546,-1.0349444235893428,-0.9118056821122823,-0.19745770821964273,0.581773950522459
0.9,180,3768,800,11750,0.9989400486044194,0.9991718386829179,0.7541607382956913,-5.669254744574963,-1.220473787535012,-1.2359036542846356,-0.8542615479916311,-0.26350627971268126,0.562170219297729
0.9,181,3768,802,11406,0.9955864957450087,0.9929830372452686,0.7561315895397259,-5.199276834361757,-0.7924214169724483,-1.2809013934788749,-0.8333654572253364,-0.23279900124349345,0.5292075690892316
0.9,182,3768,802,12355,0.9985441326689907,0.9980397184757535,0.7523721302932689,-4.964472665331273,-1.5438608773520819,-1.141101321796865,-0.8112983616456082,-0.22778003514237746,0.6158667724729036
0.9,183,3768,790,11137,0.9991677688187911,0.9989893168681715,0.7536962520898305,-5.119268197535128,-1.1168942541604605,-1.188851551800189,-0.8573630015290836,-0.27265794350099143,0.47588535624859907
0.9,184,3768,815,12218,0.9995122818499286,0.9994035209563175,0.751015422530208,-4.567758219362342,-1.1784996449960639,-1.1927441225667246,-0.8724359268006503,-0.23842537370562286,0.6388618204105531
0.9,185,3768,811,12280,0.9965132512594088,0.9966081930317812,0.7573143227095337,-6.011231172330292,-1.046467342892643,-1.207891918329523,-0.8781343080685088,-0.2585506851647097,0.595872503183617
0.9,186,3768,826,11771,0.9976365527053238,0.9980771218966771,0.7500931551079699,-5.6468734761815105,-1.200298595466329,-1.0778188728951168,-0.798512574887873,-0.18221143212433857,0.500700416878826
0.9,187,3768,802,11579,0.9986433558815595,0.9987810836040281,0.7479731305683762,-4.45525094367933,-1.3718231753862804,-1.1487812785600915,-0.7981055820032057,-0.14759684737702844,0.5718787328318431
0.9,188,3768,807,11985,0.9991814521716579,0.9991263781697273,0.7507071940642969,-4.135658766312933,-1.1084632693727596,-1.1010883130250773,-0.8142819543689997,-0.24494713310903915,0.5865810101948332
0.9,189,3768,803,11555,0.9998715059054535,0.9996913104046393,0.7514947739340959,-4.904629650237712,-1.2329686957508101,-1.2002162263177474,-0.793194354764878,-0.1859258223243465,0.5302059046978477
0.9,190,3768,807,11442,0.9990902740309464,0.9995051687510613,0.7498647562250929,-4.346742668710516,-1.2433967567769766,-1.1573218560443108,-0.8382968597855299,-0.22497122962651692,0.5934419002839705
0.9,191,3768,804,11658,0.9999009596048645,0.9997444989189772,0.7492902433856323,-4.687383587459646,-1.1594494074447708,-1.1086243234059663,-0.8429480818301546,-0.18917035152113326,0.6082185077789856
0.9,192,3768,812,11717,0.9995036963846933,0.9995398071853463,0.7551079187614952,-4.576690204743442,-1.173996488903903,-1.237996770781127,-0.8496495992897869,-0.2533738297442705,0.5873791835325194
0.9,193,3768,803,12167,0.9987724116309342,0.9981088928405318,0.7532561183411469,-4.924600462554277,-1.493372216251055,-1.2297057868075816,-0.7899821159596704,-0.25162310373375757,0.5139916290475981
0.9,194,3768,811,12362,0.9969356877410096,0.9977262687481889,0.7540673903408369,-6.179787259100688,-1.1923072793024458,-1.1600350408854745,-0.8814364791089544,-0.264200544073109,0.5791563582499836
0.9,195,3768,821,12027,0.9996970906312191,0.9995046738882603,0.750659374109762,-4.818295985596403,-1.0896400901229106,-1.1631435058186657,-0.8317346670231082,-0.2026668460035037,0.5955209676275012
0.9,196,3768,792,11754,0.9946777092803971,0.9971888147225986,0.7523936405099435,-3.7230739586831074,-1.1306921247642743,-1.2275853395822374,-0.8470921669062328,-0.20220698813957239,0.6082282254402704
0.9,197,3768,817,11290,0.9992737902664481,0.9994764418591912,0.748595177584326,-4.930772383834693,-1.1207682430611348,-1.0182581973075207,-0.820102002368191,-0.2061497117502259,0.5530105357231557
0.9,198,3768,800,12230,0.9996776509875561,0.9996111261190793,0.7502263525976842,-5.065270901079897,-1.2006433765313422,-1.1308572573174531,-0.8090397795746055,-0.16420137488098344,0.5877800978515328
0.9,199,3768,808,12055,0.9999100941096288,0.999931558692638,0.7542541859269845,-4.867956744084464,-1.1998141339578337,-1.1066619589871478,-0.8292748730159728,-0.2193863891129077,0.5590663404850842
