kind,lo,hi,sat,excl
one-sided,0.6,inf,0.9965167827739075,0.16367869615832364
one-sided,0.605,inf,0.9963584547181761,0.1656577415599534
one-sided,0.61,inf,0.9963584547181761,0.16868451688009312
one-sided,0.615,inf,0.9962792906903103,0.17077997671711287
one-sided,0.62,inf,0.9962792906903103,0.17334109429569267
one-sided,0.625,inf,0.9962792906903103,0.17694994179278234
one-sided,0.63,inf,0.9962001266624446,0.17986030267753206
one-sided,0.635,inf,0.9961209626345788,0.18277066356228178
one-sided,0.64,inf,0.9960417986067132,0.18509895227008144
one-sided,0.645,inf,0.9958834705509816,0.18894062863795114
one-sided,0.65,inf,0.9957251424952501,0.19348079161816067
one-sided,0.655,inf,0.9956459784673845,0.1977881257275902
one-sided,0.66,inf,0.9954084863837872,0.20104772991850994
one-sided,0.665,inf,0.9952501583280557,0.20512223515715944
one-sided,0.67,inf,0.9950918302723243,0.20942956926658907
one-sided,0.675,inf,0.9946960101329956,0.21478463329452857
one-sided,0.68,inf,0.9946168461051298,0.21955762514551802
one-sided,0.685,inf,0.9940626979100696,0.2233993015133876
one-sided,0.69,inf,0.9937460417986067,0.2274738067520372
one-sided,0.695,inf,0.9934293856871438,0.2338766006984866
one-sided,0.7,inf,0.9928752374920836,0.2393480791618161
one-sided,0.705,inf,0.9927169094363522,0.2461001164144354
one-sided,0.71,inf,0.9924794173527549,0.25203725261932475
one-sided,0.715,inf,0.9922419252691577,0.25855646100116414
one-sided,0.72,inf,0.9917669411019633,0.2658905704307334
one-sided,0.725,inf,0.9914502849905004,0.2713620488940629
one-sided,0.73,inf,0.9910544648511717,0.280558789289872
one-sided,0.735,inf,0.990025332488917,0.28812572759022115
one-sided,0.74,inf,0.9894711842938568,0.29464493597206054
one-sided,0.745,inf,0.9889170360987967,0.30267753201396974
one-sided,0.75,inf,0.9875712476250792,0.31327124563445863
one-sided,0.755,inf,0.9865421152628245,0.32118742724097793
one-sided,0.76,inf,0.9851171627612413,0.3313154831199069
one-sided,0.765,inf,0.9841671944268524,0.33899883585564605
one-sided,0.77,inf,0.9833755541481951,0.3477299185098952
one-sided,0.775,inf,0.9825839138695377,0.35739231664726423
one-sided,0.78,inf,0.9807631412286257,0.3674039580908033
one-sided,0.785,inf,0.9790215326155794,0.3774155995343422
one-sided,0.79,inf,0.9775965801139962,0.3875436554132713
one-sided,0.795,inf,0.9753008233058899,0.3959254947613504
one-sided,0.8,inf,0.9728467384420519,0.4064027939464494
one-sided,0.805,inf,0.9697593413552882,0.4157159487776484
one-sided,0.81,inf,0.9661177960734643,0.42817229336437723
one-sided,0.815,inf,0.9631095630145662,0.43771827706635624
one-sided,0.82,inf,0.9585180493983534,0.4466821885913853
one-sided,0.825,inf,0.9548765041165295,0.45890570430733413
one-sided,0.83,inf,0.9503641545281823,0.4690337601862631
one-sided,0.835,inf,0.9456143128562381,0.4784633294528522
one-sided,0.84,inf,0.9386478784040532,0.49010477299185096
one-sided,0.845,inf,0.9311272957568081,0.49790454016298025
one-sided,0.85,inf,0.9244775174160861,0.5073341094295692
one-sided,0.855,inf,0.9173527549081697,0.5143189755529686
one-sided,0.86,inf,0.9078530715642812,0.5227008149010477
one-sided,0.865,inf,0.8984325522482584,0.5327124563445867
one-sided,0.87,inf,0.8878245725142495,0.5413271245634459
one-sided,0.875,inf,0.8748416719442685,0.5511059371362048
one-sided,0.88,inf,0.8615421152628245,0.559487776484284
one-sided,0.885,inf,0.8467384420519316,0.5683352735739231
one-sided,0.89,inf,0.8328055731475618,0.5761350407450524
one-sided,0.895,inf,0.8151519949335022,0.5857974388824214
one-sided,0.9,inf,0.7926694110196327,0.5939464493597206
one-sided,0.905,inf,0.7704243191893604,0.6018626309662398
one-sided,0.91,inf,0.7458043065231159,0.609895227008149
one-sided,0.915,inf,0.7196010132995567,0.6181606519208382
one-sided,0.92,inf,0.6918936035465485,0.6259604190919674
one-sided,0.925,inf,0.6594363521215959,0.6360884749708964
one-sided,0.93,inf,0.6228625712476251,0.6473806752037252
one-sided,0.935,inf,0.5758391386953768,0.659720605355064
one-sided,0.94,inf,0.5320614312856238,0.669150174621653
one-sided,0.945,inf,0.4834547181760608,0.681140861466822
one-sided,0.95,inf,0.4390436985433819,0.6938300349243306
one-sided,0.955,inf,0.39787840405319824,0.7038416763678697
one-sided,0.96,inf,0.3552881570614313,0.7125727590221187
one-sided,0.965,inf,0.3125395820139329,0.7231664726426077
one-sided,0.97,inf,0.279290690310323,0.7308498253783469
one-sided,0.975,inf,0.24493350221659277,0.7391152502910361
one-sided,0.98,inf,0.21057631412286257,0.7469150174621653
one-sided,0.985,inf,0.1815231158961368,0.7536670547147846
one-sided,0.99,inf,0.15484483850538316,0.760186263096624
one-sided,0.995,inf,0.13236225459151363,0.7648428405122235
two-sided,0.6,1.0,0.8852121595946801,0.39476135040745053
two-sided,0.6,1.02,0.9240816972767575,0.38707799767171125
two-sided,0.6,1.04,0.9381728942368588,0.3821885913853318
two-sided,0.6,1.06,0.9434768841038632,0.3793946449359721
two-sided,0.6,1.08,0.9469601013299557,0.37520372526193246
two-sided,0.6,1.1,0.9485433818872704,0.36961583236321305
two-sided,0.6,1.12,0.949572514249525,0.36298020954598376
two-sided,0.6,1.14,0.9502058264724509,0.3527357392316647
two-sided,0.6,1.16,0.9506808106396454,0.3435389988358556
two-sided,0.6,1.18,0.9514724509183027,0.3272409778812573
two-sided,0.6,1.2,0.9517891070297657,0.3116414435389988
two-sided,0.6,1.22,0.9520265991133628,0.29476135040745055
two-sided,0.6,1.24,0.9521057631412286,0.2767171129220023
two-sided,0.6,1.26,0.9524224192526916,0.259604190919674
two-sided,0.6,1.28,0.952580747308423,0.24307334109429568
two-sided,0.6,1.3,0.952580747308423,0.22968568102444709
two-sided,0.6,1.32,0.952580747308423,0.21827706635622812
two-sided,0.6,1.34,0.9526599113362888,0.2086146682188591
two-sided,0.6,1.36,0.9526599113362888,0.20128055878928985
two-sided,0.6,1.38,0.9526599113362888,0.1963911525029104
two-sided,0.6,1.4,0.9526599113362888,0.19371362048894059
two-sided,0.6,1.42,0.9528182393920203,0.19220023282887078
two-sided,0.6,1.44,0.9528182393920203,0.1910360884749709
two-sided,0.6,1.46,0.9528182393920203,0.19045401629802095
two-sided,0.6,1.48,0.9528182393920203,0.1896391152502911
two-sided,0.6,1.5,0.9528182393920203,0.18940628637951107
two-sided,0.6,1.52,0.9528182393920203,0.18928987194412106
two-sided,0.6,1.54,0.9528182393920203,0.1887077997671711
two-sided,0.6,1.56,0.9529765674477517,0.18812572759022117
two-sided,0.6,1.58,0.953214059531349,0.18800931315483116
two-sided,0.6,1.6,0.9535307156428119,0.1870779976717113
two-sided,0.6,1.62,0.9539265357821406,0.18603026775320142
two-sided,0.6,1.64,0.9541640278657378,0.18509895227008144
two-sided,0.6,1.66,0.9550348321722609,0.1844004656577416
two-sided,0.6,1.68,0.9553514882837238,0.18393480791618155
two-sided,0.6,1.7,0.9559848005066498,0.18346915017462162
two-sided,0.6,1.72,0.9567764407853071,0.18265424912689177
two-sided,0.6,1.74,0.9569347688410387,0.18242142025611174
two-sided,0.6,1.76,0.9573305889803673,0.1818393480791618
two-sided,0.6,1.78,0.9578847371754274,0.1816065192083819
two-sided,0.6,1.8,0.9585180493983534,0.18090803259604193
two-sided,0.6,1.82,0.959230525649145,0.180325960419092
two-sided,0.6,1.84,0.9597055098163395,0.17974388824214205
two-sided,0.6,1.86,0.9612887903736542,0.17939464493597201
two-sided,0.6,1.88,0.9621595946801773,0.17892898719441208
two-sided,0.6,1.9,0.9634262191260291,0.17857974388824216
two-sided,0.6,1.92,0.9652469917669411,0.17811408614668223
two-sided,0.6,1.94,0.9669886003799874,0.17718277066356225
two-sided,0.6,1.96,0.968888537048765,0.17683352735739233
two-sided,0.6,1.98,0.9698385053831539,0.17601862630966236
two-sided,0.6,2.0,0.9708676377454085,0.17601862630966236
two-sided,0.6,2.02,0.9715009499683344,0.17566938300349244
two-sided,0.6,2.04,0.9736383787207094,0.17543655413271242
two-sided,0.6,2.06,0.9748258391386954,0.17450523864959255
two-sided,0.6,2.08,0.9760132995566815,0.17427240977881253
two-sided,0.6,2.1,0.977042431918936,0.1739231664726426
two-sided,0.6,2.12,0.9780715642811906,0.1735739231664727
two-sided,0.6,2.14,0.9798131728942369,0.17322467986030265
two-sided,0.6,2.16,0.9810797973400887,0.17217694994179278
two-sided,0.6,2.18,0.9823464217859404,0.17206053550640277
two-sided,0.6,2.2,0.9832963901203293,0.17182770663562286
two-sided,0.6,2.22,0.9840880303989867,0.1712456344586729
two-sided,0.6,2.24,0.9851963267891071,0.1711292200232829
two-sided,0.6,2.26,0.9855921469284357,0.1710128055878929
two-sided,0.6,2.28,0.9863837872070931,0.17077997671711287
two-sided,0.6,2.3,0.9874129195693477,0.17077997671711287
two-sided,0.6,2.32,0.9879670677644079,0.17077997671711287
two-sided,0.6,2.34,0.988837872070931,0.17043073341094295
two-sided,0.6,2.36,0.9893128562381254,0.17008149010477303
two-sided,0.6,2.38,0.990025332488917,0.16996507566938301
two-sided,0.6,2.4,0.9905003166561115,0.169848661233993
two-sided,0.6,2.42,0.9909753008233059,0.1696158323632131
two-sided,0.6,2.44,0.9910544648511717,0.16915017462165305
two-sided,0.6,2.46,0.9912919569347688,0.16915017462165305
two-sided,0.6,2.48,0.9916877770740975,0.16915017462165305
two-sided,0.6,2.5,0.9920835972134262,0.16915017462165305
two-sided,0.6,2.52,0.9922419252691577,0.16915017462165305
two-sided,0.6,2.54,0.9924794173527549,0.16880093131548313
two-sided,0.6,2.56,0.9925585813806207,0.16868451688009312
two-sided,0.6,2.58,0.9926377454084864,0.16868451688009312
two-sided,0.6,2.6,0.9927960734642178,0.1683352735739232
two-sided,0.6,2.62,0.9928752374920836,0.16821885913853318
two-sided,0.6,2.64,0.9929544015199493,0.16821885913853318
two-sided,0.6,2.66,0.9931127295756809,0.16810244470314317
two-sided,0.6,2.68,0.9931127295756809,0.16775320139697325
two-sided,0.6,2.7,0.9932710576314123,0.16763678696158324
two-sided,0.6,2.72,0.993350221659278,0.16752037252619323
two-sided,0.6,2.74,0.9935085497150095,0.16740395809080322
two-sided,0.6,2.76,0.9935877137428752,0.16740395809080322
two-sided,0.6,2.78,0.993666877770741,0.1670547147846333
two-sided,0.6,2.8,0.9942210259658011,0.16693830034924328
two-sided,0.6,2.82,0.9946960101329956,0.16693830034924328
two-sided,0.6,2.84,0.9946960101329956,0.16670547147846337
two-sided,0.6,2.86,0.994854338188727,0.16647264260768335
two-sided,0.6,2.88,0.9950918302723243,0.16623981373690333
two-sided,0.6,2.9,0.99517099430019,0.16600698486612342
two-sided,0.6,2.92,0.9952501583280557,0.1658905704307334
two-sided,0.6,2.94,0.9953293223559214,0.1658905704307334
two-sided,0.6,2.96,0.9954084863837872,0.1657741559953434
two-sided,0.6,2.98,0.9954084863837872,0.1657741559953434
two-sided,0.6,3.0,0.9954084863837872,0.1656577415599534
two-sided,0.6,3.02,0.9954084863837872,0.1655413271245635
two-sided,0.6,3.04,0.995487650411653,0.16542491268917348
two-sided,0.6,3.06,0.9955668144395187,0.16519208381839345
two-sided,0.6,3.08,0.9955668144395187,0.16495925494761354
two-sided,0.6,3.1,0.9956459784673845,0.16484284051222353
two-sided,0.6,3.12,0.9956459784673845,0.16472642607683352
two-sided,0.6,3.14,0.9956459784673845,0.16472642607683352
two-sided,0.6,3.16,0.9957251424952501,0.1646100116414435
two-sided,0.6,3.18,0.9957251424952501,0.1646100116414435
two-sided,0.6,3.2,0.9957251424952501,0.1646100116414435
two-sided,0.6,3.22,0.9957251424952501,0.1646100116414435
two-sided,0.6,3.24,0.9957251424952501,0.1644935972060535
two-sided,0.6,3.26,0.9958043065231159,0.1644935972060535
two-sided,0.6,3.28,0.9958043065231159,0.1644935972060535
two-sided,0.6,3.3,0.9958043065231159,0.1644935972060535
two-sided,0.6,3.32,0.9958834705509816,0.1642607683352736
two-sided,0.6,3.34,0.9959626345788474,0.1642607683352736
two-sided,0.6,3.36,0.9959626345788474,0.16414435389988358
two-sided,0.6,3.38,0.9959626345788474,0.16414435389988358
two-sided,0.6,3.4,0.9959626345788474,0.16414435389988358
two-sided,0.6,3.42,0.9959626345788474,0.16414435389988358
two-sided,0.6,3.44,0.9959626345788474,0.16414435389988358
two-sided,0.6,3.46,0.9960417986067132,0.16414435389988358
two-sided,0.6,3.48,0.9960417986067132,0.16414435389988358
two-sided,0.6,3.5,0.9961209626345788,0.16414435389988358
two-sided,0.6,3.52,0.9961209626345788,0.16414435389988358
two-sided,0.6,3.54,0.9962001266624446,0.16414435389988358
two-sided,0.6,3.56,0.9962001266624446,0.16414435389988358
two-sided,0.6,3.58,0.9962001266624446,0.16414435389988358
two-sided,0.61,1.0,0.8850538315389487,0.39976717112922
two-sided,0.61,1.02,0.9239233692210259,0.39208381839348083
two-sided,0.61,1.04,0.9380145661811273,0.38719441210710126
two-sided,0.61,1.06,0.9433185560481318,0.38440046565774155
two-sided,0.61,1.08,0.9468017732742242,0.38020954598370194
two-sided,0.61,1.1,0.9483850538315389,0.3746216530849825
two-sided,0.61,1.12,0.9494141861937936,0.36798603026775323
two-sided,0.61,1.14,0.9500474984167194,0.35774155995343426
two-sided,0.61,1.16,0.9505224825839139,0.3485448195576252
two-sided,0.61,1.18,0.9513141228625712,0.33224679860302675
two-sided,0.61,1.2,0.9516307789740343,0.3166472642607684
two-sided,0.61,1.22,0.9518682710576314,0.29976717112922
two-sided,0.61,1.24,0.9519474350854972,0.2817229336437719
two-sided,0.61,1.26,0.9522640911969601,0.2646100116414435
two-sided,0.61,1.28,0.9524224192526916,0.24807916181606515
two-sided,0.61,1.3,0.9524224192526916,0.23469150174621656
two-sided,0.61,1.32,0.9524224192526916,0.2232828870779977
two-sided,0.61,1.34,0.9525015832805573,0.21362048894062868
two-sided,0.61,1.36,0.9525015832805573,0.20628637951105933
two-sided,0.61,1.38,0.9525015832805573,0.20139697322467986
two-sided,0.61,1.4,0.9525015832805573,0.19871944121071017
two-sided,0.61,1.42,0.9526599113362888,0.19720605355064025
two-sided,0.61,1.44,0.9526599113362888,0.19604190919674036
two-sided,0.61,1.46,0.9526599113362888,0.19545983701979042
two-sided,0.61,1.48,0.9526599113362888,0.19464493597206056
two-sided,0.61,1.5,0.9526599113362888,0.19441210710128054
two-sided,0.61,1.52,0.9526599113362888,0.19429569266589053
two-sided,0.61,1.54,0.9526599113362888,0.19371362048894059
two-sided,0.61,1.56,0.9528182393920203,0.19313154831199064
two-sided,0.61,1.58,0.9530557314756175,0.19301513387660074
two-sided,0.61,1.6,0.9533723875870804,0.19208381839348077
two-sided,0.61,1.62,0.9537682077264091,0.1910360884749709
two-sided,0.61,1.64,0.9540056998100064,0.19010477299185102
two-sided,0.61,1.66,0.9548765041165295,0.18940628637951107
two-sided,0.61,1.68,0.9551931602279924,0.18894062863795114
two-sided,0.61,1.7,0.9558264724509183,0.1884749708963912
two-sided,0.61,1.72,0.9566181127295756,0.18766006984866124
two-sided,0.61,1.74,0.9567764407853071,0.18742724097788122
two-sided,0.61,1.76,0.9571722609246358,0.18684516880093127
two-sided,0.61,1.78,0.957726409119696,0.18661233993015136
two-sided,0.61,1.8,0.9583597213426219,0.1859138533178114
two-sided,0.61,1.82,0.9590721975934136,0.18533178114086146
two-sided,0.61,1.84,0.9595471817606079,0.18474970896391152
two-sided,0.61,1.86,0.9611304623179228,0.1844004656577416
two-sided,0.61,1.88,0.9620012666244458,0.18393480791618155
two-sided,0.61,1.9,0.9632678910702976,0.18358556461001163
two-sided,0.61,1.92,0.9650886637112096,0.1831199068684517
two-sided,0.61,1.94,0.9668302723242559,0.18218859138533183
two-sided,0.61,1.96,0.9687302089930335,0.1818393480791618
two-sided,0.61,1.98,0.9696801773274224,0.18102444703143195
two-sided,0.61,2.0,0.9707093096896771,0.18102444703143195
two-sided,0.61,2.02,0.9713426219126029,0.1806752037252619
two-sided,0.61,2.04,0.9734800506649778,0.180442374854482
two-sided,0.61,2.06,0.9746675110829639,0.17951105937136203
two-sided,0.61,2.08,0.97585497150095,0.17927823050058211
two-sided,0.61,2.1,0.9768841038632046,0.17892898719441208
two-sided,0.61,2.12,0.9779132362254591,0.17857974388824216
two-sided,0.61,2.14,0.9796548448385054,0.17823050058207213
two-sided,0.61,2.16,0.9809214692843572,0.17718277066356225
two-sided,0.61,2.18,0.982188093730209,0.17706635622817224
two-sided,0.61,2.2,0.9831380620645979,0.17683352735739233
two-sided,0.61,2.22,0.9839297023432553,0.17625145518044238
two-sided,0.61,2.24,0.9850379987333756,0.17613504074505237
two-sided,0.61,2.26,0.9854338188727042,0.17601862630966236
two-sided,0.61,2.28,0.9862254591513616,0.17578579743888245
two-sided,0.61,2.3,0.9872545915136162,0.17578579743888245
two-sided,0.61,2.32,0.9878087397086763,0.17578579743888245
two-sided,0.61,2.34,0.9886795440151995,0.17543655413271242
two-sided,0.61,2.36,0.9891545281823939,0.1750873108265425
two-sided,0.61,2.38,0.9898670044331855,0.1749708963911525
two-sided,0.61,2.4,0.99034198860038,0.17485448195576248
two-sided,0.61,2.42,0.9908169727675744,0.17462165308498256
two-sided,0.61,2.44,0.9908961367954402,0.17415599534342263
two-sided,0.61,2.46,0.9911336288790373,0.17415599534342263
two-sided,0.61,2.48,0.991529449018366,0.17415599534342263
two-sided,0.61,2.5,0.9919252691576947,0.17415599534342263
two-sided,0.61,2.52,0.9920835972134262,0.17415599534342263
two-sided,0.61,2.54,0.9923210892970235,0.1738067520372526
two-sided,0.61,2.56,0.9924002533248891,0.1736903376018626
two-sided,0.61,2.58,0.9924794173527549,0.1736903376018626
two-sided,0.61,2.6,0.9926377454084864,0.17334109429569267
two-sided,0.61,2.62,0.9927169094363522,0.17322467986030265
two-sided,0.61,2.64,0.9927960734642178,0.17322467986030265
two-sided,0.61,2.66,0.9929544015199493,0.17310826542491264
two-sided,0.61,2.68,0.9929544015199493,0.17275902211874272
two-sided,0.61,2.7,0.9931127295756809,0.1726426076833527
two-sided,0.61,2.72,0.9931918936035465,0.1725261932479627
two-sided,0.61,2.74,0.993350221659278,0.1724097788125728
two-sided,0.61,2.76,0.9934293856871438,0.1724097788125728
two-sided,0.61,2.78,0.9935085497150095,0.17206053550640277
two-sided,0.61,2.8,0.9940626979100696,0.17194412107101276
two-sided,0.61,2.82,0.9945376820772641,0.17194412107101276
two-sided,0.61,2.84,0.9945376820772641,0.17171129220023285
two-sided,0.61,2.86,0.9946960101329956,0.17147846332945282
two-sided,0.61,2.88,0.9949335022165928,0.1712456344586729
two-sided,0.61,2.9,0.9950126662444585,0.1710128055878929
two-sided,0.61,2.92,0.9950918302723243,0.17089639115250288
two-sided,0.61,2.94,0.99517099430019,0.17089639115250288
two-sided,0.61,2.96,0.9952501583280557,0.17077997671711287
two-sided,0.61,2.98,0.9952501583280557,0.17077997671711287
two-sided,0.61,3.0,0.9952501583280557,0.17066356228172297
two-sided,0.61,3.02,0.9952501583280557,0.17054714784633296
two-sided,0.61,3.04,0.9953293223559214,0.17043073341094295
two-sided,0.61,3.06,0.9954084863837872,0.17019790454016293
two-sided,0.61,3.08,0.9954084863837872,0.16996507566938301
two-sided,0.61,3.1,0.995487650411653,0.169848661233993
two-sided,0.61,3.12,0.995487650411653,0.169732246798603
two-sided,0.61,3.14,0.995487650411653,0.169732246798603
two-sided,0.61,3.16,0.9955668144395187,0.1696158323632131
two-sided,0.61,3.18,0.9955668144395187,0.1696158323632131
two-sided,0.61,3.2,0.9955668144395187,0.1696158323632131
two-sided,0.61,3.22,0.9955668144395187,0.1696158323632131
two-sided,0.61,3.24,0.9955668144395187,0.16949941792782308
two-sided,0.61,3.26,0.9956459784673845,0.16949941792782308
two-sided,0.61,3.28,0.9956459784673845,0.16949941792782308
two-sided,0.61,3.3,0.9956459784673845,0.16949941792782308
two-sided,0.61,3.32,0.9957251424952501,0.16926658905704306
two-sided,0.61,3.34,0.9958043065231159,0.16926658905704306
two-sided,0.61,3.36,0.9958043065231159,0.16915017462165305
two-sided,0.61,3.38,0.9958043065231159,0.16915017462165305
two-sided,0.61,3.4,0.9958043065231159,0.16915017462165305
two-sided,0.61,3.42,0.9958043065231159,0.16915017462165305
two-sided,0.61,3.44,0.9958043065231159,0.16915017462165305
two-sided,0.61,3.46,0.9958834705509816,0.16915017462165305
two-sided,0.61,3.48,0.9958834705509816,0.16915017462165305
two-sided,0.61,3.5,0.9959626345788474,0.16915017462165305
two-sided,0.61,3.52,0.9959626345788474,0.16915017462165305
two-sided,0.61,3.54,0.9960417986067132,0.16915017462165305
two-sided,0.61,3.56,0.9960417986067132,0.16915017462165305
two-sided,0.61,3.58,0.9960417986067132,0.16915017462165305
two-sided,0.62,1.0,0.884974667511083,0.40442374854481955
two-sided,0.62,1.02,0.9238442051931602,0.39674039580908027
two-sided,0.62,1.04,0.9379354021532615,0.3918509895227008
two-sided,0.62,1.06,0.943239392020266,0.3890570430733411
two-sided,0.62,1.08,0.9467226092463584,0.3848661233993015
two-sided,0.62,1.1,0.9483058898036733,0.37927823050058207
two-sided,0.62,1.12,0.9493350221659278,0.3726426076833528
two-sided,0.62,1.14,0.9499683343888538,0.3623981373690338
two-sided,0.62,1.16,0.9504433185560481,0.3532013969732247
two-sided,0.62,1.18,0.9512349588347055,0.3369033760186263
two-sided,0.62,1.2,0.9515516149461685,0.32130384167636783
two-sided,0.62,1.22,0.9517891070297657,0.3044237485448196
two-sided,0.62,1.24,0.9518682710576314,0.2863795110593713
two-sided,0.62,1.26,0.9521849271690943,0.26926658905704304
two-sided,0.62,1.28,0.9523432552248259,0.2527357392316647
two-sided,0.62,1.3,0.9523432552248259,0.2393480791618161
two-sided,0.62,1.32,0.9523432552248259,0.22793946449359725
two-sided,0.62,1.34,0.9524224192526916,0.21827706635622812
two-sided,0.62,1.36,0.9524224192526916,0.21094295692665888
two-sided,0.62,1.38,0.9524224192526916,0.20605355064027941
two-sided,0.62,1.4,0.9524224192526916,0.2033760186263096
two-sided,0.62,1.42,0.952580747308423,0.2018626309662398
two-sided,0.62,1.44,0.952580747308423,0.2006984866123399
two-sided,0.62,1.46,0.952580747308423,0.20011641443538997
two-sided,0.62,1.48,0.952580747308423,0.1993015133876601
two-sided,0.62,1.5,0.952580747308423,0.1990686845168801
two-sided,0.62,1.52,0.952580747308423,0.19895227008149008
two-sided,0.62,1.54,0.952580747308423,0.19837019790454014
two-sided,0.62,1.56,0.9527390753641545,0.1977881257275902
two-sided,0.62,1.58,0.9529765674477517,0.19767171129220018
two-sided,0.62,1.6,0.9532932235592146,0.19674039580908032
two-sided,0.62,1.62,0.9536890436985433,0.19569266589057044
two-sided,0.62,1.64,0.9539265357821406,0.19476135040745057
two-sided,0.62,1.66,0.9547973400886637,0.19406286379511062
two-sided,0.62,1.68,0.9551139962001267,0.19359720605355069
two-sided,0.62,1.7,0.9557473084230526,0.19313154831199064
two-sided,0.62,1.72,0.95653894870171,0.1923166472642608
two-sided,0.62,1.74,0.9566972767574414,0.19208381839348077
two-sided,0.62,1.76,0.9570930968967701,0.19150174621653082
two-sided,0.62,1.78,0.9576472450918303,0.1912689173457509
two-sided,0.62,1.8,0.9582805573147561,0.19057043073341096
two-sided,0.62,1.82,0.9589930335655478,0.189988358556461
two-sided,0.62,1.84,0.9594680177327423,0.18940628637951107
two-sided,0.62,1.86,0.961051298290057,0.18905704307334115
two-sided,0.62,1.88,0.9619221025965801,0.1885913853317811
two-sided,0.62,1.9,0.963188727042432,0.18824214202561118
two-sided,0.62,1.92,0.9650094996833439,0.18777648428405125
two-sided,0.62,1.94,0.9667511082963901,0.18684516880093127
two-sided,0.62,1.96,0.9686510449651679,0.18649592549476135
two-sided,0.62,1.98,0.9696010132995567,0.18568102444703138
two-sided,0.62,2.0,0.9706301456618113,0.18568102444703138
two-sided,0.62,2.02,0.9712634578847372,0.18533178114086146
two-sided,0.62,2.04,0.9734008866371121,0.18509895227008144
two-sided,0.62,2.06,0.9745883470550981,0.18416763678696157
two-sided,0.62,2.08,0.9757758074730842,0.18393480791618155
two-sided,0.62,2.1,0.9768049398353388,0.18358556461001163
two-sided,0.62,2.12,0.9778340721975934,0.1832363213038417
two-sided,0.62,2.14,0.9795756808106396,0.18288707799767168
two-sided,0.62,2.16,0.9808423052564914,0.1818393480791618
two-sided,0.62,2.18,0.9821089297023432,0.1817229336437718
two-sided,0.62,2.2,0.9830588980367321,0.18149010477299188
two-sided,0.62,2.22,0.9838505383153895,0.18090803259604193
two-sided,0.62,2.24,0.9849588347055098,0.18079161816065192
two-sided,0.62,2.26,0.9853546548448385,0.1806752037252619
two-sided,0.62,2.28,0.9861462951234958,0.180442374854482
two-sided,0.62,2.3,0.9871754274857505,0.180442374854482
two-sided,0.62,2.32,0.9877295756808107,0.180442374854482
two-sided,0.62,2.34,0.9886003799873337,0.18009313154831197
two-sided,0.62,2.36,0.9890753641545282,0.17974388824214205
two-sided,0.62,2.38,0.9897878404053199,0.17962747380675204
two-sided,0.62,2.4,0.9902628245725142,0.17951105937136203
two-sided,0.62,2.42,0.9907378087397086,0.17927823050058211
two-sided,0.62,2.44,0.9908169727675744,0.17881257275902207
two-sided,0.62,2.46,0.9910544648511717,0.17881257275902207
two-sided,0.62,2.48,0.9914502849905004,0.17881257275902207
two-sided,0.62,2.5,0.991846105129829,0.17881257275902207
two-sided,0.62,2.52,0.9920044331855605,0.17881257275902207
two-sided,0.62,2.54,0.9922419252691577,0.17846332945285215
two-sided,0.62,2.56,0.9923210892970235,0.17834691501746214
two-sided,0.62,2.58,0.9924002533248891,0.17834691501746214
two-sided,0.62,2.6,0.9925585813806207,0.17799767171129222
two-sided,0.62,2.62,0.9926377454084864,0.1778812572759022
two-sided,0.62,2.64,0.9927169094363522,0.1778812572759022
two-sided,0.62,2.66,0.9928752374920836,0.1777648428405122
two-sided,0.62,2.68,0.9928752374920836,0.17741559953434227
two-sided,0.62,2.7,0.9930335655478151,0.17729918509895226
two-sided,0.62,2.72,0.9931127295756809,0.17718277066356225
two-sided,0.62,2.74,0.9932710576314123,0.17706635622817224
two-sided,0.62,2.76,0.993350221659278,0.17706635622817224
two-sided,0.62,2.78,0.9934293856871438,0.17671711292200232
two-sided,0.62,2.8,0.993983533882204,0.1766006984866123
two-sided,0.62,2.82,0.9944585180493983,0.1766006984866123
two-sided,0.62,2.84,0.9944585180493983,0.1763678696158324
two-sided,0.62,2.86,0.9946168461051298,0.17613504074505237
two-sided,0.62,2.88,0.994854338188727,0.17590221187427246
two-sided,0.62,2.9,0.9949335022165928,0.17566938300349244
two-sided,0.62,2.92,0.9950126662444585,0.17555296856810243
two-sided,0.62,2.94,0.9950918302723243,0.17555296856810243
two-sided,0.62,2.96,0.99517099430019,0.17543655413271242
two-sided,0.62,2.98,0.99517099430019,0.17543655413271242
two-sided,0.62,3.0,0.99517099430019,0.17532013969732252
two-sided,0.62,3.02,0.99517099430019,0.1752037252619325
two-sided,0.62,3.04,0.9952501583280557,0.1750873108265425
two-sided,0.62,3.06,0.9953293223559214,0.17485448195576248
two-sided,0.62,3.08,0.9953293223559214,0.17462165308498256
two-sided,0.62,3.1,0.9954084863837872,0.17450523864959255
two-sided,0.62,3.12,0.9954084863837872,0.17438882421420254
two-sided,0.62,3.14,0.9954084863837872,0.17438882421420254
two-sided,0.62,3.16,0.995487650411653,0.17427240977881253
two-sided,0.62,3.18,0.995487650411653,0.17427240977881253
two-sided,0.62,3.2,0.995487650411653,0.17427240977881253
two-sided,0.62,3.22,0.995487650411653,0.17427240977881253
two-sided,0.62,3.24,0.995487650411653,0.17415599534342263
two-sided,0.62,3.26,0.9955668144395187,0.17415599534342263
two-sided,0.62,3.28,0.9955668144395187,0.17415599534342263
two-sided,0.62,3.3,0.9955668144395187,0.17415599534342263
two-sided,0.62,3.32,0.9956459784673845,0.1739231664726426
two-sided,0.62,3.34,0.9957251424952501,0.1739231664726426
two-sided,0.62,3.36,0.9957251424952501,0.1738067520372526
two-sided,0.62,3.38,0.9957251424952501,0.1738067520372526
two-sided,0.62,3.4,0.9957251424952501,0.1738067520372526
two-sided,0.62,3.42,0.9957251424952501,0.1738067520372526
two-sided,0.62,3.44,0.9957251424952501,0.1738067520372526
two-sided,0.62,3.46,0.9958043065231159,0.1738067520372526
two-sided,0.62,3.48,0.9958043065231159,0.1738067520372526
two-sided,0.62,3.5,0.9958834705509816,0.1738067520372526
two-sided,0.62,3.52,0.9958834705509816,0.1738067520372526
two-sided,0.62,3.54,0.9959626345788474,0.1738067520372526
two-sided,0.62,3.56,0.9959626345788474,0.1738067520372526
two-sided,0.62,3.58,0.9959626345788474,0.1738067520372526
two-sided,0.63,1.0,0.8848955034832172,0.41094295692665894
two-sided,0.63,1.02,0.9237650411652945,0.40325960419091966
two-sided,0.63,1.04,0.9378562381253959,0.3983701979045402
two-sided,0.63,1.06,0.9431602279924003,0.3955762514551805
two-sided,0.63,1.08,0.9466434452184928,0.3913853317811409
two-sided,0.63,1.1,0.9482267257758075,0.38579743888242146
two-sided,0.63,1.12,0.949255858138062,0.37916181606519206
two-sided,0.63,1.14,0.949889170360988,0.3689173457508731
two-sided,0.63,1.16,0.9503641545281823,0.359720605355064
two-sided,0.63,1.18,0.9511557948068398,0.3434225844004657
two-sided,0.63,1.2,0.9514724509183027,0.3278230500582072
two-sided,0.63,1.22,0.9517099430018999,0.31094295692665885
two-sided,0.63,1.24,0.9517891070297657,0.2928987194412107
two-sided,0.63,1.26,0.9521057631412286,0.27578579743888243
two-sided,0.63,1.28,0.9522640911969601,0.2592549476135041
two-sided,0.63,1.3,0.9522640911969601,0.2458672875436554
two-sided,0.63,1.32,0.9522640911969601,0.23445867287543654
two-sided,0.63,1.34,0.9523432552248259,0.22479627473806751
two-sided,0.63,1.36,0.9523432552248259,0.21746216530849827
two-sided,0.63,1.38,0.9523432552248259,0.2125727590221187
two-sided,0.63,1.4,0.9523432552248259,0.209895227008149
two-sided,0.63,1.42,0.9525015832805573,0.2083818393480792
two-sided,0.63,1.44,0.9525015832805573,0.2072176949941793
two-sided,0.63,1.46,0.9525015832805573,0.20663562281722936
two-sided,0.63,1.48,0.9525015832805573,0.2058207217694994
two-sided,0.63,1.5,0.9525015832805573,0.20558789289871948
two-sided,0.63,1.52,0.9525015832805573,0.20547147846332947
two-sided,0.63,1.54,0.9525015832805573,0.20488940628637953
two-sided,0.63,1.56,0.9526599113362888,0.20430733410942958
two-sided,0.63,1.58,0.952897403419886,0.20419091967403957
two-sided,0.63,1.6,0.953214059531349,0.2032596041909197
two-sided,0.63,1.62,0.9536098796706777,0.20221187427240983
two-sided,0.63,1.64,0.9538473717542748,0.20128055878928985
two-sided,0.63,1.66,0.954718176060798,0.2005820721769499
two-sided,0.63,1.68,0.9550348321722609,0.20011641443538997
two-sided,0.63,1.7,0.9556681443951869,0.19965075669383003
two-sided,0.63,1.72,0.9564597846738442,0.19883585564610007
two-sided,0.63,1.74,0.9566181127295756,0.19860302677532016
two-sided,0.63,1.76,0.9570139328689043,0.1980209545983702
two-sided,0.63,1.78,0.9575680810639645,0.1977881257275902
two-sided,0.63,1.8,0.9582013932868905,0.19708963911525024
two-sided,0.63,1.82,0.9589138695376821,0.1965075669383004
two-sided,0.63,1.84,0.9593888537048765,0.19592549476135046
two-sided,0.63,1.86,0.9609721342621913,0.19557625145518043
two-sided,0.63,1.88,0.9618429385687144,0.1951105937136205
two-sided,0.63,1.9,0.9631095630145662,0.19476135040745057
two-sided,0.63,1.92,0.9649303356554781,0.19429569266589053
two-sided,0.63,1.94,0.9666719442685244,0.19336437718277066
two-sided,0.63,1.96,0.9685718809373021,0.19301513387660074
two-sided,0.63,1.98,0.9695218492716909,0.19220023282887078
two-sided,0.63,2.0,0.9705509816339455,0.19220023282887078
two-sided,0.63,2.02,0.9711842938568714,0.19185098952270085
two-sided,0.63,2.04,0.9733217226092463,0.19161816065192083
two-sided,0.63,2.06,0.9745091830272324,0.19068684516880097
two-sided,0.63,2.08,0.9756966434452184,0.19045401629802095
two-sided,0.63,2.1,0.9767257758074731,0.19010477299185102
two-sided,0.63,2.12,0.9777549081697277,0.189755529685681
two-sided,0.63,2.14,0.9794965167827739,0.18940628637951107
two-sided,0.63,2.16,0.9807631412286257,0.1883585564610012
two-sided,0.63,2.18,0.9820297656744775,0.18824214202561118
two-sided,0.63,2.2,0.9829797340088664,0.18800931315483116
two-sided,0.63,2.22,0.9837713742875237,0.18742724097788122
two-sided,0.63,2.24,0.984879670677644,0.18731082654249132
two-sided,0.63,2.26,0.9852754908169727,0.1871944121071013
two-sided,0.63,2.28,0.9860671310956302,0.18696158323632128
two-sided,0.63,2.3,0.9870962634578847,0.18696158323632128
two-sided,0.63,2.32,0.9876504116529449,0.18696158323632128
two-sided,0.63,2.34,0.9885212159594681,0.18661233993015136
two-sided,0.63,2.36,0.9889962001266625,0.18626309662398133
two-sided,0.63,2.38,0.9897086763774541,0.18614668218859143
two-sided,0.63,2.4,0.9901836605446485,0.18603026775320142
two-sided,0.63,2.42,0.990658644711843,0.1857974388824214
two-sided,0.63,2.44,0.9907378087397086,0.18533178114086146
two-sided,0.63,2.46,0.9909753008233059,0.18533178114086146
two-sided,0.63,2.48,0.9913711209626346,0.18533178114086146
two-sided,0.63,2.5,0.9917669411019633,0.18533178114086146
two-sided,0.63,2.52,0.9919252691576947,0.18533178114086146
two-sided,0.63,2.54,0.992162761241292,0.18498253783469154
two-sided,0.63,2.56,0.9922419252691577,0.18486612339930153
two-sided,0.63,2.58,0.9923210892970235,0.18486612339930153
two-sided,0.63,2.6,0.9924794173527549,0.1845168800931315
two-sided,0.63,2.62,0.9925585813806207,0.1844004656577416
two-sided,0.63,2.64,0.9926377454084864,0.1844004656577416
two-sided,0.63,2.66,0.9927960734642178,0.18428405122235159
two-sided,0.63,2.68,0.9927960734642178,0.18393480791618155
two-sided,0.63,2.7,0.9929544015199493,0.18381839348079165
two-sided,0.63,2.72,0.9930335655478151,0.18370197904540164
two-sided,0.63,2.74,0.9931918936035465,0.18358556461001163
two-sided,0.63,2.76,0.9932710576314123,0.18358556461001163
two-sided,0.63,2.78,0.993350221659278,0.1832363213038417
two-sided,0.63,2.8,0.9939043698543382,0.1831199068684517
two-sided,0.63,2.82,0.9943793540215327,0.1831199068684517
two-sided,0.63,2.84,0.9943793540215327,0.18288707799767168
two-sided,0.63,2.86,0.9945376820772641,0.18265424912689177
two-sided,0.63,2.88,0.9947751741608613,0.18242142025611174
two-sided,0.63,2.9,0.994854338188727,0.18218859138533183
two-sided,0.63,2.92,0.9949335022165928,0.18207217694994182
two-sided,0.63,2.94,0.9950126662444585,0.18207217694994182
two-sided,0.63,2.96,0.9950918302723243,0.1819557625145518
two-sided,0.63,2.98,0.9950918302723243,0.1819557625145518
two-sided,0.63,3.0,0.9950918302723243,0.1818393480791618
two-sided,0.63,3.02,0.9950918302723243,0.1817229336437718
two-sided,0.63,3.04,0.99517099430019,0.1816065192083819
two-sided,0.63,3.06,0.9952501583280557,0.18137369033760187
two-sided,0.63,3.08,0.9952501583280557,0.18114086146682185
two-sided,0.63,3.1,0.9953293223559214,0.18102444703143195
two-sided,0.63,3.12,0.9953293223559214,0.18090803259604193
two-sided,0.63,3.14,0.9953293223559214,0.18090803259604193
two-sided,0.63,3.16,0.9954084863837872,0.18079161816065192
two-sided,0.63,3.18,0.9954084863837872,0.18079161816065192
two-sided,0.63,3.2,0.9954084863837872,0.18079161816065192
two-sided,0.63,3.22,0.9954084863837872,0.18079161816065192
two-sided,0.63,3.24,0.9954084863837872,0.1806752037252619
two-sided,0.63,3.26,0.995487650411653,0.1806752037252619
two-sided,0.63,3.28,0.995487650411653,0.1806752037252619
two-sided,0.63,3.3,0.995487650411653,0.1806752037252619
two-sided,0.63,3.32,0.9955668144395187,0.180442374854482
two-sided,0.63,3.34,0.9956459784673845,0.180442374854482
two-sided,0.63,3.36,0.9956459784673845,0.180325960419092
two-sided,0.63,3.38,0.9956459784673845,0.180325960419092
two-sided,0.63,3.4,0.9956459784673845,0.180325960419092
two-sided,0.63,3.42,0.9956459784673845,0.180325960419092
two-sided,0.63,3.44,0.9956459784673845,0.180325960419092
two-sided,0.63,3.46,0.9957251424952501,0.180325960419092
two-sided,0.63,3.48,0.9957251424952501,0.180325960419092
two-sided,0.63,3.5,0.9958043065231159,0.180325960419092
two-sided,0.63,3.52,0.9958043065231159,0.180325960419092
two-sided,0.63,3.54,0.9958834705509816,0.180325960419092
two-sided,0.63,3.56,0.9958834705509816,0.180325960419092
two-sided,0.63,3.58,0.9958834705509816,0.180325960419092
two-sided,0.64,1.0,0.8847371754274858,0.41618160651920844
two-sided,0.64,1.02,0.923606713109563,0.40849825378346916
two-sided,0.64,1.04,0.9376979100696643,0.4036088474970896
two-sided,0.64,1.06,0.9430018999366688,0.4008149010477299
two-sided,0.64,1.08,0.9464851171627613,0.39662398137369037
two-sided,0.64,1.1,0.948068397720076,0.39103608847497084
two-sided,0.64,1.12,0.9490975300823306,0.38440046565774155
two-sided,0.64,1.14,0.9497308423052565,0.3741559953434226
two-sided,0.64,1.16,0.9502058264724509,0.3649592549476135
two-sided,0.64,1.18,0.9509974667511083,0.3486612339930152
two-sided,0.64,1.2,0.9513141228625712,0.3330616996507567
two-sided,0.64,1.22,0.9515516149461685,0.31618160651920835
two-sided,0.64,1.24,0.9516307789740343,0.2981373690337602
two-sided,0.64,1.26,0.9519474350854972,0.2810244470314319
two-sided,0.64,1.28,0.9521057631412286,0.2644935972060536
two-sided,0.64,1.3,0.9521057631412286,0.2511059371362049
two-sided,0.64,1.32,0.9521057631412286,0.23969732246798603
two-sided,0.64,1.34,0.9521849271690943,0.230034924330617
two-sided,0.64,1.36,0.9521849271690943,0.22270081490104776
two-sided,0.64,1.38,0.9521849271690943,0.2178114086146682
two-sided,0.64,1.4,0.9521849271690943,0.2151338766006985
two-sided,0.64,1.42,0.9523432552248259,0.21362048894062868
two-sided,0.64,1.44,0.9523432552248259,0.2124563445867288
two-sided,0.64,1.46,0.9523432552248259,0.21187427240977885
two-sided,0.64,1.48,0.9523432552248259,0.2110593713620489
two-sided,0.64,1.5,0.9523432552248259,0.21082654249126886
two-sided,0.64,1.52,0.9523432552248259,0.21071012805587896
two-sided,0.64,1.54,0.9523432552248259,0.21012805587892902
two-sided,0.64,1.56,0.9525015832805573,0.20954598370197908
two-sided,0.64,1.58,0.9527390753641545,0.20942956926658907
two-sided,0.64,1.6,0.9530557314756175,0.2084982537834692
two-sided,0.64,1.62,0.9534515516149462,0.2074505238649592
two-sided,0.64,1.64,0.9536890436985433,0.20651920838183935
two-sided,0.64,1.66,0.9545598480050665,0.2058207217694994
two-sided,0.64,1.68,0.9548765041165295,0.20535506402793946
two-sided,0.64,1.7,0.9555098163394553,0.20488940628637953
two-sided,0.64,1.72,0.9563014566181127,0.20407450523864956
two-sided,0.64,1.74,0.9564597846738442,0.20384167636786965
two-sided,0.64,1.76,0.9568556048131729,0.2032596041909197
two-sided,0.64,1.78,0.957409753008233,0.20302677532013969
two-sided,0.64,1.8,0.958043065231159,0.20232828870779973
two-sided,0.64,1.82,0.9587555414819506,0.2017462165308498
two-sided,0.64,1.84,0.959230525649145,0.20116414435389984
two-sided,0.64,1.86,0.9608138062064597,0.20081490104772992
two-sided,0.64,1.88,0.9616846105129829,0.20034924330617
two-sided,0.64,1.9,0.9629512349588347,0.19999999999999996
two-sided,0.64,1.92,0.9647720075997467,0.19953434225844002
two-sided,0.64,1.94,0.9665136162127929,0.19860302677532016
two-sided,0.64,1.96,0.9684135528815706,0.19825378346915012
two-sided,0.64,1.98,0.9693635212159595,0.19743888242142027
two-sided,0.64,2.0,0.970392653578214,0.19743888242142027
two-sided,0.64,2.02,0.97102596580114,0.19708963911525024
two-sided,0.64,2.04,0.9731633945535149,0.19685681024447033
two-sided,0.64,2.06,0.974350854971501,0.19592549476135046
two-sided,0.64,2.08,0.975538315389487,0.19569266589057044
two-sided,0.64,2.1,0.9765674477517416,0.19534342258440052
two-sided,0.64,2.12,0.9775965801139962,0.19499417927823048
two-sided,0.64,2.14,0.9793381887270425,0.19464493597206056
two-sided,0.64,2.16,0.9806048131728943,0.19359720605355069
two-sided,0.64,2.18,0.9818714376187461,0.19348079161816067
two-sided,0.64,2.2,0.9828214059531349,0.19324796274738065
two-sided,0.64,2.22,0.9836130462317922,0.1926658905704307
two-sided,0.64,2.24,0.9847213426219126,0.1925494761350407
two-sided,0.64,2.26,0.9851171627612413,0.1924330616996508
two-sided,0.64,2.28,0.9859088030398987,0.19220023282887078
two-sided,0.64,2.3,0.9869379354021532,0.19220023282887078
two-sided,0.64,2.32,0.9874920835972134,0.19220023282887078
two-sided,0.64,2.34,0.9883628879037365,0.19185098952270085
two-sided,0.64,2.36,0.988837872070931,0.19150174621653082
two-sided,0.64,2.38,0.9895503483217226,0.1913853317811408
two-sided,0.64,2.4,0.990025332488917,0.1912689173457509
two-sided,0.64,2.42,0.9905003166561115,0.1910360884749709
two-sided,0.64,2.44,0.9905794806839772,0.19057043073341096
two-sided,0.64,2.46,0.9908169727675744,0.19057043073341096
two-sided,0.64,2.48,0.9912127929069031,0.19057043073341096
two-sided,0.64,2.5,0.9916086130462318,0.19057043073341096
two-sided,0.64,2.52,0.9917669411019633,0.19057043073341096
two-sided,0.64,2.54,0.9920044331855605,0.19022118742724092
two-sided,0.64,2.56,0.9920835972134262,0.19010477299185102
two-sided,0.64,2.58,0.992162761241292,0.19010477299185102
two-sided,0.64,2.6,0.9923210892970235,0.189755529685681
two-sided,0.64,2.62,0.9924002533248891,0.1896391152502911
two-sided,0.64,2.64,0.9924794173527549,0.1896391152502911
two-sided,0.64,2.66,0.9926377454084864,0.18952270081490108
two-sided,0.64,2.68,0.9926377454084864,0.18917345750873105
two-sided,0.64,2.7,0.9927960734642178,0.18905704307334115
two-sided,0.64,2.72,0.9928752374920836,0.18894062863795114
two-sided,0.64,2.74,0.9930335655478151,0.18882421420256112
two-sided,0.64,2.76,0.9931127295756809,0.18882421420256112
two-sided,0.64,2.78,0.9931918936035465,0.1884749708963912
two-sided,0.64,2.8,0.9937460417986067,0.1883585564610012
two-sided,0.64,2.82,0.9942210259658011,0.1883585564610012
two-sided,0.64,2.84,0.9942210259658011,0.18812572759022117
two-sided,0.64,2.86,0.9943793540215327,0.18789289871944126
two-sided,0.64,2.88,0.9946168461051298,0.18766006984866124
two-sided,0.64,2.9,0.9946960101329956,0.18742724097788122
two-sided,0.64,2.92,0.9947751741608613,0.18731082654249132
two-sided,0.64,2.94,0.994854338188727,0.18731082654249132
two-sided,0.64,2.96,0.9949335022165928,0.1871944121071013
two-sided,0.64,2.98,0.9949335022165928,0.1871944121071013
two-sided,0.64,3.0,0.9949335022165928,0.1870779976717113
two-sided,0.64,3.02,0.9949335022165928,0.18696158323632128
two-sided,0.64,3.04,0.9950126662444585,0.18684516880093127
two-sided,0.64,3.06,0.9950918302723243,0.18661233993015136
two-sided,0.64,3.08,0.9950918302723243,0.18637951105937134
two-sided,0.64,3.1,0.99517099430019,0.18626309662398133
two-sided,0.64,3.12,0.99517099430019,0.18614668218859143
two-sided,0.64,3.14,0.99517099430019,0.18614668218859143
two-sided,0.64,3.16,0.9952501583280557,0.18603026775320142
two-sided,0.64,3.18,0.9952501583280557,0.18603026775320142
two-sided,0.64,3.2,0.9952501583280557,0.18603026775320142
two-sided,0.64,3.22,0.9952501583280557,0.18603026775320142
two-sided,0.64,3.24,0.9952501583280557,0.1859138533178114
two-sided,0.64,3.26,0.9953293223559214,0.1859138533178114
two-sided,0.64,3.28,0.9953293223559214,0.1859138533178114
two-sided,0.64,3.3,0.9953293223559214,0.1859138533178114
two-sided,0.64,3.32,0.9954084863837872,0.18568102444703138
two-sided,0.64,3.34,0.995487650411653,0.18568102444703138
two-sided,0.64,3.36,0.995487650411653,0.18556461001164148
two-sided,0.64,3.38,0.995487650411653,0.18556461001164148
two-sided,0.64,3.4,0.995487650411653,0.18556461001164148
two-sided,0.64,3.42,0.995487650411653,0.18556461001164148
two-sided,0.64,3.44,0.995487650411653,0.18556461001164148
two-sided,0.64,3.46,0.9955668144395187,0.18556461001164148
two-sided,0.64,3.48,0.9955668144395187,0.18556461001164148
two-sided,0.64,3.5,0.9956459784673845,0.18556461001164148
two-sided,0.64,3.52,0.9956459784673845,0.18556461001164148
two-sided,0.64,3.54,0.9957251424952501,0.18556461001164148
two-sided,0.64,3.56,0.9957251424952501,0.18556461001164148
two-sided,0.64,3.58,0.9957251424952501,0.18556461001164148
two-sided,0.65,1.0,0.8844205193160228,0.42456344586728756
two-sided,0.65,1.02,0.9232900569981001,0.4168800931315483
two-sided,0.65,1.04,0.9373812539582014,0.4119906868451688
two-sided,0.65,1.06,0.9426852438252058,0.4091967403958091
two-sided,0.65,1.08,0.9461684610512983,0.4050058207217695
two-sided,0.65,1.1,0.9477517416086131,0.3994179278230501
two-sided,0.65,1.12,0.9487808739708676,0.3927823050058207
two-sided,0.65,1.14,0.9494141861937936,0.3825378346915017
two-sided,0.65,1.16,0.949889170360988,0.3733410942956926
two-sided,0.65,1.18,0.9506808106396454,0.3570430733410943
two-sided,0.65,1.2,0.9509974667511083,0.34144353899883584
two-sided,0.65,1.22,0.9512349588347055,0.3245634458672876
two-sided,0.65,1.24,0.9513141228625712,0.3065192083818393
two-sided,0.65,1.26,0.9516307789740343,0.28940628637951105
two-sided,0.65,1.28,0.9517891070297657,0.2728754365541327
two-sided,0.65,1.3,0.9517891070297657,0.259487776484284
two-sided,0.65,1.32,0.9517891070297657,0.24807916181606515
two-sided,0.65,1.34,0.9518682710576314,0.23841676367869613
two-sided,0.65,1.36,0.9518682710576314,0.23108265424912688
two-sided,0.65,1.38,0.9518682710576314,0.22619324796274742
two-sided,0.65,1.4,0.9518682710576314,0.22351571594877762
two-sided,0.65,1.42,0.9520265991133628,0.2220023282887078
two-sided,0.65,1.44,0.9520265991133628,0.22083818393480792
two-sided,0.65,1.46,0.9520265991133628,0.22025611175785798
two-sided,0.65,1.48,0.9520265991133628,0.219441210710128
two-sided,0.65,1.5,0.9520265991133628,0.2192083818393481
two-sided,0.65,1.52,0.9520265991133628,0.2190919674039581
two-sided,0.65,1.54,0.9520265991133628,0.21850989522700814
two-sided,0.65,1.56,0.9521849271690943,0.2179278230500582
two-sided,0.65,1.58,0.9524224192526916,0.2178114086146682
two-sided,0.65,1.6,0.9527390753641545,0.21688009313154832
two-sided,0.65,1.62,0.9531348955034832,0.21583236321303845
two-sided,0.65,1.64,0.9533723875870804,0.21490104772991847
two-sided,0.65,1.66,0.9542431918936035,0.21420256111757863
two-sided,0.65,1.68,0.9545598480050665,0.21373690337601858
two-sided,0.65,1.7,0.9551931602279924,0.21327124563445865
two-sided,0.65,1.72,0.9559848005066498,0.2124563445867288
two-sided,0.65,1.74,0.9561431285623813,0.21222351571594877
two-sided,0.65,1.76,0.95653894870171,0.21164144353899883
two-sided,0.65,1.78,0.9570930968967701,0.2114086146682188
two-sided,0.65,1.8,0.957726409119696,0.21071012805587896
two-sided,0.65,1.82,0.9584388853704876,0.21012805587892902
two-sided,0.65,1.84,0.9589138695376821,0.20954598370197908
two-sided,0.65,1.86,0.9604971500949968,0.20919674039580904
two-sided,0.65,1.88,0.9613679544015199,0.2087310826542491
two-sided,0.65,1.9,0.9626345788473718,0.2083818393480792
two-sided,0.65,1.92,0.9644553514882838,0.20791618160651926
two-sided,0.65,1.94,0.9661969601013299,0.20698486612339928
two-sided,0.65,1.96,0.9680968967701077,0.20663562281722936
two-sided,0.65,1.98,0.9690468651044966,0.2058207217694994
two-sided,0.65,2.0,0.9700759974667511,0.2058207217694994
two-sided,0.65,2.02,0.9707093096896771,0.20547147846332947
two-sided,0.65,2.04,0.9728467384420519,0.20523864959254945
two-sided,0.65,2.06,0.974034198860038,0.20430733410942958
two-sided,0.65,2.08,0.9752216592780241,0.20407450523864956
two-sided,0.65,2.1,0.9762507916402786,0.20372526193247964
two-sided,0.65,2.12,0.9772799240025333,0.2033760186263096
two-sided,0.65,2.14,0.9790215326155794,0.20302677532013969
two-sided,0.65,2.16,0.9802881570614312,0.2019790454016298
two-sided,0.65,2.18,0.981554781507283,0.2018626309662398
two-sided,0.65,2.2,0.9825047498416719,0.2016298020954599
two-sided,0.65,2.22,0.9832963901203293,0.20104772991850994
two-sided,0.65,2.24,0.9844046865104497,0.20093131548311993
two-sided,0.65,2.26,0.9848005066497784,0.20081490104772992
two-sided,0.65,2.28,0.9855921469284357,0.2005820721769499
two-sided,0.65,2.3,0.9866212792906903,0.2005820721769499
two-sided,0.65,2.32,0.9871754274857505,0.2005820721769499
two-sided,0.65,2.34,0.9880462317922736,0.20023282887077998
two-sided,0.65,2.36,0.9885212159594681,0.19988358556461006
two-sided,0.65,2.38,0.9892336922102597,0.19976717112922004
two-sided,0.65,2.4,0.9897086763774541,0.19965075669383003
two-sided,0.65,2.42,0.9901836605446485,0.19941792782305
two-sided,0.65,2.44,0.9902628245725142,0.19895227008149008
two-sided,0.65,2.46,0.9905003166561115,0.19895227008149008
two-sided,0.65,2.48,0.9908961367954402,0.19895227008149008
two-sided,0.65,2.5,0.9912919569347688,0.19895227008149008
two-sided,0.65,2.52,0.9914502849905004,0.19895227008149008
two-sided,0.65,2.54,0.9916877770740975,0.19860302677532016
two-sided,0.65,2.56,0.9917669411019633,0.19848661233993015
two-sided,0.65,2.58,0.991846105129829,0.19848661233993015
two-sided,0.65,2.6,0.9920044331855605,0.19813736903376022
two-sided,0.65,2.62,0.9920835972134262,0.1980209545983702
two-sided,0.65,2.64,0.992162761241292,0.1980209545983702
two-sided,0.65,2.66,0.9923210892970235,0.1979045401629802
two-sided,0.65,2.68,0.9923210892970235,0.19755529685681028
two-sided,0.65,2.7,0.9924794173527549,0.19743888242142027
two-sided,0.65,2.72,0.9925585813806207,0.19732246798603026
two-sided,0.65,2.74,0.9927169094363522,0.19720605355064025
two-sided,0.65,2.76,0.9927960734642178,0.19720605355064025
two-sided,0.65,2.78,0.9928752374920836,0.19685681024447033
two-sided,0.65,2.8,0.9934293856871438,0.19674039580908032
two-sided,0.65,2.82,0.9939043698543382,0.19674039580908032
two-sided,0.65,2.84,0.9939043698543382,0.1965075669383004
two-sided,0.65,2.86,0.9940626979100696,0.19627473806752038
two-sided,0.65,2.88,0.9943001899936669,0.19604190919674036
two-sided,0.65,2.9,0.9943793540215327,0.19580908032596045
two-sided,0.65,2.92,0.9944585180493983,0.19569266589057044
two-sided,0.65,2.94,0.9945376820772641,0.19569266589057044
two-sided,0.65,2.96,0.9946168461051298,0.19557625145518043
two-sided,0.65,2.98,0.9946168461051298,0.19557625145518043
two-sided,0.65,3.0,0.9946168461051298,0.19545983701979042
two-sided,0.65,3.02,0.9946168461051298,0.19534342258440052
two-sided,0.65,3.04,0.9946960101329956,0.1952270081490105
two-sided,0.65,3.06,0.9947751741608613,0.19499417927823048
two-sided,0.65,3.08,0.9947751741608613,0.19476135040745057
two-sided,0.65,3.1,0.994854338188727,0.19464493597206056
two-sided,0.65,3.12,0.994854338188727,0.19452852153667055
two-sided,0.65,3.14,0.994854338188727,0.19452852153667055
two-sided,0.65,3.16,0.9949335022165928,0.19441210710128054
two-sided,0.65,3.18,0.9949335022165928,0.19441210710128054
two-sided,0.65,3.2,0.9949335022165928,0.19441210710128054
two-sided,0.65,3.22,0.9949335022165928,0.19441210710128054
two-sided,0.65,3.24,0.9949335022165928,0.19429569266589053
two-sided,0.65,3.26,0.9950126662444585,0.19429569266589053
two-sided,0.65,3.28,0.9950126662444585,0.19429569266589053
two-sided,0.65,3.3,0.9950126662444585,0.19429569266589053
two-sided,0.65,3.32,0.9950918302723243,0.19406286379511062
two-sided,0.65,3.34,0.99517099430019,0.19406286379511062
two-sided,0.65,3.36,0.99517099430019,0.1939464493597206
two-sided,0.65,3.38,0.99517099430019,0.1939464493597206
two-sided,0.65,3.4,0.99517099430019,0.1939464493597206
two-sided,0.65,3.42,0.99517099430019,0.1939464493597206
two-sided,0.65,3.44,0.99517099430019,0.1939464493597206
two-sided,0.65,3.46,0.9952501583280557,0.1939464493597206
two-sided,0.65,3.48,0.9952501583280557,0.1939464493597206
two-sided,0.65,3.5,0.9953293223559214,0.1939464493597206
two-sided,0.65,3.52,0.9953293223559214,0.1939464493597206
two-sided,0.65,3.54,0.9954084863837872,0.1939464493597206
two-sided,0.65,3.56,0.9954084863837872,0.1939464493597206
two-sided,0.65,3.58,0.9954084863837872,0.1939464493597206
two-sided,0.66,1.0,0.8841038632045598,0.4321303841676368
two-sided,0.66,1.02,0.9229734008866372,0.42444703143189755
two-sided,0.66,1.04,0.9370645978467385,0.4195576251455181
two-sided,0.66,1.06,0.9423685877137429,0.41676367869615827
two-sided,0.66,1.08,0.9458518049398353,0.41257275902211876
two-sided,0.66,1.1,0.94743508549715,0.40698486612339935
two-sided,0.66,1.12,0.9484642178594047,0.40034924330616994
two-sided,0.66,1.14,0.9490975300823306,0.390104772991851
two-sided,0.66,1.16,0.949572514249525,0.3809080325960419
two-sided,0.66,1.18,0.9503641545281823,0.3646100116414436
two-sided,0.66,1.2,0.9506808106396454,0.3490104772991851
two-sided,0.66,1.22,0.9509183027232425,0.33213038416763674
two-sided,0.66,1.24,0.9509974667511083,0.3140861466821886
two-sided,0.66,1.26,0.9513141228625712,0.2969732246798603
two-sided,0.66,1.28,0.9514724509183027,0.280442374854482
two-sided,0.66,1.3,0.9514724509183027,0.2670547147846333
two-sided,0.66,1.32,0.9514724509183027,0.2556461001164144
two-sided,0.66,1.34,0.9515516149461685,0.2459837019790454
two-sided,0.66,1.36,0.9515516149461685,0.23864959254947615
two-sided,0.66,1.38,0.9515516149461685,0.23376018626309658
two-sided,0.66,1.4,0.9515516149461685,0.23108265424912688
two-sided,0.66,1.42,0.9517099430018999,0.22956926658905707
two-sided,0.66,1.44,0.9517099430018999,0.2284051222351572
two-sided,0.66,1.46,0.9517099430018999,0.22782305005820724
two-sided,0.66,1.48,0.9517099430018999,0.22700814901047728
two-sided,0.66,1.5,0.9517099430018999,0.22677532013969737
two-sided,0.66,1.52,0.9517099430018999,0.22665890570430736
two-sided,0.66,1.54,0.9517099430018999,0.2260768335273574
two-sided,0.66,1.56,0.9518682710576314,0.22549476135040747
two-sided,0.66,1.58,0.9521057631412286,0.22537834691501746
two-sided,0.66,1.6,0.9524224192526916,0.2244470314318976
two-sided,0.66,1.62,0.9528182393920203,0.2233993015133876
two-sided,0.66,1.64,0.9530557314756175,0.22246798603026774
two-sided,0.66,1.66,0.9539265357821406,0.22176949941792778
two-sided,0.66,1.68,0.9542431918936035,0.22130384167636785
two-sided,0.66,1.7,0.9548765041165295,0.22083818393480792
two-sided,0.66,1.72,0.9556681443951869,0.22002328288707795
two-sided,0.66,1.74,0.9558264724509183,0.21979045401629804
two-sided,0.66,1.76,0.956222292590247,0.2192083818393481
two-sided,0.66,1.78,0.9567764407853071,0.21897555296856808
two-sided,0.66,1.8,0.957409753008233,0.21827706635622812
two-sided,0.66,1.82,0.9581222292590247,0.21769499417927818
two-sided,0.66,1.84,0.9585972134262192,0.21711292200232823
two-sided,0.66,1.86,0.9601804939835339,0.2167636786961583
two-sided,0.66,1.88,0.961051298290057,0.21629802095459838
two-sided,0.66,1.9,0.9623179227359088,0.21594877764842846
two-sided,0.66,1.92,0.9641386953768207,0.21548311990686841
two-sided,0.66,1.94,0.965880303989867,0.21455180442374855
two-sided,0.66,1.96,0.9677802406586448,0.21420256111757863
two-sided,0.66,1.98,0.9687302089930335,0.21338766006984866
two-sided,0.66,2.0,0.9697593413552882,0.21338766006984866
two-sided,0.66,2.02,0.970392653578214,0.21303841676367874
two-sided,0.66,2.04,0.972530082330589,0.21280558789289872
two-sided,0.66,2.06,0.973717542748575,0.21187427240977885
two-sided,0.66,2.08,0.9749050031665611,0.21164144353899883
two-sided,0.66,2.1,0.9759341355288157,0.2112922002328289
two-sided,0.66,2.12,0.9769632678910704,0.21094295692665888
two-sided,0.66,2.14,0.9787048765041165,0.21059371362048895
two-sided,0.66,2.16,0.9799715009499683,0.20954598370197908
two-sided,0.66,2.18,0.9812381253958201,0.20942956926658907
two-sided,0.66,2.2,0.982188093730209,0.20919674039580904
two-sided,0.66,2.22,0.9829797340088664,0.2086146682188591
two-sided,0.66,2.24,0.9840880303989867,0.2084982537834692
two-sided,0.66,2.26,0.9844838505383154,0.2083818393480792
two-sided,0.66,2.28,0.9852754908169727,0.20814901047729917
two-sided,0.66,2.3,0.9863046231792274,0.20814901047729917
two-sided,0.66,2.32,0.9868587713742876,0.20814901047729917
two-sided,0.66,2.34,0.9877295756808107,0.20779976717112925
two-sided,0.66,2.36,0.988204559848005,0.2074505238649592
two-sided,0.66,2.38,0.9889170360987967,0.2073341094295693
two-sided,0.66,2.4,0.9893920202659912,0.2072176949941793
two-sided,0.66,2.42,0.9898670044331855,0.20698486612339928
two-sided,0.66,2.44,0.9899461684610513,0.20651920838183935
two-sided,0.66,2.46,0.9901836605446485,0.20651920838183935
two-sided,0.66,2.48,0.9905794806839772,0.20651920838183935
two-sided,0.66,2.5,0.9909753008233059,0.20651920838183935
two-sided,0.66,2.52,0.9911336288790373,0.20651920838183935
two-sided,0.66,2.54,0.9913711209626346,0.20616996507566943
two-sided,0.66,2.56,0.9914502849905004,0.20605355064027941
two-sided,0.66,2.58,0.991529449018366,0.20605355064027941
two-sided,0.66,2.6,0.9916877770740975,0.20570430733410938
two-sided,0.66,2.62,0.9917669411019633,0.20558789289871948
two-sided,0.66,2.64,0.991846105129829,0.20558789289871948
two-sided,0.66,2.66,0.9920044331855605,0.20547147846332947
two-sided,0.66,2.68,0.9920044331855605,0.20512223515715944
two-sided,0.66,2.7,0.992162761241292,0.20500582072176954
two-sided,0.66,2.72,0.9922419252691577,0.20488940628637953
two-sided,0.66,2.74,0.9924002533248891,0.20477299185098952
two-sided,0.66,2.76,0.9924794173527549,0.20477299185098952
two-sided,0.66,2.78,0.9925585813806207,0.2044237485448196
two-sided,0.66,2.8,0.9931127295756809,0.20430733410942958
two-sided,0.66,2.82,0.9935877137428752,0.20430733410942958
two-sided,0.66,2.84,0.9935877137428752,0.20407450523864956
two-sided,0.66,2.86,0.9937460417986067,0.20384167636786965
two-sided,0.66,2.88,0.993983533882204,0.20360884749708963
two-sided,0.66,2.9,0.9940626979100696,0.2033760186263096
two-sided,0.66,2.92,0.9941418619379354,0.2032596041909197
two-sided,0.66,2.94,0.9942210259658011,0.2032596041909197
two-sided,0.66,2.96,0.9943001899936669,0.2031431897555297
two-sided,0.66,2.98,0.9943001899936669,0.2031431897555297
two-sided,0.66,3.0,0.9943001899936669,0.20302677532013969
two-sided,0.66,3.02,0.9943001899936669,0.20291036088474967
two-sided,0.66,3.04,0.9943793540215327,0.20279394644935977
two-sided,0.66,3.06,0.9944585180493983,0.20256111757857975
two-sided,0.66,3.08,0.9944585180493983,0.20232828870779973
two-sided,0.66,3.1,0.9945376820772641,0.20221187427240983
two-sided,0.66,3.12,0.9945376820772641,0.20209545983701982
two-sided,0.66,3.14,0.9945376820772641,0.20209545983701982
two-sided,0.66,3.16,0.9946168461051298,0.2019790454016298
two-sided,0.66,3.18,0.9946168461051298,0.2019790454016298
two-sided,0.66,3.2,0.9946168461051298,0.2019790454016298
two-sided,0.66,3.22,0.9946168461051298,0.2019790454016298
two-sided,0.66,3.24,0.9946168461051298,0.2018626309662398
two-sided,0.66,3.26,0.9946960101329956,0.2018626309662398
two-sided,0.66,3.28,0.9946960101329956,0.2018626309662398
two-sided,0.66,3.3,0.9946960101329956,0.2018626309662398
two-sided,0.66,3.32,0.9947751741608613,0.2016298020954599
two-sided,0.66,3.34,0.994854338188727,0.2016298020954599
two-sided,0.66,3.36,0.994854338188727,0.20151338766006988
two-sided,0.66,3.38,0.994854338188727,0.20151338766006988
two-sided,0.66,3.4,0.994854338188727,0.20151338766006988
two-sided,0.66,3.42,0.994854338188727,0.20151338766006988
two-sided,0.66,3.44,0.994854338188727,0.20151338766006988
two-sided,0.66,3.46,0.9949335022165928,0.20151338766006988
two-sided,0.66,3.48,0.9949335022165928,0.20151338766006988
two-sided,0.66,3.5,0.9950126662444585,0.20151338766006988
two-sided,0.66,3.52,0.9950126662444585,0.20151338766006988
two-sided,0.66,3.54,0.9950918302723243,0.20151338766006988
two-sided,0.66,3.56,0.9950918302723243,0.20151338766006988
two-sided,0.66,3.58,0.9950918302723243,0.20151338766006988
two-sided,0.67,1.0,0.8837872070930969,0.44051222351571595
two-sided,0.67,1.02,0.9226567447751741,0.43282887077997667
two-sided,0.67,1.04,0.9367479417352755,0.4279394644935972
two-sided,0.67,1.06,0.94205193160228,0.4251455180442375
two-sided,0.67,1.08,0.9455351488283724,0.4209545983701979
two-sided,0.67,1.1,0.9471184293856871,0.41536670547147847
two-sided,0.67,1.12,0.9481475617479417,0.4087310826542492
two-sided,0.67,1.14,0.9487808739708676,0.3984866123399301
two-sided,0.67,1.16,0.949255858138062,0.3892898719441211
two-sided,0.67,1.18,0.9500474984167194,0.3729918509895227
two-sided,0.67,1.2,0.9503641545281823,0.35739231664726423
two-sided,0.67,1.22,0.9506016466117796,0.340512223515716
two-sided,0.67,1.24,0.9506808106396454,0.3224679860302677
two-sided,0.67,1.26,0.9509974667511083,0.30535506402793944
two-sided,0.67,1.28,0.9511557948068398,0.2888242142025611
two-sided,0.67,1.3,0.9511557948068398,0.2754365541327125
two-sided,0.67,1.32,0.9511557948068398,0.26402793946449354
two-sided,0.67,1.34,0.9512349588347055,0.2543655413271245
two-sided,0.67,1.36,0.9512349588347055,0.24703143189755528
two-sided,0.67,1.38,0.9512349588347055,0.24214202561117582
two-sided,0.67,1.4,0.9512349588347055,0.239464493597206
two-sided,0.67,1.42,0.951393286890437,0.2379511059371362
two-sided,0.67,1.44,0.951393286890437,0.2367869615832363
two-sided,0.67,1.46,0.951393286890437,0.23620488940628637
two-sided,0.67,1.48,0.951393286890437,0.2353899883585565
two-sided,0.67,1.5,0.951393286890437,0.2351571594877765
two-sided,0.67,1.52,0.951393286890437,0.23504074505238648
two-sided,0.67,1.54,0.951393286890437,0.23445867287543654
two-sided,0.67,1.56,0.9515516149461685,0.2338766006984866
two-sided,0.67,1.58,0.9517891070297657,0.23376018626309658
two-sided,0.67,1.6,0.9521057631412286,0.23282887077997672
two-sided,0.67,1.62,0.9525015832805573,0.23178114086146684
two-sided,0.67,1.64,0.9527390753641545,0.23084982537834686
two-sided,0.67,1.66,0.9536098796706777,0.23015133876600702
two-sided,0.67,1.68,0.9539265357821406,0.22968568102444709
two-sided,0.67,1.7,0.9545598480050665,0.22922002328288704
two-sided,0.67,1.72,0.9553514882837238,0.2284051222351572
two-sided,0.67,1.74,0.9555098163394553,0.22817229336437717
two-sided,0.67,1.76,0.955905636478784,0.22759022118742722
two-sided,0.67,1.78,0.9564597846738442,0.2273573923166473
two-sided,0.67,1.8,0.9570930968967701,0.22665890570430736
two-sided,0.67,1.82,0.9578055731475618,0.2260768335273574
two-sided,0.67,1.84,0.9582805573147561,0.22549476135040747
two-sided,0.67,1.86,0.959863837872071,0.22514551804423744
two-sided,0.67,1.88,0.9607346421785941,0.2246798603026775
two-sided,0.67,1.9,0.9620012666244458,0.22433061699650758
two-sided,0.67,1.92,0.9638220392653578,0.22386495925494765
two-sided,0.67,1.94,0.9655636478784041,0.22293364377182767
two-sided,0.67,1.96,0.9674635845471817,0.22258440046565775
two-sided,0.67,1.98,0.9684135528815706,0.22176949941792778
two-sided,0.67,2.0,0.9694426852438252,0.22176949941792778
two-sided,0.67,2.02,0.9700759974667511,0.22142025611175786
two-sided,0.67,2.04,0.972213426219126,0.22118742724097784
two-sided,0.67,2.06,0.9734008866371121,0.22025611175785798
two-sided,0.67,2.08,0.9745883470550981,0.22002328288707795
two-sided,0.67,2.1,0.9756174794173528,0.21967403958090803
two-sided,0.67,2.12,0.9766466117796073,0.2193247962747381
two-sided,0.67,2.14,0.9783882203926536,0.21897555296856808
two-sided,0.67,2.16,0.9796548448385054,0.2179278230500582
two-sided,0.67,2.18,0.9809214692843572,0.2178114086146682
two-sided,0.67,2.2,0.9818714376187461,0.21757857974388828
two-sided,0.67,2.22,0.9826630778974034,0.21699650756693833
two-sided,0.67,2.24,0.9837713742875237,0.21688009313154832
two-sided,0.67,2.26,0.9841671944268524,0.2167636786961583
two-sided,0.67,2.28,0.9849588347055098,0.2165308498253784
two-sided,0.67,2.3,0.9859879670677644,0.2165308498253784
two-sided,0.67,2.32,0.9865421152628245,0.2165308498253784
two-sided,0.67,2.34,0.9874129195693477,0.21618160651920837
two-sided,0.67,2.36,0.9878879037365421,0.21583236321303845
two-sided,0.67,2.38,0.9886003799873337,0.21571594877764844
two-sided,0.67,2.4,0.9890753641545282,0.21559953434225843
two-sided,0.67,2.42,0.9895503483217226,0.21536670547147851
two-sided,0.67,2.44,0.9896295123495883,0.21490104772991847
two-sided,0.67,2.46,0.9898670044331855,0.21490104772991847
two-sided,0.67,2.48,0.9902628245725142,0.21490104772991847
two-sided,0.67,2.5,0.990658644711843,0.21490104772991847
two-sided,0.67,2.52,0.9908169727675744,0.21490104772991847
two-sided,0.67,2.54,0.9910544648511717,0.21455180442374855
two-sided,0.67,2.56,0.9911336288790373,0.21443538998835854
two-sided,0.67,2.58,0.9912127929069031,0.21443538998835854
two-sided,0.67,2.6,0.9913711209626346,0.21408614668218862
two-sided,0.67,2.62,0.9914502849905004,0.2139697322467986
two-sided,0.67,2.64,0.991529449018366,0.2139697322467986
two-sided,0.67,2.66,0.9916877770740975,0.2138533178114086
two-sided,0.67,2.68,0.9916877770740975,0.21350407450523867
two-sided,0.67,2.7,0.991846105129829,0.21338766006984866
two-sided,0.67,2.72,0.9919252691576947,0.21327124563445865
two-sided,0.67,2.74,0.9920835972134262,0.21315483119906864
two-sided,0.67,2.76,0.992162761241292,0.21315483119906864
two-sided,0.67,2.78,0.9922419252691577,0.21280558789289872
two-sided,0.67,2.8,0.9927960734642178,0.2126891734575087
two-sided,0.67,2.82,0.9932710576314123,0.2126891734575087
two-sided,0.67,2.84,0.9932710576314123,0.2124563445867288
two-sided,0.67,2.86,0.9934293856871438,0.21222351571594877
two-sided,0.67,2.88,0.993666877770741,0.21199068684516875
two-sided,0.67,2.9,0.9937460417986067,0.21175785797438884
two-sided,0.67,2.92,0.9938252058264725,0.21164144353899883
two-sided,0.67,2.94,0.9939043698543382,0.21164144353899883
two-sided,0.67,2.96,0.993983533882204,0.21152502910360882
two-sided,0.67,2.98,0.993983533882204,0.21152502910360882
two-sided,0.67,3.0,0.993983533882204,0.2114086146682188
two-sided,0.67,3.02,0.993983533882204,0.2112922002328289
two-sided,0.67,3.04,0.9940626979100696,0.2111757857974389
two-sided,0.67,3.06,0.9941418619379354,0.21094295692665888
two-sided,0.67,3.08,0.9941418619379354,0.21071012805587896
two-sided,0.67,3.1,0.9942210259658011,0.21059371362048895
two-sided,0.67,3.12,0.9942210259658011,0.21047729918509894
two-sided,0.67,3.14,0.9942210259658011,0.21047729918509894
two-sided,0.67,3.16,0.9943001899936669,0.21036088474970893
two-sided,0.67,3.18,0.9943001899936669,0.21036088474970893
two-sided,0.67,3.2,0.9943001899936669,0.21036088474970893
two-sided,0.67,3.22,0.9943001899936669,0.21036088474970893
two-sided,0.67,3.24,0.9943001899936669,0.21024447031431892
two-sided,0.67,3.26,0.9943793540215327,0.21024447031431892
two-sided,0.67,3.28,0.9943793540215327,0.21024447031431892
two-sided,0.67,3.3,0.9943793540215327,0.21024447031431892
two-sided,0.67,3.32,0.9944585180493983,0.210011641443539
two-sided,0.67,3.34,0.9945376820772641,0.210011641443539
two-sided,0.67,3.36,0.9945376820772641,0.209895227008149
two-sided,0.67,3.38,0.9945376820772641,0.209895227008149
two-sided,0.67,3.4,0.9945376820772641,0.209895227008149
two-sided,0.67,3.42,0.9945376820772641,0.209895227008149
two-sided,0.67,3.44,0.9945376820772641,0.209895227008149
two-sided,0.67,3.46,0.9946168461051298,0.209895227008149
two-sided,0.67,3.48,0.9946168461051298,0.209895227008149
two-sided,0.67,3.5,0.9946960101329956,0.209895227008149
two-sided,0.67,3.52,0.9946960101329956,0.209895227008149
two-sided,0.67,3.54,0.9947751741608613,0.209895227008149
two-sided,0.67,3.56,0.9947751741608613,0.209895227008149
two-sided,0.67,3.58,0.9947751741608613,0.209895227008149
two-sided,0.68,1.0,0.8833122229259025,0.4506402793946449
two-sided,0.68,1.02,0.9221817606079797,0.44295692665890574
two-sided,0.68,1.04,0.936272957568081,0.43806752037252616
two-sided,0.68,1.06,0.9415769474350855,0.43527357392316646
two-sided,0.68,1.08,0.9450601646611779,0.43108265424912684
two-sided,0.68,1.1,0.9466434452184928,0.4254947613504074
two-sided,0.68,1.12,0.9476725775807473,0.41885913853317813
two-sided,0.68,1.14,0.9483058898036733,0.40861466821885917
two-sided,0.68,1.16,0.9487808739708676,0.3994179278230501
two-sided,0.68,1.18,0.949572514249525,0.38311990686845165
two-sided,0.68,1.2,0.949889170360988,0.3675203725261933
two-sided,0.68,1.22,0.9501266624445852,0.3506402793946449
two-sided,0.68,1.24,0.9502058264724509,0.3325960419091968
two-sided,0.68,1.26,0.9505224825839139,0.3154831199068685
two-sided,0.68,1.28,0.9506808106396454,0.29895227008149006
two-sided,0.68,1.3,0.9506808106396454,0.28556461001164146
two-sided,0.68,1.32,0.9506808106396454,0.2741559953434226
two-sided,0.68,1.34,0.950759974667511,0.2644935972060536
two-sided,0.68,1.36,0.950759974667511,0.25715948777648423
two-sided,0.68,1.38,0.950759974667511,0.25227008149010477
two-sided,0.68,1.4,0.950759974667511,0.24959254947613507
two-sided,0.68,1.42,0.9509183027232425,0.24807916181606515
two-sided,0.68,1.44,0.9509183027232425,0.24691501746216526
two-sided,0.68,1.46,0.9509183027232425,0.24633294528521532
two-sided,0.68,1.48,0.9509183027232425,0.24551804423748547
two-sided,0.68,1.5,0.9509183027232425,0.24528521536670544
two-sided,0.68,1.52,0.9509183027232425,0.24516880093131543
two-sided,0.68,1.54,0.9509183027232425,0.2445867287543655
two-sided,0.68,1.56,0.9510766307789741,0.24400465657741555
two-sided,0.68,1.58,0.9513141228625712,0.24388824214202565
two-sided,0.68,1.6,0.9516307789740343,0.24295692665890567
two-sided,0.68,1.62,0.9520265991133628,0.2419091967403958
two-sided,0.68,1.64,0.9522640911969601,0.24097788125727593
two-sided,0.68,1.66,0.9531348955034832,0.24027939464493597
two-sided,0.68,1.68,0.9534515516149462,0.23981373690337604
two-sided,0.68,1.7,0.954084863837872,0.2393480791618161
two-sided,0.68,1.72,0.9548765041165295,0.23853317811408614
two-sided,0.68,1.74,0.9550348321722609,0.23830034924330612
two-sided,0.68,1.76,0.9554306523115896,0.23771827706635618
two-sided,0.68,1.78,0.9559848005066498,0.23748544819557627
two-sided,0.68,1.8,0.9566181127295756,0.2367869615832363
two-sided,0.68,1.82,0.9573305889803673,0.23620488940628637
two-sided,0.68,1.84,0.9578055731475618,0.23562281722933642
two-sided,0.68,1.86,0.9593888537048765,0.2352735739231665
two-sided,0.68,1.88,0.9602596580113997,0.23480791618160657
two-sided,0.68,1.9,0.9615262824572515,0.23445867287543654
two-sided,0.68,1.92,0.9633470550981634,0.2339930151338766
two-sided,0.68,1.94,0.9650886637112096,0.23306169965075674
two-sided,0.68,1.96,0.9669886003799874,0.2327124563445867
two-sided,0.68,1.98,0.9679385687143762,0.23189755529685685
two-sided,0.68,2.0,0.9689677010766308,0.23189755529685685
two-sided,0.68,2.02,0.9696010132995567,0.23154831199068682
two-sided,0.68,2.04,0.9717384420519316,0.2313154831199069
two-sided,0.68,2.06,0.9729259024699176,0.23038416763678693
two-sided,0.68,2.08,0.9741133628879037,0.23015133876600702
two-sided,0.68,2.1,0.9751424952501583,0.22980209545983699
two-sided,0.68,2.12,0.9761716276124129,0.22945285215366706
two-sided,0.68,2.14,0.9779132362254591,0.22910360884749714
two-sided,0.68,2.16,0.9791798606713109,0.22805587892898715
two-sided,0.68,2.18,0.9804464851171628,0.22793946449359725
two-sided,0.68,2.2,0.9813964534515516,0.22770663562281723
two-sided,0.68,2.22,0.982188093730209,0.2271245634458673
two-sided,0.68,2.24,0.9832963901203293,0.22700814901047728
two-sided,0.68,2.26,0.983692210259658,0.22689173457508727
two-sided,0.68,2.28,0.9844838505383154,0.22665890570430736
two-sided,0.68,2.3,0.98551298290057,0.22665890570430736
two-sided,0.68,2.32,0.9860671310956302,0.22665890570430736
two-sided,0.68,2.34,0.9869379354021532,0.22630966239813732
two-sided,0.68,2.36,0.9874129195693477,0.2259604190919674
two-sided,0.68,2.38,0.9881253958201394,0.2258440046565774
two-sided,0.68,2.4,0.9886003799873337,0.22572759022118738
two-sided,0.68,2.42,0.9890753641545282,0.22549476135040747
two-sided,0.68,2.44,0.9891545281823939,0.22502910360884754
two-sided,0.68,2.46,0.9893920202659912,0.22502910360884754
two-sided,0.68,2.48,0.9897878404053199,0.22502910360884754
two-sided,0.68,2.5,0.9901836605446485,0.22502910360884754
two-sided,0.68,2.52,0.99034198860038,0.22502910360884754
two-sided,0.68,2.54,0.9905794806839772,0.2246798603026775
two-sided,0.68,2.56,0.990658644711843,0.2245634458672875
two-sided,0.68,2.58,0.9907378087397086,0.2245634458672875
two-sided,0.68,2.6,0.9908961367954402,0.22421420256111757
two-sided,0.68,2.62,0.9909753008233059,0.22409778812572756
two-sided,0.68,2.64,0.9910544648511717,0.22409778812572756
two-sided,0.68,2.66,0.9912127929069031,0.22398137369033755
two-sided,0.68,2.68,0.9912127929069031,0.22363213038416763
two-sided,0.68,2.7,0.9913711209626346,0.22351571594877762
two-sided,0.68,2.72,0.9914502849905004,0.2233993015133876
two-sided,0.68,2.74,0.9916086130462318,0.2232828870779977
two-sided,0.68,2.76,0.9916877770740975,0.2232828870779977
two-sided,0.68,2.78,0.9917669411019633,0.22293364377182767
two-sided,0.68,2.8,0.9923210892970235,0.22281722933643777
two-sided,0.68,2.82,0.9927960734642178,0.22281722933643777
two-sided,0.68,2.84,0.9927960734642178,0.22258440046565775
two-sided,0.68,2.86,0.9929544015199493,0.22235157159487773
two-sided,0.68,2.88,0.9931918936035465,0.22211874272409782
two-sided,0.68,2.9,0.9932710576314123,0.2218859138533178
two-sided,0.68,2.92,0.993350221659278,0.22176949941792778
two-sided,0.68,2.94,0.9934293856871438,0.22176949941792778
two-sided,0.68,2.96,0.9935085497150095,0.22165308498253788
two-sided,0.68,2.98,0.9935085497150095,0.22165308498253788
two-sided,0.68,3.0,0.9935085497150095,0.22153667054714787
two-sided,0.68,3.02,0.9935085497150095,0.22142025611175786
two-sided,0.68,3.04,0.9935877137428752,0.22130384167636785
two-sided,0.68,3.06,0.993666877770741,0.22107101280558794
two-sided,0.68,3.08,0.993666877770741,0.22083818393480792
two-sided,0.68,3.1,0.9937460417986067,0.2207217694994179
two-sided,0.68,3.12,0.9937460417986067,0.2206053550640279
two-sided,0.68,3.14,0.9937460417986067,0.2206053550640279
two-sided,0.68,3.16,0.9938252058264725,0.220488940628638
two-sided,0.68,3.18,0.9938252058264725,0.220488940628638
two-sided,0.68,3.2,0.9938252058264725,0.220488940628638
two-sided,0.68,3.22,0.9938252058264725,0.220488940628638
two-sided,0.68,3.24,0.9938252058264725,0.220372526193248
two-sided,0.68,3.26,0.9939043698543382,0.220372526193248
two-sided,0.68,3.28,0.9939043698543382,0.220372526193248
two-sided,0.68,3.3,0.9939043698543382,0.220372526193248
two-sided,0.68,3.32,0.993983533882204,0.22013969732246796
two-sided,0.68,3.34,0.9940626979100696,0.22013969732246796
two-sided,0.68,3.36,0.9940626979100696,0.22002328288707795
two-sided,0.68,3.38,0.9940626979100696,0.22002328288707795
two-sided,0.68,3.4,0.9940626979100696,0.22002328288707795
two-sided,0.68,3.42,0.9940626979100696,0.22002328288707795
two-sided,0.68,3.44,0.9940626979100696,0.22002328288707795
two-sided,0.68,3.46,0.9941418619379354,0.22002328288707795
two-sided,0.68,3.48,0.9941418619379354,0.22002328288707795
two-sided,0.68,3.5,0.9942210259658011,0.22002328288707795
two-sided,0.68,3.52,0.9942210259658011,0.22002328288707795
two-sided,0.68,3.54,0.9943001899936669,0.22002328288707795
two-sided,0.68,3.56,0.9943001899936669,0.22002328288707795
two-sided,0.68,3.58,0.9943001899936669,0.22002328288707795
two-sided,0.69,1.0,0.8824414186193793,0.4585564610011641
two-sided,0.69,1.02,0.9213109563014567,0.4508731082654249
two-sided,0.69,1.04,0.935402153261558,0.44598370197904535
two-sided,0.69,1.06,0.9407061431285624,0.44318975552968565
two-sided,0.69,1.08,0.9441893603546548,0.43899883585564614
two-sided,0.69,1.1,0.9457726409119696,0.4334109429569266
two-sided,0.69,1.12,0.9468017732742242,0.4267753201396973
two-sided,0.69,1.14,0.94743508549715,0.41653084982537836
two-sided,0.69,1.16,0.9479100696643445,0.40733410942956927
two-sided,0.69,1.18,0.9487017099430018,0.39103608847497084
two-sided,0.69,1.2,0.9490183660544649,0.3754365541327125
two-sided,0.69,1.22,0.949255858138062,0.3585564610011641
two-sided,0.69,1.24,0.9493350221659278,0.340512223515716
two-sided,0.69,1.26,0.9496516782773907,0.3233993015133877
two-sided,0.69,1.28,0.9498100063331222,0.30686845168800936
two-sided,0.69,1.3,0.9498100063331222,0.29348079161816065
two-sided,0.69,1.32,0.9498100063331222,0.2820721769499418
two-sided,0.69,1.34,0.949889170360988,0.2724097788125728
two-sided,0.69,1.36,0.949889170360988,0.26507566938300353
two-sided,0.69,1.38,0.949889170360988,0.26018626309662396
two-sided,0.69,1.4,0.949889170360988,0.25750873108265426
two-sided,0.69,1.42,0.9500474984167194,0.25599534342258445
two-sided,0.69,1.44,0.9500474984167194,0.25483119906868457
two-sided,0.69,1.46,0.9500474984167194,0.2542491268917346
two-sided,0.69,1.48,0.9500474984167194,0.25343422584400466
two-sided,0.69,1.5,0.9500474984167194,0.25320139697322464
two-sided,0.69,1.52,0.9500474984167194,0.25308498253783474
two-sided,0.69,1.54,0.9500474984167194,0.2525029103608848
two-sided,0.69,1.56,0.9502058264724509,0.25192083818393485
two-sided,0.69,1.58,0.9504433185560481,0.25180442374854484
two-sided,0.69,1.6,0.950759974667511,0.25087310826542486
two-sided,0.69,1.62,0.9511557948068398,0.24982537834691498
two-sided,0.69,1.64,0.951393286890437,0.24889406286379512
two-sided,0.69,1.66,0.9522640911969601,0.24819557625145516
two-sided,0.69,1.68,0.952580747308423,0.24772991850989523
two-sided,0.69,1.7,0.953214059531349,0.2472642607683353
two-sided,0.69,1.72,0.9540056998100064,0.24644935972060533
two-sided,0.69,1.74,0.9541640278657378,0.24621653084982542
two-sided,0.69,1.76,0.9545598480050665,0.24563445867287548
two-sided,0.69,1.78,0.9551139962001267,0.24540162980209546
two-sided,0.69,1.8,0.9557473084230526,0.2447031431897555
two-sided,0.69,1.82,0.9564597846738442,0.24412107101280556
two-sided,0.69,1.84,0.9569347688410387,0.2435389988358556
two-sided,0.69,1.86,0.9585180493983534,0.2431897555296857
two-sided,0.69,1.88,0.9593888537048765,0.24272409778812576
two-sided,0.69,1.9,0.9606554781507283,0.24237485448195573
two-sided,0.69,1.92,0.9624762507916402,0.2419091967403958
two-sided,0.69,1.94,0.9642178594046865,0.24097788125727593
two-sided,0.69,1.96,0.9661177960734643,0.2406286379511059
two-sided,0.69,1.98,0.967067764407853,0.23981373690337604
two-sided,0.69,2.0,0.9680968967701077,0.23981373690337604
two-sided,0.69,2.02,0.9687302089930335,0.239464493597206
two-sided,0.69,2.04,0.9708676377454085,0.2392316647264261
two-sided,0.69,2.06,0.9720550981633945,0.23830034924330612
two-sided,0.69,2.08,0.9732425585813806,0.2380675203725262
two-sided,0.69,2.1,0.9742716909436352,0.23771827706635618
two-sided,0.69,2.12,0.9753008233058899,0.23736903376018625
two-sided,0.69,2.14,0.977042431918936,0.23701979045401633
two-sided,0.69,2.16,0.9783090563647878,0.23597206053550646
two-sided,0.69,2.18,0.9795756808106396,0.23585564610011645
two-sided,0.69,2.2,0.9805256491450285,0.23562281722933642
two-sided,0.69,2.22,0.9813172894236859,0.23504074505238648
two-sided,0.69,2.24,0.9824255858138062,0.23492433061699647
two-sided,0.69,2.26,0.9828214059531349,0.23480791618160657
two-sided,0.69,2.28,0.9836130462317922,0.23457508731082655
two-sided,0.69,2.3,0.9846421785940469,0.23457508731082655
two-sided,0.69,2.32,0.9851963267891071,0.23457508731082655
two-sided,0.69,2.34,0.9860671310956302,0.23422584400465662
two-sided,0.69,2.36,0.9865421152628245,0.2338766006984866
two-sided,0.69,2.38,0.9872545915136162,0.23376018626309658
two-sided,0.69,2.4,0.9877295756808107,0.23364377182770668
two-sided,0.69,2.42,0.988204559848005,0.23341094295692666
two-sided,0.69,2.44,0.9882837238758708,0.23294528521536673
two-sided,0.69,2.46,0.9885212159594681,0.23294528521536673
two-sided,0.69,2.48,0.9889170360987967,0.23294528521536673
two-sided,0.69,2.5,0.9893128562381254,0.23294528521536673
two-sided,0.69,2.52,0.9894711842938568,0.23294528521536673
two-sided,0.69,2.54,0.9897086763774541,0.2325960419091967
two-sided,0.69,2.56,0.9897878404053199,0.2324796274738068
two-sided,0.69,2.58,0.9898670044331855,0.2324796274738068
two-sided,0.69,2.6,0.990025332488917,0.23213038416763676
two-sided,0.69,2.62,0.9901044965167828,0.23201396973224675
two-sided,0.69,2.64,0.9901836605446485,0.23201396973224675
two-sided,0.69,2.66,0.99034198860038,0.23189755529685685
two-sided,0.69,2.68,0.99034198860038,0.23154831199068682
two-sided,0.69,2.7,0.9905003166561115,0.2314318975552968
two-sided,0.69,2.72,0.9905794806839772,0.2313154831199069
two-sided,0.69,2.74,0.9907378087397086,0.2311990686845169
two-sided,0.69,2.76,0.9908169727675744,0.2311990686845169
two-sided,0.69,2.78,0.9908961367954402,0.23084982537834686
two-sided,0.69,2.8,0.9914502849905004,0.23073341094295696
two-sided,0.69,2.82,0.9919252691576947,0.23073341094295696
two-sided,0.69,2.84,0.9919252691576947,0.23050058207217694
two-sided,0.69,2.86,0.9920835972134262,0.23026775320139692
two-sided,0.69,2.88,0.9923210892970235,0.230034924330617
two-sided,0.69,2.9,0.9924002533248891,0.22980209545983699
two-sided,0.69,2.92,0.9924794173527549,0.22968568102444709
two-sided,0.69,2.94,0.9925585813806207,0.22968568102444709
two-sided,0.69,2.96,0.9926377454084864,0.22956926658905707
two-sided,0.69,2.98,0.9926377454084864,0.22956926658905707
two-sided,0.69,3.0,0.9926377454084864,0.22945285215366706
two-sided,0.69,3.02,0.9926377454084864,0.22933643771827705
two-sided,0.69,3.04,0.9927169094363522,0.22922002328288704
two-sided,0.69,3.06,0.9927960734642178,0.22898719441210713
two-sided,0.69,3.08,0.9927960734642178,0.2287543655413271
two-sided,0.69,3.1,0.9928752374920836,0.2286379511059371
two-sided,0.69,3.12,0.9928752374920836,0.2285215366705472
two-sided,0.69,3.14,0.9928752374920836,0.2285215366705472
two-sided,0.69,3.16,0.9929544015199493,0.2284051222351572
two-sided,0.69,3.18,0.9929544015199493,0.2284051222351572
two-sided,0.69,3.2,0.9929544015199493,0.2284051222351572
two-sided,0.69,3.22,0.9929544015199493,0.2284051222351572
two-sided,0.69,3.24,0.9929544015199493,0.22828870779976718
two-sided,0.69,3.26,0.9930335655478151,0.22828870779976718
two-sided,0.69,3.28,0.9930335655478151,0.22828870779976718
two-sided,0.69,3.3,0.9930335655478151,0.22828870779976718
two-sided,0.69,3.32,0.9931127295756809,0.22805587892898715
two-sided,0.69,3.34,0.9931918936035465,0.22805587892898715
two-sided,0.69,3.36,0.9931918936035465,0.22793946449359725
two-sided,0.69,3.38,0.9931918936035465,0.22793946449359725
two-sided,0.69,3.4,0.9931918936035465,0.22793946449359725
two-sided,0.69,3.42,0.9931918936035465,0.22793946449359725
two-sided,0.69,3.44,0.9931918936035465,0.22793946449359725
two-sided,0.69,3.46,0.9932710576314123,0.22793946449359725
two-sided,0.69,3.48,0.9932710576314123,0.22793946449359725
two-sided,0.69,3.5,0.993350221659278,0.22793946449359725
two-sided,0.69,3.52,0.993350221659278,0.22793946449359725
two-sided,0.69,3.54,0.9934293856871438,0.22793946449359725
two-sided,0.69,3.56,0.9934293856871438,0.22793946449359725
two-sided,0.69,3.58,0.9934293856871438,0.22793946449359725
two-sided,0.7,1.0,0.8815706143128562,0.470430733410943
two-sided,0.7,1.02,0.9204401519949335,0.4627473806752037
two-sided,0.7,1.04,0.9345313489550349,0.45785797438882425
two-sided,0.7,1.06,0.9398353388220393,0.45506402793946454
two-sided,0.7,1.08,0.9433185560481318,0.4508731082654249
two-sided,0.7,1.1,0.9449018366054465,0.4452852153667055
two-sided,0.7,1.12,0.9459309689677011,0.4386495925494761
two-sided,0.7,1.14,0.946564281190627,0.42840512223515714
two-sided,0.7,1.16,0.9470392653578215,0.41920838183934805
two-sided,0.7,1.18,0.9478309056364788,0.40291036088474974
two-sided,0.7,1.2,0.9481475617479417,0.38731082654249127
two-sided,0.7,1.22,0.9483850538315389,0.3704307334109429
two-sided,0.7,1.24,0.9484642178594047,0.35238649592549476
two-sided,0.7,1.26,0.9487808739708676,0.3352735739231665
two-sided,0.7,1.28,0.9489392020265991,0.31874272409778814
two-sided,0.7,1.3,0.9489392020265991,0.30535506402793944
two-sided,0.7,1.32,0.9489392020265991,0.2939464493597206
two-sided,0.7,1.34,0.9490183660544649,0.28428405122235156
two-sided,0.7,1.36,0.9490183660544649,0.2769499417927823
two-sided,0.7,1.38,0.9490183660544649,0.27206053550640275
two-sided,0.7,1.4,0.9490183660544649,0.26938300349243305
two-sided,0.7,1.42,0.9491766941101963,0.26786961583236324
two-sided,0.7,1.44,0.9491766941101963,0.26670547147846335
two-sided,0.7,1.46,0.9491766941101963,0.2661233993015134
two-sided,0.7,1.48,0.9491766941101963,0.26530849825378344
two-sided,0.7,1.5,0.9491766941101963,0.26507566938300353
two-sided,0.7,1.52,0.9491766941101963,0.2649592549476135
two-sided,0.7,1.54,0.9491766941101963,0.2643771827706636
two-sided,0.7,1.56,0.9493350221659278,0.26379511059371363
two-sided,0.7,1.58,0.949572514249525,0.2636786961583236
two-sided,0.7,1.6,0.949889170360988,0.26274738067520376
two-sided,0.7,1.62,0.9502849905003167,0.2616996507566939
two-sided,0.7,1.64,0.9505224825839139,0.2607683352735739
two-sided,0.7,1.66,0.951393286890437,0.26006984866123395
two-sided,0.7,1.68,0.9517099430018999,0.259604190919674
two-sided,0.7,1.7,0.9523432552248259,0.2591385331781141
two-sided,0.7,1.72,0.9531348955034832,0.2583236321303841
two-sided,0.7,1.74,0.9532932235592146,0.2580908032596042
two-sided,0.7,1.76,0.9536890436985433,0.25750873108265426
two-sided,0.7,1.78,0.9542431918936035,0.25727590221187424
two-sided,0.7,1.8,0.9548765041165295,0.2565774155995344
two-sided,0.7,1.82,0.9555889803673211,0.25599534342258445
two-sided,0.7,1.84,0.9560639645345155,0.2554132712456345
two-sided,0.7,1.86,0.9576472450918303,0.2550640279394645
two-sided,0.7,1.88,0.9585180493983534,0.25459837019790454
two-sided,0.7,1.9,0.9597846738442052,0.2542491268917346
two-sided,0.7,1.92,0.9616054464851171,0.2537834691501746
two-sided,0.7,1.94,0.9633470550981634,0.2528521536670547
two-sided,0.7,1.96,0.9652469917669411,0.2525029103608848
two-sided,0.7,1.98,0.9661969601013299,0.2516880093131548
two-sided,0.7,2.0,0.9672260924635846,0.2516880093131548
two-sided,0.7,2.02,0.9678594046865104,0.2513387660069849
two-sided,0.7,2.04,0.9699968334388853,0.2511059371362049
two-sided,0.7,2.06,0.9711842938568714,0.250174621653085
two-sided,0.7,2.08,0.9723717542748576,0.249941792782305
two-sided,0.7,2.1,0.9734008866371121,0.24959254947613507
two-sided,0.7,2.12,0.9744300189993667,0.24924330616996504
two-sided,0.7,2.14,0.9761716276124129,0.24889406286379512
two-sided,0.7,2.16,0.9774382520582647,0.24784633294528524
two-sided,0.7,2.18,0.9787048765041165,0.24772991850989523
two-sided,0.7,2.2,0.9796548448385054,0.2474970896391152
two-sided,0.7,2.22,0.9804464851171628,0.24691501746216526
two-sided,0.7,2.24,0.981554781507283,0.24679860302677536
two-sided,0.7,2.26,0.9819506016466117,0.24668218859138535
two-sided,0.7,2.28,0.9827422419252692,0.24644935972060533
two-sided,0.7,2.3,0.9837713742875237,0.24644935972060533
two-sided,0.7,2.32,0.9843255224825839,0.24644935972060533
two-sided,0.7,2.34,0.9851963267891071,0.2461001164144354
two-sided,0.7,2.36,0.9856713109563014,0.24575087310826538
two-sided,0.7,2.38,0.9863837872070931,0.24563445867287548
two-sided,0.7,2.4,0.9868587713742876,0.24551804423748547
two-sided,0.7,2.42,0.987333755541482,0.24528521536670544
two-sided,0.7,2.44,0.9874129195693477,0.2448195576251455
two-sided,0.7,2.46,0.9876504116529449,0.2448195576251455
two-sided,0.7,2.48,0.9880462317922736,0.2448195576251455
two-sided,0.7,2.5,0.9884420519316023,0.2448195576251455
two-sided,0.7,2.52,0.9886003799873337,0.2448195576251455
two-sided,0.7,2.54,0.988837872070931,0.2444703143189756
two-sided,0.7,2.56,0.9889170360987967,0.24435389988358558
two-sided,0.7,2.58,0.9889962001266625,0.24435389988358558
two-sided,0.7,2.6,0.9891545281823939,0.24400465657741555
two-sided,0.7,2.62,0.9892336922102597,0.24388824214202565
two-sided,0.7,2.64,0.9893128562381254,0.24388824214202565
two-sided,0.7,2.66,0.9894711842938568,0.24377182770663564
two-sided,0.7,2.68,0.9894711842938568,0.2434225844004656
two-sided,0.7,2.7,0.9896295123495883,0.2433061699650757
two-sided,0.7,2.72,0.9897086763774541,0.2431897555296857
two-sided,0.7,2.74,0.9898670044331855,0.24307334109429568
two-sided,0.7,2.76,0.9899461684610513,0.24307334109429568
two-sided,0.7,2.78,0.990025332488917,0.24272409778812576
two-sided,0.7,2.8,0.9905794806839772,0.24260768335273575
two-sided,0.7,2.82,0.9910544648511717,0.24260768335273575
two-sided,0.7,2.84,0.9910544648511717,0.24237485448195573
two-sided,0.7,2.86,0.9912127929069031,0.24214202561117582
two-sided,0.7,2.88,0.9914502849905004,0.2419091967403958
two-sided,0.7,2.9,0.991529449018366,0.24167636786961588
two-sided,0.7,2.92,0.9916086130462318,0.24155995343422587
two-sided,0.7,2.94,0.9916877770740975,0.24155995343422587
two-sided,0.7,2.96,0.9917669411019633,0.24144353899883586
two-sided,0.7,2.98,0.9917669411019633,0.24144353899883586
two-sided,0.7,3.0,0.9917669411019633,0.24132712456344585
two-sided,0.7,3.02,0.9917669411019633,0.24121071012805584
two-sided,0.7,3.04,0.991846105129829,0.24109429569266594
two-sided,0.7,3.06,0.9919252691576947,0.24086146682188592
two-sided,0.7,3.08,0.9919252691576947,0.2406286379511059
two-sided,0.7,3.1,0.9920044331855605,0.240512223515716
two-sided,0.7,3.12,0.9920044331855605,0.24039580908032598
two-sided,0.7,3.14,0.9920044331855605,0.24039580908032598
two-sided,0.7,3.16,0.9920835972134262,0.24027939464493597
two-sided,0.7,3.18,0.9920835972134262,0.24027939464493597
two-sided,0.7,3.2,0.9920835972134262,0.24027939464493597
two-sided,0.7,3.22,0.9920835972134262,0.24027939464493597
two-sided,0.7,3.24,0.9920835972134262,0.24016298020954596
two-sided,0.7,3.26,0.992162761241292,0.24016298020954596
two-sided,0.7,3.28,0.992162761241292,0.24016298020954596
two-sided,0.7,3.3,0.992162761241292,0.24016298020954596
two-sided,0.7,3.32,0.9922419252691577,0.23993015133876605
two-sided,0.7,3.34,0.9923210892970235,0.23993015133876605
two-sided,0.7,3.36,0.9923210892970235,0.23981373690337604
two-sided,0.7,3.38,0.9923210892970235,0.23981373690337604
two-sided,0.7,3.4,0.9923210892970235,0.23981373690337604
two-sided,0.7,3.42,0.9923210892970235,0.23981373690337604
two-sided,0.7,3.44,0.9923210892970235,0.23981373690337604
two-sided,0.7,3.46,0.9924002533248891,0.23981373690337604
two-sided,0.7,3.48,0.9924002533248891,0.23981373690337604
two-sided,0.7,3.5,0.9924794173527549,0.23981373690337604
two-sided,0.7,3.52,0.9924794173527549,0.23981373690337604
two-sided,0.7,3.54,0.9925585813806207,0.23981373690337604
two-sided,0.7,3.56,0.9925585813806207,0.23981373690337604
two-sided,0.7,3.58,0.9925585813806207,0.23981373690337604
two-sided,0.71,1.0,0.8811747941735275,0.48311990686845174
two-sided,0.71,1.02,0.9200443318556049,0.47543655413271246
two-sided,0.71,1.04,0.9341355288157062,0.4705471478463329
two-sided,0.71,1.06,0.9394395186827106,0.4677532013969732
two-sided,0.71,1.08,0.942922735908803,0.4635622817229337
two-sided,0.71,1.1,0.9445060164661178,0.45797438882421415
two-sided,0.71,1.12,0.9455351488283724,0.45133876600698486
two-sided,0.71,1.14,0.9461684610512983,0.4410942956926659
two-sided,0.71,1.16,0.9466434452184928,0.4318975552968568
two-sided,0.71,1.18,0.94743508549715,0.4155995343422585
two-sided,0.71,1.2,0.9477517416086131,0.4
two-sided,0.71,1.22,0.9479892336922102,0.38311990686845165
two-sided,0.71,1.24,0.948068397720076,0.3650756693830035
two-sided,0.71,1.26,0.9483850538315389,0.34796274738067523
two-sided,0.71,1.28,0.9485433818872704,0.3314318975552969
two-sided,0.71,1.3,0.9485433818872704,0.3180442374854482
two-sided,0.71,1.32,0.9485433818872704,0.30663562281722934
two-sided,0.71,1.34,0.9486225459151362,0.2969732246798603
two-sided,0.71,1.36,0.9486225459151362,0.28963911525029107
two-sided,0.71,1.38,0.9486225459151362,0.2847497089639115
two-sided,0.71,1.4,0.9486225459151362,0.2820721769499418
two-sided,0.71,1.42,0.9487808739708676,0.280558789289872
two-sided,0.71,1.44,0.9487808739708676,0.2793946449359721
two-sided,0.71,1.46,0.9487808739708676,0.27881257275902216
two-sided,0.71,1.48,0.9487808739708676,0.2779976717112922
two-sided,0.71,1.5,0.9487808739708676,0.27776484284051217
two-sided,0.71,1.52,0.9487808739708676,0.27764842840512227
two-sided,0.71,1.54,0.9487808739708676,0.27706635622817233
two-sided,0.71,1.56,0.9489392020265991,0.2764842840512224
two-sided,0.71,1.58,0.9491766941101963,0.2763678696158324
two-sided,0.71,1.6,0.9494933502216593,0.2754365541327125
two-sided,0.71,1.62,0.949889170360988,0.2743888242142025
two-sided,0.71,1.64,0.9501266624445852,0.27345750873108265
two-sided,0.71,1.66,0.9509974667511083,0.2727590221187427
two-sided,0.71,1.68,0.9513141228625712,0.27229336437718277
two-sided,0.71,1.7,0.9519474350854972,0.27182770663562283
two-sided,0.71,1.72,0.9527390753641545,0.27101280558789287
two-sided,0.71,1.74,0.952897403419886,0.27077997671711296
two-sided,0.71,1.76,0.9532932235592146,0.270197904540163
two-sided,0.71,1.78,0.9538473717542748,0.269965075669383
two-sided,0.71,1.8,0.9544806839772008,0.26926658905704304
two-sided,0.71,1.82,0.9551931602279924,0.2686845168800931
two-sided,0.71,1.84,0.9556681443951869,0.26810244470314315
two-sided,0.71,1.86,0.9572514249525016,0.26775320139697323
two-sided,0.71,1.88,0.9581222292590247,0.2672875436554133
two-sided,0.71,1.9,0.9593888537048765,0.26693830034924326
two-sided,0.71,1.92,0.9612096263457884,0.26647264260768333
two-sided,0.71,1.94,0.9629512349588347,0.26554132712456346
two-sided,0.71,1.96,0.9648511716276124,0.26519208381839343
two-sided,0.71,1.98,0.9658011399620012,0.2643771827706636
two-sided,0.71,2.0,0.9668302723242559,0.2643771827706636
two-sided,0.71,2.02,0.9674635845471817,0.26402793946449354
two-sided,0.71,2.04,0.9696010132995567,0.26379511059371363
two-sided,0.71,2.06,0.9707884737175427,0.26286379511059377
two-sided,0.71,2.08,0.9719759341355289,0.26263096623981375
two-sided,0.71,2.1,0.9730050664977834,0.2622817229336438
two-sided,0.71,2.12,0.974034198860038,0.2619324796274738
two-sided,0.71,2.14,0.9757758074730842,0.26158323632130387
two-sided,0.71,2.16,0.977042431918936,0.260535506402794
two-sided,0.71,2.18,0.9783090563647878,0.260419091967404
two-sided,0.71,2.2,0.9792590246991767,0.26018626309662396
two-sided,0.71,2.22,0.9800506649778341,0.259604190919674
two-sided,0.71,2.24,0.9811589613679544,0.259487776484284
two-sided,0.71,2.26,0.981554781507283,0.2593713620488941
two-sided,0.71,2.28,0.9823464217859404,0.2591385331781141
two-sided,0.71,2.3,0.9833755541481951,0.2591385331781141
two-sided,0.71,2.32,0.9839297023432553,0.2591385331781141
two-sided,0.71,2.34,0.9848005066497784,0.25878928987194416
two-sided,0.71,2.36,0.9852754908169727,0.25844004656577413
two-sided,0.71,2.38,0.9859879670677644,0.2583236321303841
two-sided,0.71,2.4,0.9864629512349589,0.2582072176949942
two-sided,0.71,2.42,0.9869379354021532,0.2579743888242142
two-sided,0.71,2.44,0.987017099430019,0.25750873108265426
two-sided,0.71,2.46,0.9872545915136162,0.25750873108265426
two-sided,0.71,2.48,0.9876504116529449,0.25750873108265426
two-sided,0.71,2.5,0.9880462317922736,0.25750873108265426
two-sided,0.71,2.52,0.988204559848005,0.25750873108265426
two-sided,0.71,2.54,0.9884420519316023,0.25715948777648423
two-sided,0.71,2.56,0.9885212159594681,0.25704307334109433
two-sided,0.71,2.58,0.9886003799873337,0.25704307334109433
two-sided,0.71,2.6,0.9887587080430652,0.2566938300349243
two-sided,0.71,2.62,0.988837872070931,0.2565774155995344
two-sided,0.71,2.64,0.9889170360987967,0.2565774155995344
two-sided,0.71,2.66,0.9890753641545282,0.2564610011641444
two-sided,0.71,2.68,0.9890753641545282,0.25611175785797435
two-sided,0.71,2.7,0.9892336922102597,0.25599534342258445
two-sided,0.71,2.72,0.9893128562381254,0.25587892898719444
two-sided,0.71,2.74,0.9894711842938568,0.25576251455180443
two-sided,0.71,2.76,0.9895503483217226,0.25576251455180443
two-sided,0.71,2.78,0.9896295123495883,0.2554132712456345
two-sided,0.71,2.8,0.9901836605446485,0.2552968568102445
two-sided,0.71,2.82,0.990658644711843,0.2552968568102445
two-sided,0.71,2.84,0.990658644711843,0.2550640279394645
two-sided,0.71,2.86,0.9908169727675744,0.25483119906868457
two-sided,0.71,2.88,0.9910544648511717,0.25459837019790454
two-sided,0.71,2.9,0.9911336288790373,0.2543655413271245
two-sided,0.71,2.92,0.9912127929069031,0.2542491268917346
two-sided,0.71,2.94,0.9912919569347688,0.2542491268917346
two-sided,0.71,2.96,0.9913711209626346,0.2541327124563446
two-sided,0.71,2.98,0.9913711209626346,0.2541327124563446
two-sided,0.71,3.0,0.9913711209626346,0.2540162980209546
two-sided,0.71,3.02,0.9913711209626346,0.2538998835855646
two-sided,0.71,3.04,0.9914502849905004,0.2537834691501746
two-sided,0.71,3.06,0.991529449018366,0.25355064027939467
two-sided,0.71,3.08,0.991529449018366,0.25331781140861465
two-sided,0.71,3.1,0.9916086130462318,0.25320139697322464
two-sided,0.71,3.12,0.9916086130462318,0.25308498253783474
two-sided,0.71,3.14,0.9916086130462318,0.25308498253783474
two-sided,0.71,3.16,0.9916877770740975,0.2529685681024447
two-sided,0.71,3.18,0.9916877770740975,0.2529685681024447
two-sided,0.71,3.2,0.9916877770740975,0.2529685681024447
two-sided,0.71,3.22,0.9916877770740975,0.2529685681024447
two-sided,0.71,3.24,0.9916877770740975,0.2528521536670547
two-sided,0.71,3.26,0.9917669411019633,0.2528521536670547
two-sided,0.71,3.28,0.9917669411019633,0.2528521536670547
two-sided,0.71,3.3,0.9917669411019633,0.2528521536670547
two-sided,0.71,3.32,0.991846105129829,0.2526193247962747
two-sided,0.71,3.34,0.9919252691576947,0.2526193247962747
two-sided,0.71,3.36,0.9919252691576947,0.2525029103608848
two-sided,0.71,3.38,0.9919252691576947,0.2525029103608848
two-sided,0.71,3.4,0.9919252691576947,0.2525029103608848
two-sided,0.71,3.42,0.9919252691576947,0.2525029103608848
two-sided,0.71,3.44,0.9919252691576947,0.2525029103608848
two-sided,0.71,3.46,0.9920044331855605,0.2525029103608848
two-sided,0.71,3.48,0.9920044331855605,0.2525029103608848
two-sided,0.71,3.5,0.9920835972134262,0.2525029103608848
two-sided,0.71,3.52,0.9920835972134262,0.2525029103608848
two-sided,0.71,3.54,0.992162761241292,0.2525029103608848
two-sided,0.71,3.56,0.992162761241292,0.2525029103608848
two-sided,0.71,3.58,0.992162761241292,0.2525029103608848
two-sided,0.72,1.0,0.8804623179227359,0.49697322467986027
two-sided,0.72,1.02,0.9193318556048131,0.4892898719441211
two-sided,0.72,1.04,0.9334230525649145,0.48440046565774153
two-sided,0.72,1.06,0.938727042431919,0.4816065192083818
two-sided,0.72,1.08,0.9422102596580114,0.4774155995343422
two-sided,0.72,1.1,0.9437935402153261,0.4718277066356228
two-sided,0.72,1.12,0.9448226725775808,0.4651920838183935
two-sided,0.72,1.14,0.9454559848005066,0.45494761350407453
two-sided,0.72,1.16,0.9459309689677011,0.44575087310826544
two-sided,0.72,1.18,0.9467226092463584,0.429452852153667
two-sided,0.72,1.2,0.9470392653578215,0.41385331781140866
two-sided,0.72,1.22,0.9472767574414186,0.3969732246798603
two-sided,0.72,1.24,0.9473559214692844,0.37892898719441215
two-sided,0.72,1.26,0.9476725775807473,0.36181606519208387
two-sided,0.72,1.28,0.9478309056364788,0.3452852153667054
two-sided,0.72,1.3,0.9478309056364788,0.3318975552968568
two-sided,0.72,1.32,0.9478309056364788,0.320488940628638
two-sided,0.72,1.34,0.9479100696643445,0.31082654249126895
two-sided,0.72,1.36,0.9479100696643445,0.3034924330616996
two-sided,0.72,1.38,0.9479100696643445,0.29860302677532014
two-sided,0.72,1.4,0.9479100696643445,0.29592549476135044
two-sided,0.72,1.42,0.948068397720076,0.2944121071012805
two-sided,0.72,1.44,0.948068397720076,0.29324796274738063
two-sided,0.72,1.46,0.948068397720076,0.2926658905704307
two-sided,0.72,1.48,0.948068397720076,0.29185098952270083
two-sided,0.72,1.5,0.948068397720076,0.2916181606519208
two-sided,0.72,1.52,0.948068397720076,0.2915017462165308
two-sided,0.72,1.54,0.948068397720076,0.29091967403958086
two-sided,0.72,1.56,0.9482267257758075,0.2903376018626309
two-sided,0.72,1.58,0.9484642178594047,0.290221187427241
two-sided,0.72,1.6,0.9487808739708676,0.28928987194412104
two-sided,0.72,1.62,0.9491766941101963,0.28824214202561116
two-sided,0.72,1.64,0.9494141861937936,0.2873108265424913
two-sided,0.72,1.66,0.9502849905003167,0.28661233993015134
two-sided,0.72,1.68,0.9506016466117796,0.2861466821885914
two-sided,0.72,1.7,0.9512349588347055,0.2856810244470315
two-sided,0.72,1.72,0.9520265991133628,0.2848661233993015
two-sided,0.72,1.74,0.9521849271690943,0.2846332945285215
two-sided,0.72,1.76,0.952580747308423,0.28405122235157154
two-sided,0.72,1.78,0.9531348955034832,0.28381839348079163
two-sided,0.72,1.8,0.9537682077264091,0.2831199068684517
two-sided,0.72,1.82,0.9544806839772008,0.28253783469150173
two-sided,0.72,1.84,0.9549556681443951,0.2819557625145518
two-sided,0.72,1.86,0.95653894870171,0.28160651920838187
two-sided,0.72,1.88,0.957409753008233,0.28114086146682193
two-sided,0.72,1.9,0.9586763774540848,0.2807916181606519
two-sided,0.72,1.92,0.9604971500949968,0.28032596041909197
two-sided,0.72,1.94,0.9622387587080431,0.2793946449359721
two-sided,0.72,1.96,0.9641386953768207,0.27904540162980207
two-sided,0.72,1.98,0.9650886637112096,0.2782305005820722
two-sided,0.72,2.0,0.9661177960734643,0.2782305005820722
two-sided,0.72,2.02,0.9667511082963901,0.2778812572759022
two-sided,0.72,2.04,0.968888537048765,0.27764842840512227
two-sided,0.72,2.06,0.9700759974667511,0.2767171129220023
two-sided,0.72,2.08,0.9712634578847372,0.2764842840512224
two-sided,0.72,2.1,0.9722925902469918,0.27613504074505235
two-sided,0.72,2.12,0.9733217226092463,0.27578579743888243
two-sided,0.72,2.14,0.9750633312222926,0.2754365541327125
two-sided,0.72,2.16,0.9763299556681444,0.2743888242142025
two-sided,0.72,2.18,0.9775965801139962,0.2742724097788126
two-sided,0.72,2.2,0.9785465484483851,0.2740395809080326
two-sided,0.72,2.22,0.9793381887270425,0.27345750873108265
two-sided,0.72,2.24,0.9804464851171628,0.27334109429569264
two-sided,0.72,2.26,0.9808423052564914,0.27322467986030263
two-sided,0.72,2.28,0.9816339455351488,0.2729918509895227
two-sided,0.72,2.3,0.9826630778974034,0.2729918509895227
two-sided,0.72,2.32,0.9832172260924635,0.2729918509895227
two-sided,0.72,2.34,0.9840880303989867,0.2726426076833527
two-sided,0.72,2.36,0.9845630145661811,0.27229336437718277
two-sided,0.72,2.38,0.9852754908169727,0.27217694994179276
two-sided,0.72,2.4,0.9857504749841672,0.27206053550640275
two-sided,0.72,2.42,0.9862254591513616,0.27182770663562283
two-sided,0.72,2.44,0.9863046231792274,0.2713620488940629
two-sided,0.72,2.46,0.9865421152628245,0.2713620488940629
two-sided,0.72,2.48,0.9869379354021532,0.2713620488940629
two-sided,0.72,2.5,0.987333755541482,0.2713620488940629
two-sided,0.72,2.52,0.9874920835972134,0.2713620488940629
two-sided,0.72,2.54,0.9877295756808107,0.27101280558789287
two-sided,0.72,2.56,0.9878087397086763,0.27089639115250286
two-sided,0.72,2.58,0.9878879037365421,0.27089639115250286
two-sided,0.72,2.6,0.9880462317922736,0.27054714784633294
two-sided,0.72,2.62,0.9881253958201394,0.2704307334109429
two-sided,0.72,2.64,0.988204559848005,0.2704307334109429
two-sided,0.72,2.66,0.9883628879037365,0.2703143189755529
two-sided,0.72,2.68,0.9883628879037365,0.269965075669383
two-sided,0.72,2.7,0.9885212159594681,0.269848661233993
two-sided,0.72,2.72,0.9886003799873337,0.2697322467986031
two-sided,0.72,2.74,0.9887587080430652,0.26961583236321307
two-sided,0.72,2.76,0.988837872070931,0.26961583236321307
two-sided,0.72,2.78,0.9889170360987967,0.26926658905704304
two-sided,0.72,2.8,0.9894711842938568,0.26915017462165314
two-sided,0.72,2.82,0.9899461684610513,0.26915017462165314
two-sided,0.72,2.84,0.9899461684610513,0.2689173457508731
two-sided,0.72,2.86,0.9901044965167828,0.2686845168800931
two-sided,0.72,2.88,0.99034198860038,0.2684516880093132
two-sided,0.72,2.9,0.9904211526282457,0.26821885913853316
two-sided,0.72,2.92,0.9905003166561115,0.26810244470314315
two-sided,0.72,2.94,0.9905794806839772,0.26810244470314315
two-sided,0.72,2.96,0.990658644711843,0.26798603026775325
two-sided,0.72,2.98,0.990658644711843,0.26798603026775325
two-sided,0.72,3.0,0.990658644711843,0.26786961583236324
two-sided,0.72,3.02,0.990658644711843,0.26775320139697323
two-sided,0.72,3.04,0.9907378087397086,0.2676367869615832
two-sided,0.72,3.06,0.9908169727675744,0.2674039580908033
two-sided,0.72,3.08,0.9908169727675744,0.2671711292200233
two-sided,0.72,3.1,0.9908961367954402,0.2670547147846333
two-sided,0.72,3.12,0.9908961367954402,0.26693830034924326
two-sided,0.72,3.14,0.9908961367954402,0.26693830034924326
two-sided,0.72,3.16,0.9909753008233059,0.26682188591385336
two-sided,0.72,3.18,0.9909753008233059,0.26682188591385336
two-sided,0.72,3.2,0.9909753008233059,0.26682188591385336
two-sided,0.72,3.22,0.9909753008233059,0.26682188591385336
two-sided,0.72,3.24,0.9909753008233059,0.26670547147846335
two-sided,0.72,3.26,0.9910544648511717,0.26670547147846335
two-sided,0.72,3.28,0.9910544648511717,0.26670547147846335
two-sided,0.72,3.3,0.9910544648511717,0.26670547147846335
two-sided,0.72,3.32,0.9911336288790373,0.26647264260768333
two-sided,0.72,3.34,0.9912127929069031,0.26647264260768333
two-sided,0.72,3.36,0.9912127929069031,0.2663562281722933
two-sided,0.72,3.38,0.9912127929069031,0.2663562281722933
two-sided,0.72,3.4,0.9912127929069031,0.2663562281722933
two-sided,0.72,3.42,0.9912127929069031,0.2663562281722933
two-sided,0.72,3.44,0.9912127929069031,0.2663562281722933
two-sided,0.72,3.46,0.9912919569347688,0.2663562281722933
two-sided,0.72,3.48,0.9912919569347688,0.2663562281722933
two-sided,0.72,3.5,0.9913711209626346,0.2663562281722933
two-sided,0.72,3.52,0.9913711209626346,0.2663562281722933
two-sided,0.72,3.54,0.9914502849905004,0.2663562281722933
two-sided,0.72,3.56,0.9914502849905004,0.2663562281722933
two-sided,0.72,3.58,0.9914502849905004,0.2663562281722933
two-sided,0.73,1.0,0.8797498416719443,0.5116414435389989
two-sided,0.73,1.02,0.9186193793540215,0.5039580908032596
two-sided,0.73,1.04,0.9327105763141229,0.49906868451688013
two-sided,0.73,1.06,0.9380145661811273,0.4962747380675204
two-sided,0.73,1.08,0.9414977834072198,0.4920838183934808
two-sided,0.73,1.1,0.9430810639645345,0.4864959254947614
two-sided,0.73,1.12,0.944110196326789,0.479860302677532
two-sided,0.73,1.14,0.944743508549715,0.469615832363213
two-sided,0.73,1.16,0.9452184927169094,0.46041909196740394
two-sided,0.73,1.18,0.9460101329955668,0.4441210710128056
two-sided,0.73,1.2,0.9463267891070297,0.42852153667054715
two-sided,0.73,1.22,0.946564281190627,0.4116414435389988
two-sided,0.73,1.24,0.9466434452184928,0.39359720605355064
two-sided,0.73,1.26,0.9469601013299557,0.37648428405122236
two-sided,0.73,1.28,0.9471184293856871,0.359953434225844
two-sided,0.73,1.3,0.9471184293856871,0.3465657741559953
two-sided,0.73,1.32,0.9471184293856871,0.33515715948777647
two-sided,0.73,1.34,0.9471975934135529,0.32549476135040745
two-sided,0.73,1.36,0.9471975934135529,0.3181606519208382
two-sided,0.73,1.38,0.9471975934135529,0.31327124563445863
two-sided,0.73,1.4,0.9471975934135529,0.31059371362048893
two-sided,0.73,1.42,0.9473559214692844,0.3090803259604191
two-sided,0.73,1.44,0.9473559214692844,0.30791618160651923
two-sided,0.73,1.46,0.9473559214692844,0.3073341094295693
two-sided,0.73,1.48,0.9473559214692844,0.3065192083818393
two-sided,0.73,1.5,0.9473559214692844,0.3062863795110594
two-sided,0.73,1.52,0.9473559214692844,0.3061699650756694
two-sided,0.73,1.54,0.9473559214692844,0.30558789289871946
two-sided,0.73,1.56,0.9475142495250158,0.3050058207217695
two-sided,0.73,1.58,0.9477517416086131,0.3048894062863795
two-sided,0.73,1.6,0.948068397720076,0.30395809080325964
two-sided,0.73,1.62,0.9484642178594047,0.30291036088474976
two-sided,0.73,1.64,0.9487017099430018,0.3019790454016298
two-sided,0.73,1.66,0.949572514249525,0.30128055878928983
two-sided,0.73,1.68,0.949889170360988,0.3008149010477299
two-sided,0.73,1.7,0.9505224825839139,0.30034924330616997
two-sided,0.73,1.72,0.9513141228625712,0.29953434225844
two-sided,0.73,1.74,0.9514724509183027,0.2993015133876601
two-sided,0.73,1.76,0.9518682710576314,0.29871944121071015
two-sided,0.73,1.78,0.9524224192526916,0.2984866123399301
two-sided,0.73,1.8,0.9530557314756175,0.29778812572759017
two-sided,0.73,1.82,0.9537682077264091,0.2972060535506402
two-sided,0.73,1.84,0.9542431918936035,0.2966239813736904
two-sided,0.73,1.86,0.9558264724509183,0.29627473806752036
two-sided,0.73,1.88,0.9566972767574414,0.2958090803259604
two-sided,0.73,1.9,0.9579639012032932,0.2954598370197905
two-sided,0.73,1.92,0.9597846738442052,0.29499417927823046
two-sided,0.73,1.94,0.9615262824572515,0.2940628637951106
two-sided,0.73,1.96,0.9634262191260291,0.2937136204889407
two-sided,0.73,1.98,0.964376187460418,0.2928987194412107
two-sided,0.73,2.0,0.9654053198226725,0.2928987194412107
two-sided,0.73,2.02,0.9660386320455985,0.2925494761350408
two-sided,0.73,2.04,0.9681760607979734,0.29231664726426076
two-sided,0.73,2.06,0.9693635212159595,0.2913853317811409
two-sided,0.73,2.08,0.9705509816339455,0.2911525029103609
two-sided,0.73,2.1,0.9715801139962001,0.29080325960419096
two-sided,0.73,2.12,0.9726092463584547,0.2904540162980209
two-sided,0.73,2.14,0.974350854971501,0.290104772991851
two-sided,0.73,2.16,0.9756174794173528,0.2890570430733411
two-sided,0.73,2.18,0.9768841038632046,0.2889406286379511
two-sided,0.73,2.2,0.9778340721975934,0.2887077997671711
two-sided,0.73,2.22,0.9786257124762507,0.28812572759022115
two-sided,0.73,2.24,0.9797340088663711,0.28800931315483125
two-sided,0.73,2.26,0.9801298290056998,0.28789289871944124
two-sided,0.73,2.28,0.9809214692843572,0.2876600698486612
two-sided,0.73,2.3,0.9819506016466117,0.2876600698486612
two-sided,0.73,2.32,0.9825047498416719,0.2876600698486612
two-sided,0.73,2.34,0.9833755541481951,0.2873108265424913
two-sided,0.73,2.36,0.9838505383153895,0.28696158323632126
two-sided,0.73,2.38,0.9845630145661811,0.28684516880093136
two-sided,0.73,2.4,0.9850379987333756,0.28672875436554135
two-sided,0.73,2.42,0.98551298290057,0.2864959254947613
two-sided,0.73,2.44,0.9855921469284357,0.2860302677532014
two-sided,0.73,2.46,0.9858296390120329,0.2860302677532014
two-sided,0.73,2.48,0.9862254591513616,0.2860302677532014
two-sided,0.73,2.5,0.9866212792906903,0.2860302677532014
two-sided,0.73,2.52,0.9867796073464218,0.2860302677532014
two-sided,0.73,2.54,0.987017099430019,0.2856810244470315
two-sided,0.73,2.56,0.9870962634578847,0.28556461001164146
two-sided,0.73,2.58,0.9871754274857505,0.28556461001164146
two-sided,0.73,2.6,0.987333755541482,0.28521536670547143
two-sided,0.73,2.62,0.9874129195693477,0.28509895227008153
two-sided,0.73,2.64,0.9874920835972134,0.28509895227008153
two-sided,0.73,2.66,0.9876504116529449,0.2849825378346915
two-sided,0.73,2.68,0.9876504116529449,0.2846332945285215
two-sided,0.73,2.7,0.9878087397086763,0.2845168800931316
two-sided,0.73,2.72,0.9878879037365421,0.2844004656577416
two-sided,0.73,2.74,0.9880462317922736,0.28428405122235156
two-sided,0.73,2.76,0.9881253958201394,0.28428405122235156
two-sided,0.73,2.78,0.988204559848005,0.28393480791618164
two-sided,0.73,2.8,0.9887587080430652,0.28381839348079163
two-sided,0.73,2.82,0.9892336922102597,0.28381839348079163
two-sided,0.73,2.84,0.9892336922102597,0.2835855646100116
two-sided,0.73,2.86,0.9893920202659912,0.2833527357392317
two-sided,0.73,2.88,0.9896295123495883,0.2831199068684517
two-sided,0.73,2.9,0.9897086763774541,0.28288707799767177
two-sided,0.73,2.92,0.9897878404053199,0.28277066356228175
two-sided,0.73,2.94,0.9898670044331855,0.28277066356228175
two-sided,0.73,2.96,0.9899461684610513,0.28265424912689174
two-sided,0.73,2.98,0.9899461684610513,0.28265424912689174
two-sided,0.73,3.0,0.9899461684610513,0.28253783469150173
two-sided,0.73,3.02,0.9899461684610513,0.2824214202561117
two-sided,0.73,3.04,0.990025332488917,0.2823050058207218
two-sided,0.73,3.06,0.9901044965167828,0.2820721769499418
two-sided,0.73,3.08,0.9901044965167828,0.2818393480791618
two-sided,0.73,3.1,0.9901836605446485,0.2817229336437719
two-sided,0.73,3.12,0.9901836605446485,0.28160651920838187
two-sided,0.73,3.14,0.9901836605446485,0.28160651920838187
two-sided,0.73,3.16,0.9902628245725142,0.28149010477299186
two-sided,0.73,3.18,0.9902628245725142,0.28149010477299186
two-sided,0.73,3.2,0.9902628245725142,0.28149010477299186
two-sided,0.73,3.22,0.9902628245725142,0.28149010477299186
two-sided,0.73,3.24,0.9902628245725142,0.28137369033760185
two-sided,0.73,3.26,0.99034198860038,0.28137369033760185
two-sided,0.73,3.28,0.99034198860038,0.28137369033760185
two-sided,0.73,3.3,0.99034198860038,0.28137369033760185
two-sided,0.73,3.32,0.9904211526282457,0.28114086146682193
two-sided,0.73,3.34,0.9905003166561115,0.28114086146682193
two-sided,0.73,3.36,0.9905003166561115,0.2810244470314319
two-sided,0.73,3.38,0.9905003166561115,0.2810244470314319
two-sided,0.73,3.4,0.9905003166561115,0.2810244470314319
two-sided,0.73,3.42,0.9905003166561115,0.2810244470314319
two-sided,0.73,3.44,0.9905003166561115,0.2810244470314319
two-sided,0.73,3.46,0.9905794806839772,0.2810244470314319
two-sided,0.73,3.48,0.9905794806839772,0.2810244470314319
two-sided,0.73,3.5,0.990658644711843,0.2810244470314319
two-sided,0.73,3.52,0.990658644711843,0.2810244470314319
two-sided,0.73,3.54,0.9907378087397086,0.2810244470314319
two-sided,0.73,3.56,0.9907378087397086,0.2810244470314319
two-sided,0.73,3.58,0.9907378087397086,0.2810244470314319
two-sided,0.74,1.0,0.8781665611146295,0.5257275902211874
two-sided,0.74,1.02,0.9170360987967068,0.5180442374854481
two-sided,0.74,1.04,0.9311272957568081,0.5131548311990687
two-sided,0.74,1.06,0.9364312856238125,0.510360884749709
two-sided,0.74,1.08,0.939914502849905,0.5061699650756694
two-sided,0.74,1.1,0.9414977834072198,0.5005820721769499
two-sided,0.74,1.12,0.9425269157694743,0.49394644935972065
two-sided,0.74,1.14,0.9431602279924003,0.4837019790454016
two-sided,0.74,1.16,0.9436352121595947,0.4745052386495926
two-sided,0.74,1.18,0.9444268524382521,0.4582072176949942
two-sided,0.74,1.2,0.944743508549715,0.4426076833527357
two-sided,0.74,1.22,0.9449810006333123,0.42572759022118745
two-sided,0.74,1.24,0.9450601646611779,0.4076833527357392
two-sided,0.74,1.26,0.945376820772641,0.3905704307334109
two-sided,0.74,1.28,0.9455351488283724,0.3740395809080326
two-sided,0.74,1.3,0.9455351488283724,0.360651920838184
two-sided,0.74,1.32,0.9455351488283724,0.34924330616996513
two-sided,0.74,1.34,0.9456143128562381,0.339580908032596
two-sided,0.74,1.36,0.9456143128562381,0.33224679860302675
two-sided,0.74,1.38,0.9456143128562381,0.3273573923166473
two-sided,0.74,1.4,0.9456143128562381,0.3246798603026775
two-sided,0.74,1.42,0.9457726409119696,0.32316647264260767
two-sided,0.74,1.44,0.9457726409119696,0.3220023282887078
two-sided,0.74,1.46,0.9457726409119696,0.32142025611175784
two-sided,0.74,1.48,0.9457726409119696,0.320605355064028
two-sided,0.74,1.5,0.9457726409119696,0.32037252619324796
two-sided,0.74,1.52,0.9457726409119696,0.32025611175785795
two-sided,0.74,1.54,0.9457726409119696,0.319674039580908
two-sided,0.74,1.56,0.9459309689677011,0.31909196740395807
two-sided,0.74,1.58,0.9461684610512983,0.31897555296856805
two-sided,0.74,1.6,0.9464851171627613,0.3180442374854482
two-sided,0.74,1.62,0.9468809373020899,0.3169965075669383
two-sided,0.74,1.64,0.9471184293856871,0.31606519208381845
two-sided,0.74,1.66,0.9479892336922102,0.3153667054714785
two-sided,0.74,1.68,0.9483058898036733,0.31490104772991856
two-sided,0.74,1.7,0.9489392020265991,0.3144353899883585
two-sided,0.74,1.72,0.9497308423052565,0.31362048894062866
two-sided,0.74,1.74,0.949889170360988,0.31338766006984864
two-sided,0.74,1.76,0.9502849905003167,0.3128055878928987
two-sided,0.74,1.78,0.9508391386953768,0.3125727590221188
two-sided,0.74,1.8,0.9514724509183027,0.31187427240977883
two-sided,0.74,1.82,0.9521849271690943,0.3112922002328289
two-sided,0.74,1.84,0.9526599113362888,0.31071012805587894
two-sided,0.74,1.86,0.9542431918936035,0.3103608847497089
two-sided,0.74,1.88,0.9551139962001267,0.309895227008149
two-sided,0.74,1.9,0.9563806206459785,0.30954598370197905
two-sided,0.74,1.92,0.9582013932868905,0.3090803259604191
two-sided,0.74,1.94,0.9599430018999366,0.30814901047729915
two-sided,0.74,1.96,0.9618429385687144,0.3077997671711292
two-sided,0.74,1.98,0.9627929069031033,0.30698486612339926
two-sided,0.74,2.0,0.9638220392653578,0.30698486612339926
two-sided,0.74,2.02,0.9644553514882838,0.30663562281722934
two-sided,0.74,2.04,0.9665927802406586,0.3064027939464493
two-sided,0.74,2.06,0.9677802406586448,0.30547147846332945
two-sided,0.74,2.08,0.9689677010766308,0.3052386495925494
two-sided,0.74,2.1,0.9699968334388853,0.3048894062863795
two-sided,0.74,2.12,0.97102596580114,0.3045401629802096
two-sided,0.74,2.14,0.9727675744141862,0.30419091967403955
two-sided,0.74,2.16,0.974034198860038,0.3031431897555297
two-sided,0.74,2.18,0.9753008233058899,0.30302677532013966
two-sided,0.74,2.2,0.9762507916402786,0.30279394644935975
two-sided,0.74,2.22,0.977042431918936,0.3022118742724098
two-sided,0.74,2.24,0.9781507283090564,0.3020954598370198
two-sided,0.74,2.26,0.9785465484483851,0.3019790454016298
two-sided,0.74,2.28,0.9793381887270425,0.3017462165308499
two-sided,0.74,2.3,0.980367321089297,0.3017462165308499
two-sided,0.74,2.32,0.9809214692843572,0.3017462165308499
two-sided,0.74,2.34,0.9817922735908803,0.30139697322467984
two-sided,0.74,2.36,0.9822672577580748,0.3010477299185099
two-sided,0.74,2.38,0.9829797340088664,0.3009313154831199
two-sided,0.74,2.4,0.9834547181760608,0.3008149010477299
two-sided,0.74,2.42,0.9839297023432553,0.30058207217695
two-sided,0.74,2.44,0.984008866371121,0.30011641443538994
two-sided,0.74,2.46,0.9842463584547182,0.30011641443538994
two-sided,0.74,2.48,0.9846421785940469,0.30011641443538994
two-sided,0.74,2.5,0.9850379987333756,0.30011641443538994
two-sided,0.74,2.52,0.9851963267891071,0.30011641443538994
two-sided,0.74,2.54,0.9854338188727042,0.29976717112922
two-sided,0.74,2.56,0.98551298290057,0.29965075669383
two-sided,0.74,2.58,0.9855921469284357,0.29965075669383
two-sided,0.74,2.6,0.9857504749841672,0.2993015133876601
two-sided,0.74,2.62,0.9858296390120329,0.2991850989522701
two-sided,0.74,2.64,0.9859088030398987,0.2991850989522701
two-sided,0.74,2.66,0.9860671310956302,0.29906868451688007
two-sided,0.74,2.68,0.9860671310956302,0.29871944121071015
two-sided,0.74,2.7,0.9862254591513616,0.29860302677532014
two-sided,0.74,2.72,0.9863046231792274,0.2984866123399301
two-sided,0.74,2.74,0.9864629512349589,0.2983701979045401
two-sided,0.74,2.76,0.9865421152628245,0.2983701979045401
two-sided,0.74,2.78,0.9866212792906903,0.2980209545983702
two-sided,0.74,2.8,0.9871754274857505,0.2979045401629802
two-sided,0.74,2.82,0.9876504116529449,0.2979045401629802
two-sided,0.74,2.84,0.9876504116529449,0.29767171129220027
two-sided,0.74,2.86,0.9878087397086763,0.29743888242142025
two-sided,0.74,2.88,0.9880462317922736,0.2972060535506402
two-sided,0.74,2.9,0.9881253958201394,0.2969732246798603
two-sided,0.74,2.92,0.988204559848005,0.2968568102444703
two-sided,0.74,2.94,0.9882837238758708,0.2968568102444703
two-sided,0.74,2.96,0.9883628879037365,0.2967403958090803
two-sided,0.74,2.98,0.9883628879037365,0.2967403958090803
two-sided,0.74,3.0,0.9883628879037365,0.2966239813736904
two-sided,0.74,3.02,0.9883628879037365,0.2965075669383004
two-sided,0.74,3.04,0.9884420519316023,0.29639115250291037
two-sided,0.74,3.06,0.9885212159594681,0.29615832363213035
two-sided,0.74,3.08,0.9885212159594681,0.29592549476135044
two-sided,0.74,3.1,0.9886003799873337,0.2958090803259604
two-sided,0.74,3.12,0.9886003799873337,0.2956926658905704
two-sided,0.74,3.14,0.9886003799873337,0.2956926658905704
two-sided,0.74,3.16,0.9886795440151995,0.2955762514551804
two-sided,0.74,3.18,0.9886795440151995,0.2955762514551804
two-sided,0.74,3.2,0.9886795440151995,0.2955762514551804
two-sided,0.74,3.22,0.9886795440151995,0.2955762514551804
two-sided,0.74,3.24,0.9886795440151995,0.2954598370197905
two-sided,0.74,3.26,0.9887587080430652,0.2954598370197905
two-sided,0.74,3.28,0.9887587080430652,0.2954598370197905
two-sided,0.74,3.3,0.9887587080430652,0.2954598370197905
two-sided,0.74,3.32,0.988837872070931,0.2952270081490105
two-sided,0.74,3.34,0.9889170360987967,0.2952270081490105
two-sided,0.74,3.36,0.9889170360987967,0.2951105937136205
two-sided,0.74,3.38,0.9889170360987967,0.2951105937136205
two-sided,0.74,3.4,0.9889170360987967,0.2951105937136205
two-sided,0.74,3.42,0.9889170360987967,0.2951105937136205
two-sided,0.74,3.44,0.9889170360987967,0.2951105937136205
two-sided,0.74,3.46,0.9889962001266625,0.2951105937136205
two-sided,0.74,3.48,0.9889962001266625,0.2951105937136205
two-sided,0.74,3.5,0.9890753641545282,0.2951105937136205
two-sided,0.74,3.52,0.9890753641545282,0.2951105937136205
two-sided,0.74,3.54,0.9891545281823939,0.2951105937136205
two-sided,0.74,3.56,0.9891545281823939,0.2951105937136205
two-sided,0.74,3.58,0.9891545281823939,0.2951105937136205
two-sided,0.75,1.0,0.8762666244458518,0.5443538998835855
two-sided,0.75,1.02,0.915136162127929,0.5366705471478463
two-sided,0.75,1.04,0.9292273590880304,0.5317811408614668
two-sided,0.75,1.06,0.9345313489550349,0.5289871944121072
two-sided,0.75,1.08,0.9380145661811273,0.5247962747380674
two-sided,0.75,1.1,0.939597846738442,0.519208381839348
two-sided,0.75,1.12,0.9406269791006966,0.5125727590221187
two-sided,0.75,1.14,0.9412602913236225,0.5023282887077998
two-sided,0.75,1.16,0.9417352754908169,0.4931315483119907
two-sided,0.75,1.18,0.9425269157694743,0.47683352735739226
two-sided,0.75,1.2,0.9428435718809373,0.4612339930151339
two-sided,0.75,1.22,0.9430810639645345,0.44435389988358553
two-sided,0.75,1.24,0.9431602279924003,0.4263096623981374
two-sided,0.75,1.26,0.9434768841038632,0.4091967403958091
two-sided,0.75,1.28,0.9436352121595947,0.3926658905704308
two-sided,0.75,1.3,0.9436352121595947,0.37927823050058207
two-sided,0.75,1.32,0.9436352121595947,0.3678696158323632
two-sided,0.75,1.34,0.9437143761874605,0.3582072176949942
two-sided,0.75,1.36,0.9437143761874605,0.35087310826542495
two-sided,0.75,1.38,0.9437143761874605,0.3459837019790454
two-sided,0.75,1.4,0.9437143761874605,0.3433061699650757
two-sided,0.75,1.42,0.9438727042431919,0.34179278230500587
two-sided,0.75,1.44,0.9438727042431919,0.340628637951106
two-sided,0.75,1.46,0.9438727042431919,0.34004656577415604
two-sided,0.75,1.48,0.9438727042431919,0.3392316647264261
two-sided,0.75,1.5,0.9438727042431919,0.33899883585564605
two-sided,0.75,1.52,0.9438727042431919,0.33888242142025615
two-sided,0.75,1.54,0.9438727042431919,0.3383003492433062
two-sided,0.75,1.56,0.9440310322989234,0.33771827706635626
two-sided,0.75,1.58,0.9442685243825206,0.33760186263096625
two-sided,0.75,1.6,0.9445851804939835,0.3366705471478463
two-sided,0.75,1.62,0.9449810006333123,0.3356228172293364
two-sided,0.75,1.64,0.9452184927169094,0.33469150174621654
two-sided,0.75,1.66,0.9460892970234326,0.3339930151338766
two-sided,0.75,1.68,0.9464059531348955,0.33352735739231665
two-sided,0.75,1.7,0.9470392653578215,0.3330616996507567
two-sided,0.75,1.72,0.9478309056364788,0.33224679860302675
two-sided,0.75,1.74,0.9479892336922102,0.33201396973224684
two-sided,0.75,1.76,0.9483850538315389,0.3314318975552969
two-sided,0.75,1.78,0.9489392020265991,0.3311990686845169
two-sided,0.75,1.8,0.949572514249525,0.3305005820721769
two-sided,0.75,1.82,0.9502849905003167,0.329918509895227
two-sided,0.75,1.84,0.950759974667511,0.32933643771827703
two-sided,0.75,1.86,0.9523432552248259,0.3289871944121071
two-sided,0.75,1.88,0.953214059531349,0.3285215366705472
two-sided,0.75,1.9,0.9544806839772008,0.32817229336437714
two-sided,0.75,1.92,0.9563014566181127,0.3277066356228172
two-sided,0.75,1.94,0.958043065231159,0.32677532013969735
two-sided,0.75,1.96,0.9599430018999366,0.3264260768335273
two-sided,0.75,1.98,0.9608929702343255,0.32561117578579746
two-sided,0.75,2.0,0.9619221025965801,0.32561117578579746
two-sided,0.75,2.02,0.962555414819506,0.3252619324796274
two-sided,0.75,2.04,0.9646928435718809,0.3250291036088475
two-sided,0.75,2.06,0.965880303989867,0.32409778812572754
two-sided,0.75,2.08,0.967067764407853,0.3238649592549476
two-sided,0.75,2.1,0.9680968967701077,0.3235157159487776
two-sided,0.75,2.12,0.9691260291323622,0.32316647264260767
two-sided,0.75,2.14,0.9708676377454085,0.32281722933643775
two-sided,0.75,2.16,0.9721342621912603,0.3217694994179279
two-sided,0.75,2.18,0.9734008866371121,0.32165308498253786
two-sided,0.75,2.2,0.974350854971501,0.32142025611175784
two-sided,0.75,2.22,0.9751424952501583,0.3208381839348079
two-sided,0.75,2.24,0.9762507916402786,0.3207217694994179
two-sided,0.75,2.26,0.9766466117796073,0.320605355064028
two-sided,0.75,2.28,0.9774382520582647,0.32037252619324796
two-sided,0.75,2.3,0.9784673844205193,0.32037252619324796
two-sided,0.75,2.32,0.9790215326155794,0.32037252619324796
two-sided,0.75,2.34,0.9798923369221026,0.32002328288707804
two-sided,0.75,2.36,0.980367321089297,0.319674039580908
two-sided,0.75,2.38,0.9810797973400887,0.319557625145518
two-sided,0.75,2.4,0.981554781507283,0.3194412107101281
two-sided,0.75,2.42,0.9820297656744775,0.3192083818393481
two-sided,0.75,2.44,0.9821089297023432,0.31874272409778814
two-sided,0.75,2.46,0.9823464217859404,0.31874272409778814
two-sided,0.75,2.48,0.9827422419252692,0.31874272409778814
two-sided,0.75,2.5,0.9831380620645979,0.31874272409778814
two-sided,0.75,2.52,0.9832963901203293,0.31874272409778814
two-sided,0.75,2.54,0.9835338822039266,0.3183934807916181
two-sided,0.75,2.56,0.9836130462317922,0.3182770663562282
two-sided,0.75,2.58,0.983692210259658,0.3182770663562282
two-sided,0.75,2.6,0.9838505383153895,0.3179278230500582
two-sided,0.75,2.62,0.9839297023432553,0.31781140861466817
two-sided,0.75,2.64,0.984008866371121,0.31781140861466817
two-sided,0.75,2.66,0.9841671944268524,0.31769499417927827
two-sided,0.75,2.68,0.9841671944268524,0.31734575087310823
two-sided,0.75,2.7,0.9843255224825839,0.3172293364377182
two-sided,0.75,2.72,0.9844046865104497,0.3171129220023283
two-sided,0.75,2.74,0.9845630145661811,0.3169965075669383
two-sided,0.75,2.76,0.9846421785940469,0.3169965075669383
two-sided,0.75,2.78,0.9847213426219126,0.3166472642607684
two-sided,0.75,2.8,0.9852754908169727,0.3165308498253784
two-sided,0.75,2.82,0.9857504749841672,0.3165308498253784
two-sided,0.75,2.84,0.9857504749841672,0.31629802095459836
two-sided,0.75,2.86,0.9859088030398987,0.31606519208381845
two-sided,0.75,2.88,0.9861462951234958,0.3158323632130384
two-sided,0.75,2.9,0.9862254591513616,0.3155995343422584
two-sided,0.75,2.92,0.9863046231792274,0.3154831199068685
two-sided,0.75,2.94,0.9863837872070931,0.3154831199068685
two-sided,0.75,2.96,0.9864629512349589,0.3153667054714785
two-sided,0.75,2.98,0.9864629512349589,0.3153667054714785
two-sided,0.75,3.0,0.9864629512349589,0.3152502910360885
two-sided,0.75,3.02,0.9864629512349589,0.31513387660069847
two-sided,0.75,3.04,0.9865421152628245,0.31501746216530846
two-sided,0.75,3.06,0.9866212792906903,0.31478463329452855
two-sided,0.75,3.08,0.9866212792906903,0.3145518044237485
two-sided,0.75,3.1,0.986700443318556,0.3144353899883585
two-sided,0.75,3.12,0.986700443318556,0.3143189755529686
two-sided,0.75,3.14,0.986700443318556,0.3143189755529686
two-sided,0.75,3.16,0.9867796073464218,0.3142025611175786
two-sided,0.75,3.18,0.9867796073464218,0.3142025611175786
two-sided,0.75,3.2,0.9867796073464218,0.3142025611175786
two-sided,0.75,3.22,0.9867796073464218,0.3142025611175786
two-sided,0.75,3.24,0.9867796073464218,0.3140861466821886
two-sided,0.75,3.26,0.9868587713742876,0.3140861466821886
two-sided,0.75,3.28,0.9868587713742876,0.3140861466821886
two-sided,0.75,3.3,0.9868587713742876,0.3140861466821886
two-sided,0.75,3.32,0.9869379354021532,0.31385331781140857
two-sided,0.75,3.34,0.987017099430019,0.31385331781140857
two-sided,0.75,3.36,0.987017099430019,0.31373690337601867
two-sided,0.75,3.38,0.987017099430019,0.31373690337601867
two-sided,0.75,3.4,0.987017099430019,0.31373690337601867
two-sided,0.75,3.42,0.987017099430019,0.31373690337601867
two-sided,0.75,3.44,0.987017099430019,0.31373690337601867
two-sided,0.75,3.46,0.9870962634578847,0.31373690337601867
two-sided,0.75,3.48,0.9870962634578847,0.31373690337601867
two-sided,0.75,3.5,0.9871754274857505,0.31373690337601867
two-sided,0.75,3.52,0.9871754274857505,0.31373690337601867
two-sided,0.75,3.54,0.9872545915136162,0.31373690337601867
two-sided,0.75,3.56,0.9872545915136162,0.31373690337601867
two-sided,0.75,3.58,0.9872545915136162,0.31373690337601867
two-sided,0.76,1.0,0.8738125395820139,0.5623981373690338
two-sided,0.76,1.02,0.9126820772640912,0.5547147846332945
two-sided,0.76,1.04,0.9267732742241925,0.549825378346915
two-sided,0.76,1.06,0.932077264091197,0.5470314318975553
two-sided,0.76,1.08,0.9355604813172894,0.5428405122235157
two-sided,0.76,1.1,0.9371437618746041,0.5372526193247963
two-sided,0.76,1.12,0.9381728942368588,0.5306169965075669
two-sided,0.76,1.14,0.9388062064597846,0.5203725261932479
two-sided,0.76,1.16,0.9392811906269791,0.5111757857974388
two-sided,0.76,1.18,0.9400728309056364,0.4948777648428405
two-sided,0.76,1.2,0.9403894870170995,0.47927823050058205
two-sided,0.76,1.22,0.9406269791006966,0.4623981373690338
two-sided,0.76,1.24,0.9407061431285624,0.44435389988358553
two-sided,0.76,1.26,0.9410227992400253,0.42724097788125726
two-sided,0.76,1.28,0.9411811272957568,0.4107101280558789
two-sided,0.76,1.3,0.9411811272957568,0.3973224679860302
two-sided,0.76,1.32,0.9411811272957568,0.38591385331781136
two-sided,0.76,1.34,0.9412602913236225,0.37625145518044234
two-sided,0.76,1.36,0.9412602913236225,0.3689173457508731
two-sided,0.76,1.38,0.9412602913236225,0.36402793946449363
two-sided,0.76,1.4,0.9412602913236225,0.3613504074505238
two-sided,0.76,1.42,0.941418619379354,0.359837019790454
two-sided,0.76,1.44,0.941418619379354,0.35867287543655413
two-sided,0.76,1.46,0.941418619379354,0.3580908032596042
two-sided,0.76,1.48,0.941418619379354,0.3572759022118742
two-sided,0.76,1.5,0.941418619379354,0.3570430733410943
two-sided,0.76,1.52,0.941418619379354,0.3569266589057043
two-sided,0.76,1.54,0.941418619379354,0.35634458672875435
two-sided,0.76,1.56,0.9415769474350855,0.3557625145518044
two-sided,0.76,1.58,0.9418144395186827,0.3556461001164144
two-sided,0.76,1.6,0.9421310956301456,0.35471478463329453
two-sided,0.76,1.62,0.9425269157694743,0.35366705471478466
two-sided,0.76,1.64,0.9427644078530716,0.3527357392316647
two-sided,0.76,1.66,0.9436352121595947,0.35203725261932484
two-sided,0.76,1.68,0.9439518682710576,0.3515715948777648
two-sided,0.76,1.7,0.9445851804939835,0.35110593713620486
two-sided,0.76,1.72,0.945376820772641,0.350291036088475
two-sided,0.76,1.74,0.9455351488283724,0.350058207217695
two-sided,0.76,1.76,0.9459309689677011,0.34947613504074504
two-sided,0.76,1.78,0.9464851171627613,0.34924330616996513
two-sided,0.76,1.8,0.9471184293856871,0.3485448195576252
two-sided,0.76,1.82,0.9478309056364788,0.34796274738067523
two-sided,0.76,1.84,0.9483058898036733,0.3473806752037253
two-sided,0.76,1.86,0.949889170360988,0.34703143189755525
two-sided,0.76,1.88,0.950759974667511,0.3465657741559953
two-sided,0.76,1.9,0.9520265991133628,0.3462165308498254
two-sided,0.76,1.92,0.9538473717542748,0.34575087310826547
two-sided,0.76,1.94,0.9555889803673211,0.3448195576251455
two-sided,0.76,1.96,0.9574889170360988,0.34447031431897557
two-sided,0.76,1.98,0.9584388853704876,0.3436554132712456
two-sided,0.76,2.0,0.9594680177327423,0.3436554132712456
two-sided,0.76,2.02,0.9601013299556681,0.3433061699650757
two-sided,0.76,2.04,0.9622387587080431,0.34307334109429566
two-sided,0.76,2.06,0.9634262191260291,0.3421420256111758
two-sided,0.76,2.08,0.9646136795440152,0.34190919674039577
two-sided,0.76,2.1,0.9656428119062698,0.34155995343422585
two-sided,0.76,2.12,0.9666719442685244,0.3412107101280559
two-sided,0.76,2.14,0.9684135528815706,0.3408614668218859
two-sided,0.76,2.16,0.9696801773274224,0.339813736903376
two-sided,0.76,2.18,0.9709468017732742,0.339697322467986
two-sided,0.76,2.2,0.9718967701076631,0.3394644935972061
two-sided,0.76,2.22,0.9726884103863205,0.33888242142025615
two-sided,0.76,2.24,0.9737967067764408,0.33876600698486614
two-sided,0.76,2.26,0.9741925269157695,0.33864959254947613
two-sided,0.76,2.28,0.9749841671944268,0.3384167636786961
two-sided,0.76,2.3,0.9760132995566815,0.3384167636786961
two-sided,0.76,2.32,0.9765674477517416,0.3384167636786961
two-sided,0.76,2.34,0.9774382520582647,0.3380675203725262
two-sided,0.76,2.36,0.9779132362254591,0.33771827706635626
two-sided,0.76,2.38,0.9786257124762507,0.33760186263096625
two-sided,0.76,2.4,0.9791006966434452,0.33748544819557624
two-sided,0.76,2.42,0.9795756808106396,0.3372526193247962
two-sided,0.76,2.44,0.9796548448385054,0.3367869615832363
two-sided,0.76,2.46,0.9798923369221026,0.3367869615832363
two-sided,0.76,2.48,0.9802881570614312,0.3367869615832363
two-sided,0.76,2.5,0.98068397720076,0.3367869615832363
two-sided,0.76,2.52,0.9808423052564914,0.3367869615832363
two-sided,0.76,2.54,0.9810797973400887,0.33643771827706637
two-sided,0.76,2.56,0.9811589613679544,0.33632130384167636
two-sided,0.76,2.58,0.9812381253958201,0.33632130384167636
two-sided,0.76,2.6,0.9813964534515516,0.33597206053550643
two-sided,0.76,2.62,0.9814756174794174,0.3358556461001164
two-sided,0.76,2.64,0.981554781507283,0.3358556461001164
two-sided,0.76,2.66,0.9817131095630146,0.3357392316647264
two-sided,0.76,2.68,0.9817131095630146,0.3353899883585565
two-sided,0.76,2.7,0.9818714376187461,0.3352735739231665
two-sided,0.76,2.72,0.9819506016466117,0.33515715948777647
two-sided,0.76,2.74,0.9821089297023432,0.33504074505238646
two-sided,0.76,2.76,0.982188093730209,0.33504074505238646
two-sided,0.76,2.78,0.9822672577580748,0.33469150174621654
two-sided,0.76,2.8,0.9828214059531349,0.3345750873108265
two-sided,0.76,2.82,0.9832963901203293,0.3345750873108265
two-sided,0.76,2.84,0.9832963901203293,0.3343422584400466
two-sided,0.76,2.86,0.9834547181760608,0.3341094295692666
two-sided,0.76,2.88,0.983692210259658,0.33387660069848657
two-sided,0.76,2.9,0.9837713742875237,0.33364377182770666
two-sided,0.76,2.92,0.9838505383153895,0.33352735739231665
two-sided,0.76,2.94,0.9839297023432553,0.33352735739231665
two-sided,0.76,2.96,0.984008866371121,0.33341094295692664
two-sided,0.76,2.98,0.984008866371121,0.33341094295692664
two-sided,0.76,3.0,0.984008866371121,0.3332945285215366
two-sided,0.76,3.02,0.984008866371121,0.3331781140861467
two-sided,0.76,3.04,0.9840880303989867,0.3330616996507567
two-sided,0.76,3.06,0.9841671944268524,0.3328288707799767
two-sided,0.76,3.08,0.9841671944268524,0.3325960419091968
two-sided,0.76,3.1,0.9842463584547182,0.33247962747380677
two-sided,0.76,3.12,0.9842463584547182,0.33236321303841676
two-sided,0.76,3.14,0.9842463584547182,0.33236321303841676
two-sided,0.76,3.16,0.9843255224825839,0.33224679860302675
two-sided,0.76,3.18,0.9843255224825839,0.33224679860302675
two-sided,0.76,3.2,0.9843255224825839,0.33224679860302675
two-sided,0.76,3.22,0.9843255224825839,0.33224679860302675
two-sided,0.76,3.24,0.9843255224825839,0.33213038416763674
two-sided,0.76,3.26,0.9844046865104497,0.33213038416763674
two-sided,0.76,3.28,0.9844046865104497,0.33213038416763674
two-sided,0.76,3.3,0.9844046865104497,0.33213038416763674
two-sided,0.76,3.32,0.9844838505383154,0.3318975552968568
two-sided,0.76,3.34,0.9845630145661811,0.3318975552968568
two-sided,0.76,3.36,0.9845630145661811,0.3317811408614668
two-sided,0.76,3.38,0.9845630145661811,0.3317811408614668
two-sided,0.76,3.4,0.9845630145661811,0.3317811408614668
two-sided,0.76,3.42,0.9845630145661811,0.3317811408614668
two-sided,0.76,3.44,0.9845630145661811,0.3317811408614668
two-sided,0.76,3.46,0.9846421785940469,0.3317811408614668
two-sided,0.76,3.48,0.9846421785940469,0.3317811408614668
two-sided,0.76,3.5,0.9847213426219126,0.3317811408614668
two-sided,0.76,3.52,0.9847213426219126,0.3317811408614668
two-sided,0.76,3.54,0.9848005066497784,0.3317811408614668
two-sided,0.76,3.56,0.9848005066497784,0.3317811408614668
two-sided,0.76,3.58,0.9848005066497784,0.3317811408614668
two-sided,0.77,1.0,0.8720709309689677,0.5788125727590221
two-sided,0.77,1.02,0.9109404686510449,0.5711292200232829
two-sided,0.77,1.04,0.9250316656111462,0.5662398137369034
two-sided,0.77,1.06,0.9303356554781508,0.5634458672875436
two-sided,0.77,1.08,0.9338188727042432,0.559254947613504
two-sided,0.77,1.1,0.935402153261558,0.5536670547147846
two-sided,0.77,1.12,0.9364312856238125,0.5470314318975553
two-sided,0.77,1.14,0.9370645978467385,0.5367869615832364
two-sided,0.77,1.16,0.9375395820139328,0.5275902211874273
two-sided,0.77,1.18,0.9383312222925903,0.5112922002328288
two-sided,0.77,1.2,0.9386478784040532,0.4956926658905705
two-sided,0.77,1.22,0.9388853704876504,0.4788125727590221
two-sided,0.77,1.24,0.9389645345155162,0.46076833527357397
two-sided,0.77,1.26,0.9392811906269791,0.4436554132712456
two-sided,0.77,1.28,0.9394395186827106,0.42712456344586724
two-sided,0.77,1.3,0.9394395186827106,0.41373690337601865
two-sided,0.77,1.32,0.9394395186827106,0.4023282887077998
two-sided,0.77,1.34,0.9395186827105764,0.3926658905704308
two-sided,0.77,1.36,0.9395186827105764,0.3853317811408614
two-sided,0.77,1.38,0.9395186827105764,0.38044237485448196
two-sided,0.77,1.4,0.9395186827105764,0.37776484284051226
two-sided,0.77,1.42,0.9396770107663078,0.37625145518044234
two-sided,0.77,1.44,0.9396770107663078,0.37508731082654245
two-sided,0.77,1.46,0.9396770107663078,0.3745052386495925
two-sided,0.77,1.48,0.9396770107663078,0.37369033760186265
two-sided,0.77,1.5,0.9396770107663078,0.37345750873108263
two-sided,0.77,1.52,0.9396770107663078,0.3733410942956926
two-sided,0.77,1.54,0.9396770107663078,0.3727590221187427
two-sided,0.77,1.56,0.9398353388220393,0.37217694994179273
two-sided,0.77,1.58,0.9400728309056364,0.37206053550640283
two-sided,0.77,1.6,0.9403894870170995,0.37112922002328286
two-sided,0.77,1.62,0.9407853071564282,0.370081490104773
two-sided,0.77,1.64,0.9410227992400253,0.3691501746216531
two-sided,0.77,1.66,0.9418936035465485,0.36845168800931316
two-sided,0.77,1.68,0.9422102596580114,0.36798603026775323
two-sided,0.77,1.7,0.9428435718809373,0.3675203725261933
two-sided,0.77,1.72,0.9436352121595947,0.36670547147846333
two-sided,0.77,1.74,0.9437935402153261,0.3664726426076833
two-sided,0.77,1.76,0.9441893603546548,0.36589057043073336
two-sided,0.77,1.78,0.944743508549715,0.36565774155995345
two-sided,0.77,1.8,0.945376820772641,0.3649592549476135
two-sided,0.77,1.82,0.9460892970234326,0.36437718277066355
two-sided,0.77,1.84,0.946564281190627,0.3637951105937136
two-sided,0.77,1.86,0.9481475617479417,0.3634458672875437
two-sided,0.77,1.88,0.9490183660544649,0.36298020954598376
two-sided,0.77,1.9,0.9502849905003167,0.3626309662398137
two-sided,0.77,1.92,0.9521057631412286,0.3621653084982538
two-sided,0.77,1.94,0.9538473717542748,0.3612339930151339
two-sided,0.77,1.96,0.9557473084230526,0.3608847497089639
two-sided,0.77,1.98,0.9566972767574414,0.36006984866123404
two-sided,0.77,2.0,0.957726409119696,0.36006984866123404
two-sided,0.77,2.02,0.9583597213426219,0.359720605355064
two-sided,0.77,2.04,0.9604971500949968,0.3594877764842841
two-sided,0.77,2.06,0.9616846105129829,0.3585564610011641
two-sided,0.77,2.08,0.9628720709309689,0.3583236321303842
two-sided,0.77,2.1,0.9639012032932236,0.3579743888242142
two-sided,0.77,2.12,0.9649303356554781,0.35762514551804425
two-sided,0.77,2.14,0.9666719442685244,0.3572759022118742
two-sided,0.77,2.16,0.9679385687143762,0.35622817229336434
two-sided,0.77,2.18,0.969205193160228,0.35611175785797444
two-sided,0.77,2.2,0.9701551614946169,0.3558789289871944
two-sided,0.77,2.22,0.9709468017732742,0.3552968568102445
two-sided,0.77,2.24,0.9720550981633945,0.35518044237485447
two-sided,0.77,2.26,0.9724509183027232,0.35506402793946445
two-sided,0.77,2.28,0.9732425585813806,0.35483119906868454
two-sided,0.77,2.3,0.9742716909436352,0.35483119906868454
two-sided,0.77,2.32,0.9748258391386954,0.35483119906868454
two-sided,0.77,2.34,0.9756966434452184,0.3544819557625145
two-sided,0.77,2.36,0.9761716276124129,0.3541327124563446
two-sided,0.77,2.38,0.9768841038632046,0.3540162980209546
two-sided,0.77,2.4,0.977359088030399,0.35389988358556457
two-sided,0.77,2.42,0.9778340721975934,0.35366705471478466
two-sided,0.77,2.44,0.9779132362254591,0.3532013969732247
two-sided,0.77,2.46,0.9781507283090564,0.3532013969732247
two-sided,0.77,2.48,0.9785465484483851,0.3532013969732247
two-sided,0.77,2.5,0.9789423685877138,0.3532013969732247
two-sided,0.77,2.52,0.9791006966434452,0.3532013969732247
two-sided,0.77,2.54,0.9793381887270425,0.3528521536670547
two-sided,0.77,2.56,0.9794173527549082,0.3527357392316647
two-sided,0.77,2.58,0.9794965167827739,0.3527357392316647
two-sided,0.77,2.6,0.9796548448385054,0.35238649592549476
two-sided,0.77,2.62,0.9797340088663711,0.35227008149010475
two-sided,0.77,2.64,0.9798131728942369,0.35227008149010475
two-sided,0.77,2.66,0.9799715009499683,0.35215366705471474
two-sided,0.77,2.68,0.9799715009499683,0.3518044237485448
two-sided,0.77,2.7,0.9801298290056998,0.3516880093131548
two-sided,0.77,2.72,0.9802089930335656,0.3515715948777648
two-sided,0.77,2.74,0.980367321089297,0.3514551804423749
two-sided,0.77,2.76,0.9804464851171628,0.3514551804423749
two-sided,0.77,2.78,0.9805256491450285,0.35110593713620486
two-sided,0.77,2.8,0.9810797973400887,0.35098952270081485
two-sided,0.77,2.82,0.981554781507283,0.35098952270081485
two-sided,0.77,2.84,0.981554781507283,0.35075669383003494
two-sided,0.77,2.86,0.9817131095630146,0.3505238649592549
two-sided,0.77,2.88,0.9819506016466117,0.350291036088475
two-sided,0.77,2.9,0.9820297656744775,0.350058207217695
two-sided,0.77,2.92,0.9821089297023432,0.349941792782305
two-sided,0.77,2.94,0.982188093730209,0.349941792782305
two-sided,0.77,2.96,0.9822672577580748,0.3498253783469151
two-sided,0.77,2.98,0.9822672577580748,0.3498253783469151
two-sided,0.77,3.0,0.9822672577580748,0.34970896391152506
two-sided,0.77,3.02,0.9822672577580748,0.34959254947613505
two-sided,0.77,3.04,0.9823464217859404,0.34947613504074504
two-sided,0.77,3.06,0.9824255858138062,0.34924330616996513
two-sided,0.77,3.08,0.9824255858138062,0.3490104772991851
two-sided,0.77,3.1,0.9825047498416719,0.3488940628637951
two-sided,0.77,3.12,0.9825047498416719,0.3487776484284051
two-sided,0.77,3.14,0.9825047498416719,0.3487776484284051
two-sided,0.77,3.16,0.9825839138695377,0.3486612339930152
two-sided,0.77,3.18,0.9825839138695377,0.3486612339930152
two-sided,0.77,3.2,0.9825839138695377,0.3486612339930152
two-sided,0.77,3.22,0.9825839138695377,0.3486612339930152
two-sided,0.77,3.24,0.9825839138695377,0.3485448195576252
two-sided,0.77,3.26,0.9826630778974034,0.3485448195576252
two-sided,0.77,3.28,0.9826630778974034,0.3485448195576252
two-sided,0.77,3.3,0.9826630778974034,0.3485448195576252
two-sided,0.77,3.32,0.9827422419252692,0.34831199068684515
two-sided,0.77,3.34,0.9828214059531349,0.34831199068684515
two-sided,0.77,3.36,0.9828214059531349,0.34819557625145514
two-sided,0.77,3.38,0.9828214059531349,0.34819557625145514
two-sided,0.77,3.4,0.9828214059531349,0.34819557625145514
two-sided,0.77,3.42,0.9828214059531349,0.34819557625145514
two-sided,0.77,3.44,0.9828214059531349,0.34819557625145514
two-sided,0.77,3.46,0.9829005699810006,0.34819557625145514
two-sided,0.77,3.48,0.9829005699810006,0.34819557625145514
two-sided,0.77,3.5,0.9829797340088664,0.34819557625145514
two-sided,0.77,3.52,0.9829797340088664,0.34819557625145514
two-sided,0.77,3.54,0.9830588980367321,0.34819557625145514
two-sided,0.77,3.56,0.9830588980367321,0.34819557625145514
two-sided,0.77,3.58,0.9830588980367321,0.34819557625145514
two-sided,0.78,1.0,0.8694585180493983,0.5984866123399302
two-sided,0.78,1.02,0.9083280557314756,0.590803259604191
two-sided,0.78,1.04,0.922419252691577,0.5859138533178114
two-sided,0.78,1.06,0.9277232425585814,0.5831199068684516
two-sided,0.78,1.08,0.9312064597846739,0.5789289871944121
two-sided,0.78,1.1,0.9327897403419886,0.5733410942956927
two-sided,0.78,1.12,0.9338188727042432,0.5667054714784634
two-sided,0.78,1.14,0.9344521849271691,0.5564610011641444
two-sided,0.78,1.16,0.9349271690943636,0.5472642607683353
two-sided,0.78,1.18,0.9357188093730209,0.5309662398137369
two-sided,0.78,1.2,0.9360354654844838,0.5153667054714784
two-sided,0.78,1.22,0.936272957568081,0.4984866123399302
two-sided,0.78,1.24,0.9363521215959468,0.48044237485448194
two-sided,0.78,1.26,0.9366687777074097,0.46332945285215366
two-sided,0.78,1.28,0.9368271057631412,0.4467986030267753
two-sided,0.78,1.3,0.9368271057631412,0.4334109429569266
two-sided,0.78,1.32,0.9368271057631412,0.42200232828870776
two-sided,0.78,1.34,0.936906269791007,0.41233993015133874
two-sided,0.78,1.36,0.936906269791007,0.4050058207217695
two-sided,0.78,1.38,0.936906269791007,0.40011641443539003
two-sided,0.78,1.4,0.936906269791007,0.3974388824214202
two-sided,0.78,1.42,0.9370645978467385,0.3959254947613504
two-sided,0.78,1.44,0.9370645978467385,0.39476135040745053
two-sided,0.78,1.46,0.9370645978467385,0.3941792782305006
two-sided,0.78,1.48,0.9370645978467385,0.3933643771827706
two-sided,0.78,1.5,0.9370645978467385,0.3931315483119907
two-sided,0.78,1.52,0.9370645978467385,0.3930151338766007
two-sided,0.78,1.54,0.9370645978467385,0.39243306169965075
two-sided,0.78,1.56,0.9372229259024699,0.3918509895227008
two-sided,0.78,1.58,0.9374604179860672,0.3917345750873108
two-sided,0.78,1.6,0.9377770740975301,0.39080325960419093
two-sided,0.78,1.62,0.9381728942368588,0.38975552968568106
two-sided,0.78,1.64,0.938410386320456,0.3888242142025611
two-sided,0.78,1.66,0.9392811906269791,0.38812572759022124
two-sided,0.78,1.68,0.939597846738442,0.3876600698486612
two-sided,0.78,1.7,0.940231158961368,0.38719441210710126
two-sided,0.78,1.72,0.9410227992400253,0.3863795110593714
two-sided,0.78,1.74,0.9411811272957568,0.3861466821885914
two-sided,0.78,1.76,0.9415769474350855,0.38556461001164144
two-sided,0.78,1.78,0.9421310956301456,0.3853317811408614
two-sided,0.78,1.8,0.9427644078530716,0.3846332945285216
two-sided,0.78,1.82,0.9434768841038632,0.38405122235157163
two-sided,0.78,1.84,0.9439518682710576,0.3834691501746217
two-sided,0.78,1.86,0.9455351488283724,0.38311990686845165
two-sided,0.78,1.88,0.9464059531348955,0.3826542491268917
two-sided,0.78,1.9,0.9476725775807473,0.3823050058207218
two-sided,0.78,1.92,0.9494933502216593,0.38183934807916187
two-sided,0.78,1.94,0.9512349588347055,0.3809080325960419
two-sided,0.78,1.96,0.9531348955034832,0.38055878928987197
two-sided,0.78,1.98,0.954084863837872,0.379743888242142
two-sided,0.78,2.0,0.9551139962001267,0.379743888242142
two-sided,0.78,2.02,0.9557473084230526,0.3793946449359721
two-sided,0.78,2.04,0.9578847371754274,0.37916181606519206
two-sided,0.78,2.06,0.9590721975934136,0.3782305005820722
two-sided,0.78,2.08,0.9602596580113997,0.37799767171129217
two-sided,0.78,2.1,0.9612887903736542,0.37764842840512225
two-sided,0.78,2.12,0.9623179227359088,0.3772991850989522
two-sided,0.78,2.14,0.9640595313489551,0.3769499417927823
two-sided,0.78,2.16,0.9653261557948069,0.3759022118742724
two-sided,0.78,2.18,0.9665927802406586,0.3757857974388824
two-sided,0.78,2.2,0.9675427485750475,0.3755529685681025
two-sided,0.78,2.22,0.9683343888537049,0.37497089639115255
two-sided,0.78,2.24,0.9694426852438252,0.37485448195576254
two-sided,0.78,2.26,0.9698385053831539,0.37473806752037253
two-sided,0.78,2.28,0.9706301456618113,0.3745052386495925
two-sided,0.78,2.3,0.9716592780240658,0.3745052386495925
two-sided,0.78,2.32,0.972213426219126,0.3745052386495925
two-sided,0.78,2.34,0.9730842305256492,0.3741559953434226
two-sided,0.78,2.36,0.9735592146928436,0.37380675203725267
two-sided,0.78,2.38,0.9742716909436352,0.37369033760186265
two-sided,0.78,2.4,0.9747466751108297,0.37357392316647264
two-sided,0.78,2.42,0.9752216592780241,0.3733410942956926
two-sided,0.78,2.44,0.9753008233058899,0.3728754365541327
two-sided,0.78,2.46,0.975538315389487,0.3728754365541327
two-sided,0.78,2.48,0.9759341355288157,0.3728754365541327
two-sided,0.78,2.5,0.9763299556681444,0.3728754365541327
two-sided,0.78,2.52,0.9764882837238759,0.3728754365541327
two-sided,0.78,2.54,0.9767257758074731,0.37252619324796277
two-sided,0.78,2.56,0.9768049398353388,0.37240977881257276
two-sided,0.78,2.58,0.9768841038632046,0.37240977881257276
two-sided,0.78,2.6,0.977042431918936,0.37206053550640283
two-sided,0.78,2.62,0.9771215959468018,0.3719441210710128
two-sided,0.78,2.64,0.9772007599746675,0.3719441210710128
two-sided,0.78,2.66,0.977359088030399,0.3718277066356228
two-sided,0.78,2.68,0.977359088030399,0.3714784633294529
two-sided,0.78,2.7,0.9775174160861304,0.3713620488940629
two-sided,0.78,2.72,0.9775965801139962,0.37124563445867287
two-sided,0.78,2.74,0.9777549081697277,0.37112922002328286
two-sided,0.78,2.76,0.9778340721975934,0.37112922002328286
two-sided,0.78,2.78,0.9779132362254591,0.37077997671711294
two-sided,0.78,2.8,0.9784673844205193,0.3706635622817229
two-sided,0.78,2.82,0.9789423685877138,0.3706635622817229
two-sided,0.78,2.84,0.9789423685877138,0.3704307334109429
two-sided,0.78,2.86,0.9791006966434452,0.370197904540163
two-sided,0.78,2.88,0.9793381887270425,0.36996507566938297
two-sided,0.78,2.9,0.9794173527549082,0.36973224679860306
two-sided,0.78,2.92,0.9794965167827739,0.36961583236321305
two-sided,0.78,2.94,0.9795756808106396,0.36961583236321305
two-sided,0.78,2.96,0.9796548448385054,0.36949941792782304
two-sided,0.78,2.98,0.9796548448385054,0.36949941792782304
two-sided,0.78,3.0,0.9796548448385054,0.369383003492433
two-sided,0.78,3.02,0.9796548448385054,0.3692665890570431
two-sided,0.78,3.04,0.9797340088663711,0.3691501746216531
two-sided,0.78,3.06,0.9798131728942369,0.3689173457508731
two-sided,0.78,3.08,0.9798131728942369,0.3686845168800932
two-sided,0.78,3.1,0.9798923369221026,0.36856810244470317
two-sided,0.78,3.12,0.9798923369221026,0.36845168800931316
two-sided,0.78,3.14,0.9798923369221026,0.36845168800931316
two-sided,0.78,3.16,0.9799715009499683,0.36833527357392315
two-sided,0.78,3.18,0.9799715009499683,0.36833527357392315
two-sided,0.78,3.2,0.9799715009499683,0.36833527357392315
two-sided,0.78,3.22,0.9799715009499683,0.36833527357392315
two-sided,0.78,3.24,0.9799715009499683,0.36821885913853314
two-sided,0.78,3.26,0.9800506649778341,0.36821885913853314
two-sided,0.78,3.28,0.9800506649778341,0.36821885913853314
two-sided,0.78,3.3,0.9800506649778341,0.36821885913853314
two-sided,0.78,3.32,0.9801298290056998,0.36798603026775323
two-sided,0.78,3.34,0.9802089930335656,0.36798603026775323
two-sided,0.78,3.36,0.9802089930335656,0.3678696158323632
two-sided,0.78,3.38,0.9802089930335656,0.3678696158323632
two-sided,0.78,3.4,0.9802089930335656,0.3678696158323632
two-sided,0.78,3.42,0.9802089930335656,0.3678696158323632
two-sided,0.78,3.44,0.9802089930335656,0.3678696158323632
two-sided,0.78,3.46,0.9802881570614312,0.3678696158323632
two-sided,0.78,3.48,0.9802881570614312,0.3678696158323632
two-sided,0.78,3.5,0.980367321089297,0.3678696158323632
two-sided,0.78,3.52,0.980367321089297,0.3678696158323632
two-sided,0.78,3.54,0.9804464851171628,0.3678696158323632
two-sided,0.78,3.56,0.9804464851171628,0.3678696158323632
two-sided,0.78,3.58,0.9804464851171628,0.3678696158323632
two-sided,0.79,1.0,0.8662919569347688,0.6186263096623981
two-sided,0.79,1.02,0.9051614946168461,0.6109429569266589
two-sided,0.79,1.04,0.9192526915769474,0.6060535506402793
two-sided,0.79,1.06,0.9245566814439519,0.6032596041909197
two-sided,0.79,1.08,0.9280398986700443,0.5990686845168801
two-sided,0.79,1.1,0.929623179227359,0.5934807916181606
two-sided,0.79,1.12,0.9306523115896137,0.5868451688009313
two-sided,0.79,1.14,0.9312856238125395,0.5766006984866123
two-sided,0.79,1.16,0.931760607979734,0.5674039580908032
two-sided,0.79,1.18,0.9325522482583913,0.5511059371362048
two-sided,0.79,1.2,0.9328689043698544,0.5355064027939465
two-sided,0.79,1.22,0.9331063964534515,0.5186263096623982
two-sided,0.79,1.24,0.9331855604813173,0.5005820721769499
two-sided,0.79,1.26,0.9335022165927802,0.48346915017462166
two-sided,0.79,1.28,0.9336605446485117,0.46693830034924333
two-sided,0.79,1.3,0.9336605446485117,0.4535506402793946
two-sided,0.79,1.32,0.9336605446485117,0.44214202561117577
two-sided,0.79,1.34,0.9337397086763775,0.43247962747380675
two-sided,0.79,1.36,0.9337397086763775,0.4251455180442375
two-sided,0.79,1.38,0.9337397086763775,0.42025611175785793
two-sided,0.79,1.4,0.9337397086763775,0.41757857974388823
two-sided,0.79,1.42,0.9338980367321089,0.4160651920838184
two-sided,0.79,1.44,0.9338980367321089,0.41490104772991854
two-sided,0.79,1.46,0.9338980367321089,0.4143189755529686
two-sided,0.79,1.48,0.9338980367321089,0.41350407450523863
two-sided,0.79,1.5,0.9338980367321089,0.4132712456344587
two-sided,0.79,1.52,0.9338980367321089,0.4131548311990687
two-sided,0.79,1.54,0.9338980367321089,0.41257275902211876
two-sided,0.79,1.56,0.9340563647878404,0.4119906868451688
two-sided,0.79,1.58,0.9342938568714376,0.4118742724097788
two-sided,0.79,1.6,0.9346105129829005,0.41094295692665894
two-sided,0.79,1.62,0.9350063331222292,0.40989522700814907
two-sided,0.79,1.64,0.9352438252058265,0.4089639115250291
two-sided,0.79,1.66,0.9361146295123496,0.40826542491268913
two-sided,0.79,1.68,0.9364312856238125,0.4077997671711292
two-sided,0.79,1.7,0.9370645978467385,0.40733410942956927
two-sided,0.79,1.72,0.9378562381253959,0.4065192083818393
two-sided,0.79,1.74,0.9380145661811273,0.4062863795110594
two-sided,0.79,1.76,0.938410386320456,0.40570430733410945
two-sided,0.79,1.78,0.9389645345155162,0.4054714784633294
two-sided,0.79,1.8,0.939597846738442,0.40477299185098947
two-sided,0.79,1.82,0.9403103229892337,0.40419091967403953
two-sided,0.79,1.84,0.9407853071564282,0.4036088474970896
two-sided,0.79,1.86,0.9423685877137429,0.40325960419091966
two-sided,0.79,1.88,0.943239392020266,0.40279394644935973
two-sided,0.79,1.9,0.9445060164661178,0.4024447031431898
two-sided,0.79,1.92,0.9463267891070297,0.40197904540162976
two-sided,0.79,1.94,0.948068397720076,0.4010477299185099
two-sided,0.79,1.96,0.9499683343888538,0.40069848661234
two-sided,0.79,1.98,0.9509183027232425,0.39988358556461
two-sided,0.79,2.0,0.9519474350854972,0.39988358556461
two-sided,0.79,2.02,0.952580747308423,0.3995343422584401
two-sided,0.79,2.04,0.954718176060798,0.39930151338766007
two-sided,0.79,2.06,0.955905636478784,0.3983701979045402
two-sided,0.79,2.08,0.9570930968967701,0.3981373690337602
two-sided,0.79,2.1,0.9581222292590247,0.39778812572759026
two-sided,0.79,2.12,0.9591513616212793,0.3974388824214202
two-sided,0.79,2.14,0.9608929702343255,0.3970896391152503
two-sided,0.79,2.16,0.9621595946801773,0.3960419091967404
two-sided,0.79,2.18,0.9634262191260291,0.3959254947613504
two-sided,0.79,2.2,0.964376187460418,0.3956926658905704
two-sided,0.79,2.22,0.9651678277390754,0.39511059371362045
two-sided,0.79,2.24,0.9662761241291957,0.39499417927823055
two-sided,0.79,2.26,0.9666719442685244,0.39487776484284054
two-sided,0.79,2.28,0.9674635845471817,0.3946449359720605
two-sided,0.79,2.3,0.9684927169094364,0.3946449359720605
two-sided,0.79,2.32,0.9690468651044966,0.3946449359720605
two-sided,0.79,2.34,0.9699176694110196,0.3942956926658906
two-sided,0.79,2.36,0.970392653578214,0.39394644935972056
two-sided,0.79,2.38,0.9711051298290057,0.39383003492433066
two-sided,0.79,2.4,0.9715801139962001,0.39371362048894065
two-sided,0.79,2.42,0.9720550981633945,0.39348079161816063
two-sided,0.79,2.44,0.9721342621912603,0.3930151338766007
two-sided,0.79,2.46,0.9723717542748576,0.3930151338766007
two-sided,0.79,2.48,0.9727675744141862,0.3930151338766007
two-sided,0.79,2.5,0.9731633945535149,0.3930151338766007
two-sided,0.79,2.52,0.9733217226092463,0.3930151338766007
two-sided,0.79,2.54,0.9735592146928436,0.3926658905704308
two-sided,0.79,2.56,0.9736383787207094,0.39254947613504076
two-sided,0.79,2.58,0.973717542748575,0.39254947613504076
two-sided,0.79,2.6,0.9738758708043065,0.39220023282887073
two-sided,0.79,2.62,0.9739550348321723,0.39208381839348083
two-sided,0.79,2.64,0.974034198860038,0.39208381839348083
two-sided,0.79,2.66,0.9741925269157695,0.3919674039580908
two-sided,0.79,2.68,0.9741925269157695,0.3916181606519208
two-sided,0.79,2.7,0.974350854971501,0.3915017462165309
two-sided,0.79,2.72,0.9744300189993667,0.3913853317811409
two-sided,0.79,2.74,0.9745883470550981,0.39126891734575087
two-sided,0.79,2.76,0.9746675110829639,0.39126891734575087
two-sided,0.79,2.78,0.9747466751108297,0.39091967403958094
two-sided,0.79,2.8,0.9753008233058899,0.39080325960419093
two-sided,0.79,2.82,0.9757758074730842,0.39080325960419093
two-sided,0.79,2.84,0.9757758074730842,0.3905704307334109
two-sided,0.79,2.86,0.9759341355288157,0.390337601862631
two-sided,0.79,2.88,0.9761716276124129,0.390104772991851
two-sided,0.79,2.9,0.9762507916402786,0.38987194412107107
two-sided,0.79,2.92,0.9763299556681444,0.38975552968568106
two-sided,0.79,2.94,0.9764091196960102,0.38975552968568106
two-sided,0.79,2.96,0.9764882837238759,0.38963911525029105
two-sided,0.79,2.98,0.9764882837238759,0.38963911525029105
two-sided,0.79,3.0,0.9764882837238759,0.38952270081490104
two-sided,0.79,3.02,0.9764882837238759,0.389406286379511
two-sided,0.79,3.04,0.9765674477517416,0.3892898719441211
two-sided,0.79,3.06,0.9766466117796073,0.3890570430733411
two-sided,0.79,3.08,0.9766466117796073,0.3888242142025611
two-sided,0.79,3.1,0.9767257758074731,0.3887077997671712
two-sided,0.79,3.12,0.9767257758074731,0.38859138533178117
two-sided,0.79,3.14,0.9767257758074731,0.38859138533178117
two-sided,0.79,3.16,0.9768049398353388,0.38847497089639116
two-sided,0.79,3.18,0.9768049398353388,0.38847497089639116
two-sided,0.79,3.2,0.9768049398353388,0.38847497089639116
two-sided,0.79,3.22,0.9768049398353388,0.38847497089639116
two-sided,0.79,3.24,0.9768049398353388,0.38835855646100115
two-sided,0.79,3.26,0.9768841038632046,0.38835855646100115
two-sided,0.79,3.28,0.9768841038632046,0.38835855646100115
two-sided,0.79,3.3,0.9768841038632046,0.38835855646100115
two-sided,0.79,3.32,0.9769632678910704,0.38812572759022124
two-sided,0.79,3.34,0.977042431918936,0.38812572759022124
two-sided,0.79,3.36,0.977042431918936,0.3880093131548312
two-sided,0.79,3.38,0.977042431918936,0.3880093131548312
two-sided,0.79,3.4,0.977042431918936,0.3880093131548312
two-sided,0.79,3.42,0.977042431918936,0.3880093131548312
two-sided,0.79,3.44,0.977042431918936,0.3880093131548312
two-sided,0.79,3.46,0.9771215959468018,0.3880093131548312
two-sided,0.79,3.48,0.9771215959468018,0.3880093131548312
two-sided,0.79,3.5,0.9772007599746675,0.3880093131548312
two-sided,0.79,3.52,0.9772007599746675,0.3880093131548312
two-sided,0.79,3.54,0.9772799240025333,0.3880093131548312
two-sided,0.79,3.56,0.9772799240025333,0.3880093131548312
two-sided,0.79,3.58,0.9772799240025333,0.3880093131548312
two-sided,0.8,1.0,0.8615421152628245,0.6374854481955763
two-sided,0.8,1.02,0.9004116529449019,0.629802095459837
two-sided,0.8,1.04,0.9145028499050032,0.6249126891734575
two-sided,0.8,1.06,0.9198068397720076,0.6221187427240977
two-sided,0.8,1.08,0.9232900569981001,0.6179278230500582
two-sided,0.8,1.1,0.9248733375554148,0.6123399301513388
two-sided,0.8,1.12,0.9259024699176694,0.6057043073341094
two-sided,0.8,1.14,0.9265357821405953,0.5954598370197904
two-sided,0.8,1.16,0.9270107663077898,0.5862630966239814
two-sided,0.8,1.18,0.9278024065864471,0.569965075669383
two-sided,0.8,1.2,0.9281190626979101,0.5543655413271246
two-sided,0.8,1.22,0.9283565547815072,0.5374854481955762
two-sided,0.8,1.24,0.928435718809373,0.519441210710128
two-sided,0.8,1.26,0.928752374920836,0.5023282887077998
two-sided,0.8,1.28,0.9289107029765674,0.48579743888242144
two-sided,0.8,1.3,0.9289107029765674,0.47240977881257273
two-sided,0.8,1.32,0.9289107029765674,0.4610011641443539
two-sided,0.8,1.34,0.9289898670044332,0.45133876600698486
two-sided,0.8,1.36,0.9289898670044332,0.4440046565774156
two-sided,0.8,1.38,0.9289898670044332,0.43911525029103604
two-sided,0.8,1.4,0.9289898670044332,0.43643771827706634
two-sided,0.8,1.42,0.9291481950601647,0.43492433061699654
two-sided,0.8,1.44,0.9291481950601647,0.43376018626309665
two-sided,0.8,1.46,0.9291481950601647,0.4331781140861467
two-sided,0.8,1.48,0.9291481950601647,0.43236321303841674
two-sided,0.8,1.5,0.9291481950601647,0.4321303841676368
two-sided,0.8,1.52,0.9291481950601647,0.4320139697322468
two-sided,0.8,1.54,0.9291481950601647,0.4314318975552969
two-sided,0.8,1.56,0.9293065231158961,0.43084982537834693
two-sided,0.8,1.58,0.9295440151994934,0.4307334109429569
two-sided,0.8,1.6,0.9298606713109563,0.42980209545983705
two-sided,0.8,1.62,0.930256491450285,0.4287543655413272
two-sided,0.8,1.64,0.9304939835338822,0.4278230500582072
two-sided,0.8,1.66,0.9313647878404053,0.42712456344586724
two-sided,0.8,1.68,0.9316814439518682,0.4266589057043073
two-sided,0.8,1.7,0.9323147561747942,0.4261932479627474
two-sided,0.8,1.72,0.9331063964534515,0.4253783469150174
two-sided,0.8,1.74,0.9332647245091831,0.4251455180442375
two-sided,0.8,1.76,0.9336605446485117,0.42456344586728756
two-sided,0.8,1.78,0.9342146928435718,0.42433061699650754
two-sided,0.8,1.8,0.9348480050664978,0.4236321303841676
two-sided,0.8,1.82,0.9355604813172894,0.42305005820721775
two-sided,0.8,1.84,0.9360354654844838,0.4224679860302678
two-sided,0.8,1.86,0.9376187460417986,0.4221187427240978
two-sided,0.8,1.88,0.9384895503483217,0.42165308498253784
two-sided,0.8,1.9,0.9397561747941735,0.4213038416763679
two-sided,0.8,1.92,0.9415769474350855,0.4208381839348079
two-sided,0.8,1.94,0.9433185560481318,0.419906868451688
two-sided,0.8,1.96,0.9452184927169094,0.4195576251455181
two-sided,0.8,1.98,0.9461684610512983,0.4187427240977881
two-sided,0.8,2.0,0.9471975934135529,0.4187427240977881
two-sided,0.8,2.02,0.9478309056364788,0.4183934807916182
two-sided,0.8,2.04,0.9499683343888538,0.4181606519208382
two-sided,0.8,2.06,0.9511557948068398,0.4172293364377183
two-sided,0.8,2.08,0.9523432552248259,0.4169965075669383
two-sided,0.8,2.1,0.9533723875870804,0.41664726426076837
two-sided,0.8,2.12,0.954401519949335,0.41629802095459834
two-sided,0.8,2.14,0.9561431285623813,0.4159487776484284
two-sided,0.8,2.16,0.957409753008233,0.41490104772991854
two-sided,0.8,2.18,0.9586763774540848,0.4147846332945285
two-sided,0.8,2.2,0.9596263457884737,0.4145518044237485
two-sided,0.8,2.22,0.9604179860671311,0.41396973224679856
two-sided,0.8,2.24,0.9615262824572515,0.41385331781140866
two-sided,0.8,2.26,0.9619221025965801,0.41373690337601865
two-sided,0.8,2.28,0.9627137428752375,0.41350407450523863
two-sided,0.8,2.3,0.9637428752374921,0.41350407450523863
two-sided,0.8,2.32,0.9642970234325523,0.41350407450523863
two-sided,0.8,2.34,0.9651678277390754,0.4131548311990687
two-sided,0.8,2.36,0.9656428119062698,0.4128055878928987
two-sided,0.8,2.38,0.9663552881570614,0.4126891734575088
two-sided,0.8,2.4,0.9668302723242559,0.41257275902211876
two-sided,0.8,2.42,0.9673052564914503,0.41233993015133874
two-sided,0.8,2.44,0.9673844205193161,0.4118742724097788
two-sided,0.8,2.46,0.9676219126029132,0.4118742724097788
two-sided,0.8,2.48,0.9680177327422419,0.4118742724097788
two-sided,0.8,2.5,0.9684135528815706,0.4118742724097788
two-sided,0.8,2.52,0.9685718809373021,0.4118742724097788
two-sided,0.8,2.54,0.9688093730208993,0.4115250291036089
two-sided,0.8,2.56,0.968888537048765,0.4114086146682189
two-sided,0.8,2.58,0.9689677010766308,0.4114086146682189
two-sided,0.8,2.6,0.9691260291323622,0.41105937136204884
two-sided,0.8,2.62,0.969205193160228,0.41094295692665894
two-sided,0.8,2.64,0.9692843571880937,0.41094295692665894
two-sided,0.8,2.66,0.9694426852438252,0.41082654249126893
two-sided,0.8,2.68,0.9694426852438252,0.4104772991850989
two-sided,0.8,2.7,0.9696010132995567,0.410360884749709
two-sided,0.8,2.72,0.9696801773274224,0.410244470314319
two-sided,0.8,2.74,0.9698385053831539,0.410128055878929
two-sided,0.8,2.76,0.9699176694110196,0.410128055878929
two-sided,0.8,2.78,0.9699968334388853,0.40977881257275905
two-sided,0.8,2.8,0.9705509816339455,0.40966239813736904
two-sided,0.8,2.82,0.97102596580114,0.40966239813736904
two-sided,0.8,2.84,0.97102596580114,0.409429569266589
two-sided,0.8,2.86,0.9711842938568714,0.4091967403958091
two-sided,0.8,2.88,0.9714217859404687,0.4089639115250291
two-sided,0.8,2.9,0.9715009499683344,0.4087310826542492
two-sided,0.8,2.92,0.9715801139962001,0.40861466821885917
two-sided,0.8,2.94,0.9716592780240658,0.40861466821885917
two-sided,0.8,2.96,0.9717384420519316,0.40849825378346916
two-sided,0.8,2.98,0.9717384420519316,0.40849825378346916
two-sided,0.8,3.0,0.9717384420519316,0.40838183934807915
two-sided,0.8,3.02,0.9717384420519316,0.40826542491268913
two-sided,0.8,3.04,0.9718176060797974,0.40814901047729923
two-sided,0.8,3.06,0.9718967701076631,0.4079161816065192
two-sided,0.8,3.08,0.9718967701076631,0.4076833527357392
two-sided,0.8,3.1,0.9719759341355289,0.4075669383003493
two-sided,0.8,3.12,0.9719759341355289,0.4074505238649593
two-sided,0.8,3.14,0.9719759341355289,0.4074505238649593
two-sided,0.8,3.16,0.9720550981633945,0.40733410942956927
two-sided,0.8,3.18,0.9720550981633945,0.40733410942956927
two-sided,0.8,3.2,0.9720550981633945,0.40733410942956927
two-sided,0.8,3.22,0.9720550981633945,0.40733410942956927
two-sided,0.8,3.24,0.9720550981633945,0.40721769499417926
two-sided,0.8,3.26,0.9721342621912603,0.40721769499417926
two-sided,0.8,3.28,0.9721342621912603,0.40721769499417926
two-sided,0.8,3.3,0.9721342621912603,0.40721769499417926
two-sided,0.8,3.32,0.972213426219126,0.40698486612339935
two-sided,0.8,3.34,0.9722925902469918,0.40698486612339935
two-sided,0.8,3.36,0.9722925902469918,0.40686845168800934
two-sided,0.8,3.38,0.9722925902469918,0.40686845168800934
two-sided,0.8,3.4,0.9722925902469918,0.40686845168800934
two-sided,0.8,3.42,0.9722925902469918,0.40686845168800934
two-sided,0.8,3.44,0.9722925902469918,0.40686845168800934
two-sided,0.8,3.46,0.9723717542748576,0.40686845168800934
two-sided,0.8,3.48,0.9723717542748576,0.40686845168800934
two-sided,0.8,3.5,0.9724509183027232,0.40686845168800934
two-sided,0.8,3.52,0.9724509183027232,0.40686845168800934
two-sided,0.8,3.54,0.972530082330589,0.40686845168800934
two-sided,0.8,3.56,0.972530082330589,0.40686845168800934
two-sided,0.8,3.58,0.972530082330589,0.40686845168800934
two-sided,0.81,1.0,0.8548131728942369,0.6592549476135041
two-sided,0.81,1.02,0.8936827105763141,0.6515715948777648
two-sided,0.81,1.04,0.9077739075364154,0.6466821885913854
two-sided,0.81,1.06,0.9130778974034199,0.6438882421420256
two-sided,0.81,1.08,0.9165611146295124,0.639697322467986
two-sided,0.81,1.1,0.9181443951868271,0.6341094295692666
two-sided,0.81,1.12,0.9191735275490817,0.6274738067520372
two-sided,0.81,1.14,0.9198068397720076,0.6172293364377183
two-sided,0.81,1.16,0.920281823939202,0.6080325960419092
two-sided,0.81,1.18,0.9210734642178594,0.5917345750873109
two-sided,0.81,1.2,0.9213901203293223,0.5761350407450524
two-sided,0.81,1.22,0.9216276124129196,0.559254947613504
two-sided,0.81,1.24,0.9217067764407854,0.5412107101280559
two-sided,0.81,1.26,0.9220234325522483,0.5240977881257276
two-sided,0.81,1.28,0.9221817606079797,0.5075669383003493
two-sided,0.81,1.3,0.9221817606079797,0.49417927823050056
two-sided,0.81,1.32,0.9221817606079797,0.4827706635622817
two-sided,0.81,1.34,0.9222609246358455,0.4731082654249127
two-sided,0.81,1.36,0.9222609246358455,0.46577415599534344
two-sided,0.81,1.38,0.9222609246358455,0.46088474970896387
two-sided,0.81,1.4,0.9222609246358455,0.4582072176949942
two-sided,0.81,1.42,0.922419252691577,0.45669383003492436
two-sided,0.81,1.44,0.922419252691577,0.4555296856810245
two-sided,0.81,1.46,0.922419252691577,0.45494761350407453
two-sided,0.81,1.48,0.922419252691577,0.45413271245634457
two-sided,0.81,1.5,0.922419252691577,0.45389988358556466
two-sided,0.81,1.52,0.922419252691577,0.45378346915017465
two-sided,0.81,1.54,0.922419252691577,0.4532013969732247
two-sided,0.81,1.56,0.9225775807473084,0.45261932479627476
two-sided,0.81,1.58,0.9228150728309057,0.45250291036088475
two-sided,0.81,1.6,0.9231317289423686,0.4515715948777649
two-sided,0.81,1.62,0.9235275490816973,0.4505238649592549
two-sided,0.81,1.64,0.9237650411652945,0.44959254947613503
two-sided,0.81,1.66,0.9246358454718177,0.4488940628637951
two-sided,0.81,1.68,0.9249525015832806,0.44842840512223514
two-sided,0.81,1.7,0.9255858138062064,0.4479627473806752
two-sided,0.81,1.72,0.9263774540848638,0.44714784633294524
two-sided,0.81,1.74,0.9265357821405953,0.44691501746216533
two-sided,0.81,1.76,0.926931602279924,0.4463329452852154
two-sided,0.81,1.78,0.9274857504749842,0.44610011641443537
two-sided,0.81,1.8,0.9281190626979101,0.4454016298020954
two-sided,0.81,1.82,0.9288315389487017,0.44481955762514547
two-sided,0.81,1.84,0.9293065231158961,0.4442374854481955
two-sided,0.81,1.86,0.930889803673211,0.4438882421420256
two-sided,0.81,1.88,0.931760607979734,0.44342258440046567
two-sided,0.81,1.9,0.9330272324255858,0.44307334109429575
two-sided,0.81,1.92,0.9348480050664978,0.4426076833527357
two-sided,0.81,1.94,0.936589613679544,0.44167636786961584
two-sided,0.81,1.96,0.9384895503483217,0.4413271245634459
two-sided,0.81,1.98,0.9394395186827106,0.44051222351571595
two-sided,0.81,2.0,0.9404686510449651,0.44051222351571595
two-sided,0.81,2.02,0.9411019632678911,0.44016298020954603
two-sided,0.81,2.04,0.943239392020266,0.439930151338766
two-sided,0.81,2.06,0.9444268524382521,0.43899883585564614
two-sided,0.81,2.08,0.9456143128562381,0.4387660069848661
two-sided,0.81,2.1,0.9466434452184928,0.4384167636786962
two-sided,0.81,2.12,0.9476725775807473,0.43806752037252616
two-sided,0.81,2.14,0.9494141861937936,0.43771827706635624
two-sided,0.81,2.16,0.9506808106396454,0.43667054714784637
two-sided,0.81,2.18,0.9519474350854972,0.43655413271245636
two-sided,0.81,2.2,0.952897403419886,0.43632130384167633
two-sided,0.81,2.22,0.9536890436985433,0.4357392316647264
two-sided,0.81,2.24,0.9547973400886637,0.4356228172293365
two-sided,0.81,2.26,0.9551931602279924,0.4355064027939465
two-sided,0.81,2.28,0.9559848005066498,0.43527357392316646
two-sided,0.81,2.3,0.9570139328689043,0.43527357392316646
two-sided,0.81,2.32,0.9575680810639645,0.43527357392316646
two-sided,0.81,2.34,0.9584388853704876,0.43492433061699654
two-sided,0.81,2.36,0.9589138695376821,0.4345750873108265
two-sided,0.81,2.38,0.9596263457884737,0.4344586728754366
two-sided,0.81,2.4,0.9601013299556681,0.4343422584400466
two-sided,0.81,2.42,0.9605763141228626,0.43410942956926657
two-sided,0.81,2.44,0.9606554781507283,0.43364377182770664
two-sided,0.81,2.46,0.9608929702343255,0.43364377182770664
two-sided,0.81,2.48,0.9612887903736542,0.43364377182770664
two-sided,0.81,2.5,0.9616846105129829,0.43364377182770664
two-sided,0.81,2.52,0.9618429385687144,0.43364377182770664
two-sided,0.81,2.54,0.9620804306523116,0.4332945285215367
two-sided,0.81,2.56,0.9621595946801773,0.4331781140861467
two-sided,0.81,2.58,0.9622387587080431,0.4331781140861467
two-sided,0.81,2.6,0.9623970867637746,0.43282887077997667
two-sided,0.81,2.62,0.9624762507916402,0.43271245634458677
two-sided,0.81,2.64,0.962555414819506,0.43271245634458677
two-sided,0.81,2.66,0.9627137428752375,0.43259604190919676
two-sided,0.81,2.68,0.9627137428752375,0.4322467986030267
two-sided,0.81,2.7,0.9628720709309689,0.4321303841676368
two-sided,0.81,2.72,0.9629512349588347,0.4320139697322468
two-sided,0.81,2.74,0.9631095630145662,0.4318975552968568
two-sided,0.81,2.76,0.963188727042432,0.4318975552968568
two-sided,0.81,2.78,0.9632678910702976,0.4315483119906869
two-sided,0.81,2.8,0.9638220392653578,0.4314318975552969
two-sided,0.81,2.82,0.9642970234325523,0.4314318975552969
two-sided,0.81,2.84,0.9642970234325523,0.43119906868451685
two-sided,0.81,2.86,0.9644553514882838,0.43096623981373694
two-sided,0.81,2.88,0.9646928435718809,0.4307334109429569
two-sided,0.81,2.9,0.9647720075997467,0.4305005820721769
two-sided,0.81,2.92,0.9648511716276124,0.430384167636787
two-sided,0.81,2.94,0.9649303356554781,0.430384167636787
two-sided,0.81,2.96,0.9650094996833439,0.430267753201397
two-sided,0.81,2.98,0.9650094996833439,0.430267753201397
two-sided,0.81,3.0,0.9650094996833439,0.430151338766007
two-sided,0.81,3.02,0.9650094996833439,0.43003492433061696
two-sided,0.81,3.04,0.9650886637112096,0.42991850989522706
two-sided,0.81,3.06,0.9651678277390754,0.42968568102444704
two-sided,0.81,3.08,0.9651678277390754,0.429452852153667
two-sided,0.81,3.1,0.9652469917669411,0.4293364377182771
two-sided,0.81,3.12,0.9652469917669411,0.4292200232828871
two-sided,0.81,3.14,0.9652469917669411,0.4292200232828871
two-sided,0.81,3.16,0.9653261557948069,0.4291036088474971
two-sided,0.81,3.18,0.9653261557948069,0.4291036088474971
two-sided,0.81,3.2,0.9653261557948069,0.4291036088474971
two-sided,0.81,3.22,0.9653261557948069,0.4291036088474971
two-sided,0.81,3.24,0.9653261557948069,0.4289871944121071
two-sided,0.81,3.26,0.9654053198226725,0.4289871944121071
two-sided,0.81,3.28,0.9654053198226725,0.4289871944121071
two-sided,0.81,3.3,0.9654053198226725,0.4289871944121071
two-sided,0.81,3.32,0.9654844838505383,0.4287543655413272
two-sided,0.81,3.34,0.9655636478784041,0.4287543655413272
two-sided,0.81,3.36,0.9655636478784041,0.42863795110593716
two-sided,0.81,3.38,0.9655636478784041,0.42863795110593716
two-sided,0.81,3.4,0.9655636478784041,0.42863795110593716
two-sided,0.81,3.42,0.9655636478784041,0.42863795110593716
two-sided,0.81,3.44,0.9655636478784041,0.42863795110593716
two-sided,0.81,3.46,0.9656428119062698,0.42863795110593716
two-sided,0.81,3.48,0.9656428119062698,0.42863795110593716
two-sided,0.81,3.5,0.9657219759341356,0.42863795110593716
two-sided,0.81,3.52,0.9657219759341356,0.42863795110593716
two-sided,0.81,3.54,0.9658011399620012,0.42863795110593716
two-sided,0.81,3.56,0.9658011399620012,0.42863795110593716
two-sided,0.81,3.58,0.9658011399620012,0.42863795110593716
two-sided,0.82,1.0,0.847213426219126,0.6777648428405123
two-sided,0.82,1.02,0.8860829639012033,0.6700814901047729
two-sided,0.82,1.04,0.9001741608613046,0.6651920838183935
two-sided,0.82,1.06,0.9054781507283091,0.6623981373690337
two-sided,0.82,1.08,0.9089613679544015,0.6582072176949942
two-sided,0.82,1.1,0.9105446485117162,0.6526193247962747
two-sided,0.82,1.12,0.9115737808739709,0.6459837019790454
two-sided,0.82,1.14,0.9122070930968967,0.6357392316647263
two-sided,0.82,1.16,0.9126820772640912,0.6265424912689174
two-sided,0.82,1.18,0.9134737175427485,0.610244470314319
two-sided,0.82,1.2,0.9137903736542116,0.5946449359720605
two-sided,0.82,1.22,0.9140278657378087,0.5777648428405122
two-sided,0.82,1.24,0.9141070297656745,0.5597206053550641
two-sided,0.82,1.26,0.9144236858771374,0.5426076833527358
two-sided,0.82,1.28,0.9145820139328689,0.5260768335273573
two-sided,0.82,1.3,0.9145820139328689,0.5126891734575088
two-sided,0.82,1.32,0.9145820139328689,0.5012805587892899
two-sided,0.82,1.34,0.9146611779607347,0.4916181606519209
two-sided,0.82,1.36,0.9146611779607347,0.4842840512223515
two-sided,0.82,1.38,0.9146611779607347,0.47939464493597206
two-sided,0.82,1.4,0.9146611779607347,0.47671711292200236
two-sided,0.82,1.42,0.9148195060164661,0.47520372526193244
two-sided,0.82,1.44,0.9148195060164661,0.47403958090803255
two-sided,0.82,1.46,0.9148195060164661,0.4734575087310826
two-sided,0.82,1.48,0.9148195060164661,0.47264260768335276
two-sided,0.82,1.5,0.9148195060164661,0.47240977881257273
two-sided,0.82,1.52,0.9148195060164661,0.4722933643771827
two-sided,0.82,1.54,0.9148195060164661,0.4717112922002328
two-sided,0.82,1.56,0.9149778340721976,0.47112922002328284
two-sided,0.82,1.58,0.9152153261557948,0.47101280558789294
two-sided,0.82,1.6,0.9155319822672577,0.47008149010477296
two-sided,0.82,1.62,0.9159278024065864,0.4690337601862631
two-sided,0.82,1.64,0.9161652944901837,0.4681024447031432
two-sided,0.82,1.66,0.9170360987967068,0.46740395809080326
two-sided,0.82,1.68,0.9173527549081697,0.46693830034924333
two-sided,0.82,1.7,0.9179860671310957,0.4664726426076834
two-sided,0.82,1.72,0.918777707409753,0.46565774155995343
two-sided,0.82,1.74,0.9189360354654845,0.4654249126891734
two-sided,0.82,1.76,0.9193318556048131,0.46484284051222347
two-sided,0.82,1.78,0.9198860037998733,0.46461001164144355
two-sided,0.82,1.8,0.9205193160227992,0.4639115250291036
two-sided,0.82,1.82,0.9212317922735909,0.46332945285215366
two-sided,0.82,1.84,0.9217067764407854,0.4627473806752037
two-sided,0.82,1.86,0.9232900569981001,0.4623981373690338
two-sided,0.82,1.88,0.9241608613046232,0.46193247962747386
two-sided,0.82,1.9,0.925427485750475,0.4615832363213038
two-sided,0.82,1.92,0.9272482583913869,0.4611175785797439
two-sided,0.82,1.94,0.9289898670044332,0.460186263096624
two-sided,0.82,1.96,0.930889803673211,0.459837019790454
two-sided,0.82,1.98,0.9318397720075997,0.45902211874272414
two-sided,0.82,2.0,0.9328689043698544,0.45902211874272414
two-sided,0.82,2.02,0.9335022165927802,0.4586728754365541
two-sided,0.82,2.04,0.9356396453451552,0.4584400465657742
two-sided,0.82,2.06,0.9368271057631412,0.4575087310826542
two-sided,0.82,2.08,0.9380145661811273,0.4572759022118743
two-sided,0.82,2.1,0.9390436985433819,0.4569266589057043
two-sided,0.82,2.12,0.9400728309056364,0.45657741559953435
two-sided,0.82,2.14,0.9418144395186827,0.45622817229336443
two-sided,0.82,2.16,0.9430810639645345,0.45518044237485444
two-sided,0.82,2.18,0.9443476884103863,0.45506402793946454
two-sided,0.82,2.2,0.9452976567447752,0.4548311990686845
two-sided,0.82,2.22,0.9460892970234326,0.4542491268917346
two-sided,0.82,2.24,0.9471975934135529,0.45413271245634457
two-sided,0.82,2.26,0.9475934135528816,0.45401629802095456
two-sided,0.82,2.28,0.9483850538315389,0.45378346915017465
two-sided,0.82,2.3,0.9494141861937936,0.45378346915017465
two-sided,0.82,2.32,0.9499683343888538,0.45378346915017465
two-sided,0.82,2.34,0.9508391386953768,0.4534342258440046
two-sided,0.82,2.36,0.9513141228625712,0.4530849825378347
two-sided,0.82,2.38,0.9520265991133628,0.4529685681024447
two-sided,0.82,2.4,0.9525015832805573,0.45285215366705467
two-sided,0.82,2.42,0.9529765674477517,0.45261932479627476
two-sided,0.82,2.44,0.9530557314756175,0.4521536670547148
two-sided,0.82,2.46,0.9532932235592146,0.4521536670547148
two-sided,0.82,2.48,0.9536890436985433,0.4521536670547148
two-sided,0.82,2.5,0.954084863837872,0.4521536670547148
two-sided,0.82,2.52,0.9542431918936035,0.4521536670547148
two-sided,0.82,2.54,0.9544806839772008,0.4518044237485448
two-sided,0.82,2.56,0.9545598480050665,0.4516880093131548
two-sided,0.82,2.58,0.9546390120329322,0.4516880093131548
two-sided,0.82,2.6,0.9547973400886637,0.45133876600698486
two-sided,0.82,2.62,0.9548765041165295,0.45122235157159485
two-sided,0.82,2.64,0.9549556681443951,0.45122235157159485
two-sided,0.82,2.66,0.9551139962001267,0.45110593713620484
two-sided,0.82,2.68,0.9551139962001267,0.4507566938300349
two-sided,0.82,2.7,0.9552723242558582,0.4506402793946449
two-sided,0.82,2.72,0.9553514882837238,0.4505238649592549
two-sided,0.82,2.74,0.9555098163394553,0.450407450523865
two-sided,0.82,2.76,0.9555889803673211,0.450407450523865
two-sided,0.82,2.78,0.9556681443951869,0.45005820721769496
two-sided,0.82,2.8,0.956222292590247,0.44994179278230506
two-sided,0.82,2.82,0.9566972767574414,0.44994179278230506
two-sided,0.82,2.84,0.9566972767574414,0.44970896391152504
two-sided,0.82,2.86,0.9568556048131729,0.449476135040745
two-sided,0.82,2.88,0.9570930968967701,0.4492433061699651
two-sided,0.82,2.9,0.9571722609246358,0.4490104772991851
two-sided,0.82,2.92,0.9572514249525016,0.4488940628637951
two-sided,0.82,2.94,0.9573305889803673,0.4488940628637951
two-sided,0.82,2.96,0.957409753008233,0.4487776484284052
two-sided,0.82,2.98,0.957409753008233,0.4487776484284052
two-sided,0.82,3.0,0.957409753008233,0.44866123399301516
two-sided,0.82,3.02,0.957409753008233,0.44854481955762515
two-sided,0.82,3.04,0.9574889170360988,0.44842840512223514
two-sided,0.82,3.06,0.9575680810639645,0.44819557625145523
two-sided,0.82,3.08,0.9575680810639645,0.4479627473806752
two-sided,0.82,3.1,0.9576472450918303,0.4478463329452852
two-sided,0.82,3.12,0.9576472450918303,0.4477299185098952
two-sided,0.82,3.14,0.9576472450918303,0.4477299185098952
two-sided,0.82,3.16,0.957726409119696,0.4476135040745053
two-sided,0.82,3.18,0.957726409119696,0.4476135040745053
two-sided,0.82,3.2,0.957726409119696,0.4476135040745053
two-sided,0.82,3.22,0.957726409119696,0.4476135040745053
two-sided,0.82,3.24,0.957726409119696,0.4474970896391153
two-sided,0.82,3.26,0.9578055731475618,0.4474970896391153
two-sided,0.82,3.28,0.9578055731475618,0.4474970896391153
two-sided,0.82,3.3,0.9578055731475618,0.4474970896391153
two-sided,0.82,3.32,0.9578847371754274,0.44726426076833525
two-sided,0.82,3.34,0.9579639012032932,0.44726426076833525
two-sided,0.82,3.36,0.9579639012032932,0.44714784633294524
two-sided,0.82,3.38,0.9579639012032932,0.44714784633294524
two-sided,0.82,3.4,0.9579639012032932,0.44714784633294524
two-sided,0.82,3.42,0.9579639012032932,0.44714784633294524
two-sided,0.82,3.44,0.9579639012032932,0.44714784633294524
two-sided,0.82,3.46,0.958043065231159,0.44714784633294524
two-sided,0.82,3.48,0.958043065231159,0.44714784633294524
two-sided,0.82,3.5,0.9581222292590247,0.44714784633294524
two-sided,0.82,3.52,0.9581222292590247,0.44714784633294524
two-sided,0.82,3.54,0.9582013932868905,0.44714784633294524
two-sided,0.82,3.56,0.9582013932868905,0.44714784633294524
two-sided,0.82,3.58,0.9582013932868905,0.44714784633294524
two-sided,0.83,1.0,0.8390595313489551,0.70011641443539
two-sided,0.83,1.02,0.8779290690310323,0.6924330616996508
two-sided,0.83,1.04,0.8920202659911336,0.6875436554132712
two-sided,0.83,1.06,0.897324255858138,0.6847497089639115
two-sided,0.83,1.08,0.9008074730842305,0.6805587892898719
two-sided,0.83,1.1,0.9023907536415453,0.6749708963911525
two-sided,0.83,1.12,0.9034198860037999,0.6683352735739232
two-sided,0.83,1.14,0.9040531982267258,0.6580908032596042
two-sided,0.83,1.16,0.9045281823939202,0.6488940628637951
two-sided,0.83,1.18,0.9053198226725776,0.6325960419091967
two-sided,0.83,1.2,0.9056364787840405,0.6169965075669384
two-sided,0.83,1.22,0.9058739708676378,0.60011641443539
two-sided,0.83,1.24,0.9059531348955034,0.5820721769499417
two-sided,0.83,1.26,0.9062697910069665,0.5649592549476135
two-sided,0.83,1.28,0.9064281190626979,0.5484284051222352
two-sided,0.83,1.3,0.9064281190626979,0.5350407450523864
two-sided,0.83,1.32,0.9064281190626979,0.5236321303841676
two-sided,0.83,1.34,0.9065072830905636,0.5139697322467986
two-sided,0.83,1.36,0.9065072830905636,0.5066356228172293
two-sided,0.83,1.38,0.9065072830905636,0.5017462165308498
two-sided,0.83,1.4,0.9065072830905636,0.49906868451688013
two-sided,0.83,1.42,0.9066656111462951,0.4975552968568102
two-sided,0.83,1.44,0.9066656111462951,0.4963911525029103
two-sided,0.83,1.46,0.9066656111462951,0.4958090803259604
two-sided,0.83,1.48,0.9066656111462951,0.49499417927823053
two-sided,0.83,1.5,0.9066656111462951,0.4947613504074505
two-sided,0.83,1.52,0.9066656111462951,0.4946449359720605
two-sided,0.83,1.54,0.9066656111462951,0.49406286379511055
two-sided,0.83,1.56,0.9068239392020266,0.4934807916181606
two-sided,0.83,1.58,0.9070614312856238,0.4933643771827707
two-sided,0.83,1.6,0.9073780873970868,0.49243306169965073
two-sided,0.83,1.62,0.9077739075364154,0.49138533178114085
two-sided,0.83,1.64,0.9080113996200126,0.490454016298021
two-sided,0.83,1.66,0.9088822039265357,0.48975552968568103
two-sided,0.83,1.68,0.9091988600379988,0.4892898719441211
two-sided,0.83,1.7,0.9098321722609246,0.48882421420256117
two-sided,0.83,1.72,0.910623812539582,0.4880093131548312
two-sided,0.83,1.74,0.9107821405953135,0.4877764842840512
two-sided,0.83,1.76,0.9111779607346422,0.48719441210710124
two-sided,0.83,1.78,0.9117321089297024,0.4869615832363213
two-sided,0.83,1.8,0.9123654211526282,0.4862630966239814
two-sided,0.83,1.82,0.9130778974034199,0.48568102444703143
two-sided,0.83,1.84,0.9135528815706143,0.4850989522700815
two-sided,0.83,1.86,0.915136162127929,0.48474970896391156
two-sided,0.83,1.88,0.9160069664344522,0.4842840512223515
two-sided,0.83,1.9,0.917273590880304,0.4839348079161816
two-sided,0.83,1.92,0.919094363521216,0.48346915017462166
two-sided,0.83,1.94,0.9208359721342622,0.4825378346915018
two-sided,0.83,1.96,0.9227359088030399,0.48218859138533177
two-sided,0.83,1.98,0.9236858771374288,0.4813736903376019
two-sided,0.83,2.0,0.9247150094996833,0.4813736903376019
two-sided,0.83,2.02,0.9253483217226093,0.4810244470314319
two-sided,0.83,2.04,0.9274857504749842,0.48079161816065197
two-sided,0.83,2.06,0.9286732108929703,0.479860302677532
two-sided,0.83,2.08,0.9298606713109563,0.4796274738067521
two-sided,0.83,2.1,0.930889803673211,0.47927823050058205
two-sided,0.83,2.12,0.9319189360354655,0.4789289871944121
two-sided,0.83,2.14,0.9336605446485117,0.4785797438882421
two-sided,0.83,2.16,0.9349271690943636,0.4775320139697322
two-sided,0.83,2.18,0.9361937935402154,0.4774155995343422
two-sided,0.83,2.2,0.9371437618746041,0.4771827706635623
two-sided,0.83,2.22,0.9379354021532615,0.47660069848661235
two-sided,0.83,2.24,0.9390436985433819,0.47648428405122234
two-sided,0.83,2.26,0.9394395186827106,0.47636786961583233
two-sided,0.83,2.28,0.940231158961368,0.4761350407450524
two-sided,0.83,2.3,0.9412602913236225,0.4761350407450524
two-sided,0.83,2.32,0.9418144395186827,0.4761350407450524
two-sided,0.83,2.34,0.9426852438252058,0.4757857974388824
two-sided,0.83,2.36,0.9431602279924003,0.47543655413271246
two-sided,0.83,2.38,0.9438727042431919,0.47532013969732245
two-sided,0.83,2.4,0.9443476884103863,0.47520372526193244
two-sided,0.83,2.42,0.9448226725775808,0.47497089639115253
two-sided,0.83,2.44,0.9449018366054465,0.4745052386495926
two-sided,0.83,2.46,0.9451393286890437,0.4745052386495926
two-sided,0.83,2.48,0.9455351488283724,0.4745052386495926
two-sided,0.83,2.5,0.9459309689677011,0.4745052386495926
two-sided,0.83,2.52,0.9460892970234326,0.4745052386495926
two-sided,0.83,2.54,0.9463267891070297,0.47415599534342256
two-sided,0.83,2.56,0.9464059531348955,0.47403958090803255
two-sided,0.83,2.58,0.9464851171627613,0.47403958090803255
two-sided,0.83,2.6,0.9466434452184928,0.47369033760186263
two-sided,0.83,2.62,0.9467226092463584,0.4735739231664726
two-sided,0.83,2.64,0.9468017732742242,0.4735739231664726
two-sided,0.83,2.66,0.9469601013299557,0.4734575087310826
two-sided,0.83,2.68,0.9469601013299557,0.4731082654249127
two-sided,0.83,2.7,0.9471184293856871,0.4729918509895227
two-sided,0.83,2.72,0.9471975934135529,0.47287543655413267
two-sided,0.83,2.74,0.9473559214692844,0.47275902211874277
two-sided,0.83,2.76,0.94743508549715,0.47275902211874277
two-sided,0.83,2.78,0.9475142495250158,0.47240977881257273
two-sided,0.83,2.8,0.948068397720076,0.4722933643771827
two-sided,0.83,2.82,0.9485433818872704,0.4722933643771827
two-sided,0.83,2.84,0.9485433818872704,0.4720605355064028
two-sided,0.83,2.86,0.9487017099430018,0.4718277066356228
two-sided,0.83,2.88,0.9489392020265991,0.4715948777648429
two-sided,0.83,2.9,0.9490183660544649,0.47136204889406286
two-sided,0.83,2.92,0.9490975300823306,0.47124563445867285
two-sided,0.83,2.94,0.9491766941101963,0.47124563445867285
two-sided,0.83,2.96,0.949255858138062,0.47112922002328284
two-sided,0.83,2.98,0.949255858138062,0.47112922002328284
two-sided,0.83,3.0,0.949255858138062,0.47101280558789294
two-sided,0.83,3.02,0.949255858138062,0.4708963911525029
two-sided,0.83,3.04,0.9493350221659278,0.4707799767171129
two-sided,0.83,3.06,0.9494141861937936,0.4705471478463329
two-sided,0.83,3.08,0.9494141861937936,0.470314318975553
two-sided,0.83,3.1,0.9494933502216593,0.47019790454016297
two-sided,0.83,3.12,0.9494933502216593,0.47008149010477296
two-sided,0.83,3.14,0.9494933502216593,0.47008149010477296
two-sided,0.83,3.16,0.949572514249525,0.46996507566938306
two-sided,0.83,3.18,0.949572514249525,0.46996507566938306
two-sided,0.83,3.2,0.949572514249525,0.46996507566938306
two-sided,0.83,3.22,0.949572514249525,0.46996507566938306
two-sided,0.83,3.24,0.949572514249525,0.46984866123399305
two-sided,0.83,3.26,0.9496516782773907,0.46984866123399305
two-sided,0.83,3.28,0.9496516782773907,0.46984866123399305
two-sided,0.83,3.3,0.9496516782773907,0.46984866123399305
two-sided,0.83,3.32,0.9497308423052565,0.469615832363213
two-sided,0.83,3.34,0.9498100063331222,0.469615832363213
two-sided,0.83,3.36,0.9498100063331222,0.469499417927823
two-sided,0.83,3.38,0.9498100063331222,0.469499417927823
two-sided,0.83,3.4,0.9498100063331222,0.469499417927823
two-sided,0.83,3.42,0.9498100063331222,0.469499417927823
two-sided,0.83,3.44,0.9498100063331222,0.469499417927823
two-sided,0.83,3.46,0.949889170360988,0.469499417927823
two-sided,0.83,3.48,0.949889170360988,0.469499417927823
two-sided,0.83,3.5,0.9499683343888538,0.469499417927823
two-sided,0.83,3.52,0.9499683343888538,0.469499417927823
two-sided,0.83,3.54,0.9500474984167194,0.469499417927823
two-sided,0.83,3.56,0.9500474984167194,0.469499417927823
two-sided,0.83,3.58,0.9500474984167194,0.469499417927823
two-sided,0.84,1.0,0.8273432552248259,0.721187427240978
two-sided,0.84,1.02,0.8662127929069031,0.7135040745052387
two-sided,0.84,1.04,0.8803039898670044,0.7086146682188592
two-sided,0.84,1.06,0.8856079797340088,0.7058207217694994
two-sided,0.84,1.08,0.8890911969601013,0.7016298020954599
two-sided,0.84,1.1,0.8906744775174161,0.6960419091967405
two-sided,0.84,1.12,0.8917036098796707,0.6894062863795111
two-sided,0.84,1.14,0.8923369221025966,0.6791618160651921
two-sided,0.84,1.16,0.892811906269791,0.669965075669383
two-sided,0.84,1.18,0.8936035465484484,0.6536670547147847
two-sided,0.84,1.2,0.8939202026599113,0.6380675203725261
two-sided,0.84,1.22,0.8941576947435086,0.6211874272409779
two-sided,0.84,1.24,0.8942368587713743,0.6031431897555297
two-sided,0.84,1.26,0.8945535148828372,0.5860302677532014
two-sided,0.84,1.28,0.8947118429385688,0.569499417927823
two-sided,0.84,1.3,0.8947118429385688,0.5561117578579744
two-sided,0.84,1.32,0.8947118429385688,0.5447031431897555
two-sided,0.84,1.34,0.8947910069664344,0.5350407450523864
two-sided,0.84,1.36,0.8947910069664344,0.5277066356228173
two-sided,0.84,1.38,0.8947910069664344,0.5228172293364377
two-sided,0.84,1.4,0.8947910069664344,0.520139697322468
two-sided,0.84,1.42,0.8949493350221659,0.5186263096623982
two-sided,0.84,1.44,0.8949493350221659,0.5174621653084983
two-sided,0.84,1.46,0.8949493350221659,0.5168800931315483
two-sided,0.84,1.48,0.8949493350221659,0.5160651920838184
two-sided,0.84,1.5,0.8949493350221659,0.5158323632130384
two-sided,0.84,1.52,0.8949493350221659,0.5157159487776484
two-sided,0.84,1.54,0.8949493350221659,0.5151338766006985
two-sided,0.84,1.56,0.8951076630778974,0.5145518044237485
two-sided,0.84,1.58,0.8953451551614946,0.5144353899883586
two-sided,0.84,1.6,0.8956618112729575,0.5135040745052386
two-sided,0.84,1.62,0.8960576314122862,0.5124563445867287
two-sided,0.84,1.64,0.8962951234958835,0.5115250291036089
two-sided,0.84,1.66,0.8971659278024066,0.5108265424912689
two-sided,0.84,1.68,0.8974825839138696,0.510360884749709
two-sided,0.84,1.7,0.8981158961367954,0.5098952270081489
two-sided,0.84,1.72,0.8989075364154528,0.5090803259604191
two-sided,0.84,1.74,0.8990658644711843,0.5088474970896391
two-sided,0.84,1.76,0.899461684610513,0.5082654249126892
two-sided,0.84,1.78,0.9000158328055732,0.5080325960419092
two-sided,0.84,1.8,0.900649145028499,0.5073341094295692
two-sided,0.84,1.82,0.9013616212792906,0.5067520372526193
two-sided,0.84,1.84,0.9018366054464851,0.5061699650756694
two-sided,0.84,1.86,0.9034198860037999,0.5058207217694994
two-sided,0.84,1.88,0.9042906903103229,0.5053550640279394
two-sided,0.84,1.9,0.9055573147561748,0.5050058207217695
two-sided,0.84,1.92,0.9073780873970868,0.5045401629802095
two-sided,0.84,1.94,0.909119696010133,0.5036088474970897
two-sided,0.84,1.96,0.9110196326789107,0.5032596041909196
two-sided,0.84,1.98,0.9119696010132996,0.5024447031431898
two-sided,0.84,2.0,0.9129987333755542,0.5024447031431898
two-sided,0.84,2.02,0.9136320455984801,0.5020954598370198
two-sided,0.84,2.04,0.915769474350855,0.5018626309662397
two-sided,0.84,2.06,0.916956934768841,0.5009313154831199
two-sided,0.84,2.08,0.9181443951868271,0.50069848661234
two-sided,0.84,2.1,0.9191735275490817,0.50034924330617
two-sided,0.84,2.12,0.9202026599113363,0.5
two-sided,0.84,2.14,0.9219442685243825,0.4996507566938301
two-sided,0.84,2.16,0.9232108929702343,0.4986030267753201
two-sided,0.84,2.18,0.9244775174160861,0.4984866123399302
two-sided,0.84,2.2,0.925427485750475,0.49825378346915017
two-sided,0.84,2.22,0.9262191260291324,0.4976717112922002
two-sided,0.84,2.24,0.9273274224192527,0.4975552968568102
two-sided,0.84,2.26,0.9277232425585814,0.4974388824214202
two-sided,0.84,2.28,0.9285148828372387,0.4972060535506403
two-sided,0.84,2.3,0.9295440151994934,0.4972060535506403
two-sided,0.84,2.32,0.9300981633945535,0.4972060535506403
two-sided,0.84,2.34,0.9309689677010766,0.49685681024447026
two-sided,0.84,2.36,0.931443951868271,0.49650756693830034
two-sided,0.84,2.38,0.9321564281190627,0.4963911525029103
two-sided,0.84,2.4,0.9326314122862571,0.4962747380675204
two-sided,0.84,2.42,0.9331063964534515,0.4960419091967404
two-sided,0.84,2.44,0.9331855604813173,0.49557625145518047
two-sided,0.84,2.46,0.9334230525649145,0.49557625145518047
two-sided,0.84,2.48,0.9338188727042432,0.49557625145518047
two-sided,0.84,2.5,0.9342146928435718,0.49557625145518047
two-sided,0.84,2.52,0.9343730208993034,0.49557625145518047
two-sided,0.84,2.54,0.9346105129829005,0.49522700814901044
two-sided,0.84,2.56,0.9346896770107663,0.49511059371362054
two-sided,0.84,2.58,0.934768841038632,0.49511059371362054
two-sided,0.84,2.6,0.9349271690943636,0.4947613504074505
two-sided,0.84,2.62,0.9350063331222292,0.4946449359720605
two-sided,0.84,2.64,0.935085497150095,0.4946449359720605
two-sided,0.84,2.66,0.9352438252058265,0.4945285215366706
two-sided,0.84,2.68,0.9352438252058265,0.49417927823050056
two-sided,0.84,2.7,0.935402153261558,0.49406286379511055
two-sided,0.84,2.72,0.9354813172894236,0.49394644935972065
two-sided,0.84,2.74,0.9356396453451552,0.49383003492433064
two-sided,0.84,2.76,0.9357188093730209,0.49383003492433064
two-sided,0.84,2.78,0.9357979734008867,0.4934807916181606
two-sided,0.84,2.8,0.9363521215959468,0.4933643771827707
two-sided,0.84,2.82,0.9368271057631412,0.4933643771827707
two-sided,0.84,2.84,0.9368271057631412,0.4931315483119907
two-sided,0.84,2.86,0.9369854338188727,0.49289871944121066
two-sided,0.84,2.88,0.9372229259024699,0.49266589057043075
two-sided,0.84,2.9,0.9373020899303357,0.49243306169965073
two-sided,0.84,2.92,0.9373812539582014,0.4923166472642607
two-sided,0.84,2.94,0.9374604179860672,0.4923166472642607
two-sided,0.84,2.96,0.9375395820139328,0.4922002328288708
two-sided,0.84,2.98,0.9375395820139328,0.4922002328288708
two-sided,0.84,3.0,0.9375395820139328,0.4920838183934808
two-sided,0.84,3.02,0.9375395820139328,0.4919674039580908
two-sided,0.84,3.04,0.9376187460417986,0.4918509895227008
two-sided,0.84,3.06,0.9376979100696643,0.4916181606519209
two-sided,0.84,3.08,0.9376979100696643,0.49138533178114085
two-sided,0.84,3.1,0.9377770740975301,0.49126891734575084
two-sided,0.84,3.12,0.9377770740975301,0.49115250291036083
two-sided,0.84,3.14,0.9377770740975301,0.49115250291036083
two-sided,0.84,3.16,0.9378562381253959,0.49103608847497093
two-sided,0.84,3.18,0.9378562381253959,0.49103608847497093
two-sided,0.84,3.2,0.9378562381253959,0.49103608847497093
two-sided,0.84,3.22,0.9378562381253959,0.49103608847497093
two-sided,0.84,3.24,0.9378562381253959,0.4909196740395809
two-sided,0.84,3.26,0.9379354021532615,0.4909196740395809
two-sided,0.84,3.28,0.9379354021532615,0.4909196740395809
two-sided,0.84,3.3,0.9379354021532615,0.4909196740395809
two-sided,0.84,3.32,0.9380145661811273,0.4906868451688009
two-sided,0.84,3.34,0.938093730208993,0.4906868451688009
two-sided,0.84,3.36,0.938093730208993,0.4905704307334109
two-sided,0.84,3.38,0.938093730208993,0.4905704307334109
two-sided,0.84,3.4,0.938093730208993,0.4905704307334109
two-sided,0.84,3.42,0.938093730208993,0.4905704307334109
two-sided,0.84,3.44,0.938093730208993,0.4905704307334109
two-sided,0.84,3.46,0.9381728942368588,0.4905704307334109
two-sided,0.84,3.48,0.9381728942368588,0.4905704307334109
two-sided,0.84,3.5,0.9382520582647245,0.4905704307334109
two-sided,0.84,3.52,0.9382520582647245,0.4905704307334109
two-sided,0.84,3.54,0.9383312222925903,0.4905704307334109
two-sided,0.84,3.56,0.9383312222925903,0.4905704307334109
two-sided,0.84,3.58,0.9383312222925903,0.4905704307334109
two-sided,0.85,1.0,0.8131728942368588,0.7384167636786961
two-sided,0.85,1.02,0.852042431918936,0.7307334109429569
two-sided,0.85,1.04,0.8661336288790373,0.7258440046565774
two-sided,0.85,1.06,0.8714376187460418,0.7230500582072177
two-sided,0.85,1.08,0.8749208359721342,0.7188591385331782
two-sided,0.85,1.1,0.876504116529449,0.7132712456344587
two-sided,0.85,1.12,0.8775332488917036,0.7066356228172294
two-sided,0.85,1.14,0.8781665611146295,0.6963911525029103
two-sided,0.85,1.16,0.8786415452818239,0.6871944121071013
two-sided,0.85,1.18,0.8794331855604813,0.670896391152503
two-sided,0.85,1.2,0.8797498416719443,0.6552968568102444
two-sided,0.85,1.22,0.8799873337555415,0.6384167636786962
two-sided,0.85,1.24,0.8800664977834072,0.620372526193248
two-sided,0.85,1.26,0.8803831538948702,0.6032596041909197
two-sided,0.85,1.28,0.8805414819506017,0.5867287543655413
two-sided,0.85,1.3,0.8805414819506017,0.5733410942956927
two-sided,0.85,1.32,0.8805414819506017,0.5619324796274738
two-sided,0.85,1.34,0.8806206459784673,0.5522700814901047
two-sided,0.85,1.36,0.8806206459784673,0.5449359720605356
two-sided,0.85,1.38,0.8806206459784673,0.540046565774156
two-sided,0.85,1.4,0.8806206459784673,0.5373690337601862
two-sided,0.85,1.42,0.8807789740341989,0.5358556461001165
two-sided,0.85,1.44,0.8807789740341989,0.5346915017462166
two-sided,0.85,1.46,0.8807789740341989,0.5341094295692665
two-sided,0.85,1.48,0.8807789740341989,0.5332945285215367
two-sided,0.85,1.5,0.8807789740341989,0.5330616996507567
two-sided,0.85,1.52,0.8807789740341989,0.5329452852153667
two-sided,0.85,1.54,0.8807789740341989,0.5323632130384168
two-sided,0.85,1.56,0.8809373020899304,0.5317811408614668
two-sided,0.85,1.58,0.8811747941735275,0.5316647264260768
two-sided,0.85,1.6,0.8814914502849905,0.5307334109429569
two-sided,0.85,1.62,0.8818872704243191,0.529685681024447
two-sided,0.85,1.64,0.8821247625079164,0.5287543655413272
two-sided,0.85,1.66,0.8829955668144395,0.5280558789289872
two-sided,0.85,1.68,0.8833122229259025,0.5275902211874273
two-sided,0.85,1.7,0.8839455351488283,0.5271245634458672
two-sided,0.85,1.72,0.8847371754274858,0.5263096623981374
two-sided,0.85,1.74,0.8848955034832172,0.5260768335273573
two-sided,0.85,1.76,0.8852913236225459,0.5254947613504075
two-sided,0.85,1.78,0.8858454718176061,0.5252619324796275
two-sided,0.85,1.8,0.8864787840405319,0.5245634458672875
two-sided,0.85,1.82,0.8871912602913237,0.5239813736903376
two-sided,0.85,1.84,0.887666244458518,0.5233993015133876
two-sided,0.85,1.86,0.8892495250158328,0.5230500582072177
two-sided,0.85,1.88,0.890120329322356,0.5225844004656577
two-sided,0.85,1.9,0.8913869537682078,0.5222351571594878
two-sided,0.85,1.92,0.8932077264091197,0.5217694994179278
two-sided,0.85,1.94,0.8949493350221659,0.520838183934808
two-sided,0.85,1.96,0.8968492716909436,0.5204889406286379
two-sided,0.85,1.98,0.8977992400253325,0.5196740395809081
two-sided,0.85,2.0,0.8988283723875871,0.5196740395809081
two-sided,0.85,2.02,0.899461684610513,0.519324796274738
two-sided,0.85,2.04,0.9015991133628879,0.519091967403958
two-sided,0.85,2.06,0.902786573780874,0.5181606519208382
two-sided,0.85,2.08,0.90397403419886,0.5179278230500581
two-sided,0.85,2.1,0.9050031665611147,0.5175785797438883
two-sided,0.85,2.12,0.9060322989233692,0.5172293364377183
two-sided,0.85,2.14,0.9077739075364154,0.5168800931315483
two-sided,0.85,2.16,0.9090405319822673,0.5158323632130384
two-sided,0.85,2.18,0.9103071564281191,0.5157159487776484
two-sided,0.85,2.2,0.9112571247625079,0.5154831199068685
two-sided,0.85,2.22,0.9120487650411653,0.5149010477299185
two-sided,0.85,2.24,0.9131570614312856,0.5147846332945285
two-sided,0.85,2.26,0.9135528815706143,0.5146682188591385
two-sided,0.85,2.28,0.9143445218492717,0.5144353899883586
two-sided,0.85,2.3,0.9153736542115263,0.5144353899883586
two-sided,0.85,2.32,0.9159278024065864,0.5144353899883586
two-sided,0.85,2.34,0.9167986067131095,0.5140861466821887
two-sided,0.85,2.36,0.917273590880304,0.5137369033760186
two-sided,0.85,2.38,0.9179860671310957,0.5136204889406286
two-sided,0.85,2.4,0.91846105129829,0.5135040745052386
two-sided,0.85,2.42,0.9189360354654845,0.5132712456344587
two-sided,0.85,2.44,0.9190151994933502,0.5128055878928988
two-sided,0.85,2.46,0.9192526915769474,0.5128055878928988
two-sided,0.85,2.48,0.9196485117162762,0.5128055878928988
two-sided,0.85,2.5,0.9200443318556049,0.5128055878928988
two-sided,0.85,2.52,0.9202026599113363,0.5128055878928988
two-sided,0.85,2.54,0.9204401519949335,0.5124563445867287
two-sided,0.85,2.56,0.9205193160227992,0.5123399301513387
two-sided,0.85,2.58,0.920598480050665,0.5123399301513387
two-sided,0.85,2.6,0.9207568081063965,0.5119906868451688
two-sided,0.85,2.62,0.9208359721342622,0.5118742724097788
two-sided,0.85,2.64,0.920915136162128,0.5118742724097788
two-sided,0.85,2.66,0.9210734642178594,0.5117578579743889
two-sided,0.85,2.68,0.9210734642178594,0.5114086146682189
two-sided,0.85,2.7,0.9212317922735909,0.5112922002328288
two-sided,0.85,2.72,0.9213109563014567,0.5111757857974388
two-sided,0.85,2.74,0.9214692843571881,0.5110593713620488
two-sided,0.85,2.76,0.9215484483850538,0.5110593713620488
two-sided,0.85,2.78,0.9216276124129196,0.510710128055879
two-sided,0.85,2.8,0.9221817606079797,0.510593713620489
two-sided,0.85,2.82,0.9226567447751741,0.510593713620489
two-sided,0.85,2.84,0.9226567447751741,0.510360884749709
two-sided,0.85,2.86,0.9228150728309057,0.510128055878929
two-sided,0.85,2.88,0.9230525649145028,0.5098952270081489
two-sided,0.85,2.9,0.9231317289423686,0.509662398137369
two-sided,0.85,2.92,0.9232108929702343,0.5095459837019791
two-sided,0.85,2.94,0.9232900569981001,0.5095459837019791
two-sided,0.85,2.96,0.9233692210259657,0.5094295692665891
two-sided,0.85,2.98,0.9233692210259657,0.5094295692665891
two-sided,0.85,3.0,0.9233692210259657,0.5093131548311991
two-sided,0.85,3.02,0.9233692210259657,0.5091967403958091
two-sided,0.85,3.04,0.9234483850538315,0.5090803259604191
two-sided,0.85,3.06,0.9235275490816973,0.5088474970896391
two-sided,0.85,3.08,0.9235275490816973,0.5086146682188591
two-sided,0.85,3.1,0.923606713109563,0.5084982537834691
two-sided,0.85,3.12,0.923606713109563,0.5083818393480792
two-sided,0.85,3.14,0.923606713109563,0.5083818393480792
two-sided,0.85,3.16,0.9236858771374288,0.5082654249126892
two-sided,0.85,3.18,0.9236858771374288,0.5082654249126892
two-sided,0.85,3.2,0.9236858771374288,0.5082654249126892
two-sided,0.85,3.22,0.9236858771374288,0.5082654249126892
two-sided,0.85,3.24,0.9236858771374288,0.5081490104772992
two-sided,0.85,3.26,0.9237650411652945,0.5081490104772992
two-sided,0.85,3.28,0.9237650411652945,0.5081490104772992
two-sided,0.85,3.3,0.9237650411652945,0.5081490104772992
two-sided,0.85,3.32,0.9238442051931602,0.5079161816065192
two-sided,0.85,3.34,0.9239233692210259,0.5079161816065192
two-sided,0.85,3.36,0.9239233692210259,0.5077997671711292
two-sided,0.85,3.38,0.9239233692210259,0.5077997671711292
two-sided,0.85,3.4,0.9239233692210259,0.5077997671711292
two-sided,0.85,3.42,0.9239233692210259,0.5077997671711292
two-sided,0.85,3.44,0.9239233692210259,0.5077997671711292
two-sided,0.85,3.46,0.9240025332488917,0.5077997671711292
two-sided,0.85,3.48,0.9240025332488917,0.5077997671711292
two-sided,0.85,3.5,0.9240816972767575,0.5077997671711292
two-sided,0.85,3.52,0.9240816972767575,0.5077997671711292
two-sided,0.85,3.54,0.9241608613046232,0.5077997671711292
two-sided,0.85,3.56,0.9241608613046232,0.5077997671711292
two-sided,0.85,3.58,0.9241608613046232,0.5077997671711292
two-sided,0.86,1.0,0.7965484483850538,0.7537834691501746
two-sided,0.86,1.02,0.8354179860671311,0.7461001164144354
two-sided,0.86,1.04,0.8495091830272324,0.7412107101280558
two-sided,0.86,1.06,0.8548131728942369,0.7384167636786961
two-sided,0.86,1.08,0.8582963901203293,0.7342258440046565
two-sided,0.86,1.1,0.859879670677644,0.7286379511059371
two-sided,0.86,1.12,0.8609088030398987,0.7220023282887078
two-sided,0.86,1.14,0.8615421152628245,0.7117578579743888
two-sided,0.86,1.16,0.862017099430019,0.7025611175785798
two-sided,0.86,1.18,0.8628087397086763,0.6862630966239813
two-sided,0.86,1.2,0.8631253958201394,0.670663562281723
two-sided,0.86,1.22,0.8633628879037365,0.6537834691501746
two-sided,0.86,1.24,0.8634420519316023,0.6357392316647263
two-sided,0.86,1.26,0.8637587080430652,0.6186263096623981
two-sided,0.86,1.28,0.8639170360987967,0.6020954598370198
two-sided,0.86,1.3,0.8639170360987967,0.5887077997671711
two-sided,0.86,1.32,0.8639170360987967,0.5772991850989523
two-sided,0.86,1.34,0.8639962001266625,0.5676367869615833
two-sided,0.86,1.36,0.8639962001266625,0.5603026775320139
two-sided,0.86,1.38,0.8639962001266625,0.5554132712456344
two-sided,0.86,1.4,0.8639962001266625,0.5527357392316647
two-sided,0.86,1.42,0.8641545281823939,0.5512223515715948
two-sided,0.86,1.44,0.8641545281823939,0.5500582072176949
two-sided,0.86,1.46,0.8641545281823939,0.5494761350407451
two-sided,0.86,1.48,0.8641545281823939,0.5486612339930151
two-sided,0.86,1.5,0.8641545281823939,0.5484284051222352
two-sided,0.86,1.52,0.8641545281823939,0.5483119906868452
two-sided,0.86,1.54,0.8641545281823939,0.5477299185098952
two-sided,0.86,1.56,0.8643128562381254,0.5471478463329453
two-sided,0.86,1.58,0.8645503483217226,0.5470314318975553
two-sided,0.86,1.6,0.8648670044331855,0.5461001164144355
two-sided,0.86,1.62,0.8652628245725142,0.5450523864959255
two-sided,0.86,1.64,0.8655003166561115,0.5441210710128056
two-sided,0.86,1.66,0.8663711209626346,0.5434225844004656
two-sided,0.86,1.68,0.8666877770740975,0.5429569266589057
two-sided,0.86,1.7,0.8673210892970235,0.5424912689173458
two-sided,0.86,1.72,0.8681127295756809,0.5416763678696158
two-sided,0.86,1.74,0.8682710576314123,0.5414435389988359
two-sided,0.86,1.76,0.868666877770741,0.5408614668218859
two-sided,0.86,1.78,0.8692210259658011,0.5406286379511059
two-sided,0.86,1.8,0.869854338188727,0.539930151338766
two-sided,0.86,1.82,0.8705668144395187,0.539348079161816
two-sided,0.86,1.84,0.8710417986067132,0.5387660069848661
two-sided,0.86,1.86,0.8726250791640279,0.5384167636786962
two-sided,0.86,1.88,0.873495883470551,0.5379511059371362
two-sided,0.86,1.9,0.8747625079164028,0.5376018626309662
two-sided,0.86,1.92,0.8765832805573147,0.5371362048894063
two-sided,0.86,1.94,0.878324889170361,0.5362048894062863
two-sided,0.86,1.96,0.8802248258391387,0.5358556461001165
two-sided,0.86,1.98,0.8811747941735275,0.5350407450523864
two-sided,0.86,2.0,0.8822039265357822,0.5350407450523864
two-sided,0.86,2.02,0.882837238758708,0.5346915017462166
two-sided,0.86,2.04,0.884974667511083,0.5344586728754366
two-sided,0.86,2.06,0.886162127929069,0.5335273573923167
two-sided,0.86,2.08,0.8873495883470551,0.5332945285215367
two-sided,0.86,2.1,0.8883787207093097,0.5329452852153667
two-sided,0.86,2.12,0.8894078530715643,0.5325960419091967
two-sided,0.86,2.14,0.8911494616846105,0.5322467986030268
two-sided,0.86,2.16,0.8924160861304623,0.5311990686845169
two-sided,0.86,2.18,0.8936827105763141,0.5310826542491269
two-sided,0.86,2.2,0.894632678910703,0.5308498253783469
two-sided,0.86,2.22,0.8954243191893604,0.530267753201397
two-sided,0.86,2.24,0.8965326155794807,0.5301513387660071
two-sided,0.86,2.26,0.8969284357188094,0.530034924330617
two-sided,0.86,2.28,0.8977200759974667,0.529802095459837
two-sided,0.86,2.3,0.8987492083597214,0.529802095459837
two-sided,0.86,2.32,0.8993033565547816,0.529802095459837
two-sided,0.86,2.34,0.9001741608613046,0.529452852153667
two-sided,0.86,2.36,0.900649145028499,0.5291036088474971
two-sided,0.86,2.38,0.9013616212792906,0.5289871944121072
two-sided,0.86,2.4,0.9018366054464851,0.5288707799767172
two-sided,0.86,2.42,0.9023115896136795,0.5286379511059371
two-sided,0.86,2.44,0.9023907536415453,0.5281722933643772
two-sided,0.86,2.46,0.9026282457251424,0.5281722933643772
two-sided,0.86,2.48,0.9030240658644711,0.5281722933643772
two-sided,0.86,2.5,0.9034198860037999,0.5281722933643772
two-sided,0.86,2.52,0.9035782140595313,0.5281722933643772
two-sided,0.86,2.54,0.9038157061431286,0.5278230500582073
two-sided,0.86,2.56,0.9038948701709943,0.5277066356228173
two-sided,0.86,2.58,0.90397403419886,0.5277066356228173
two-sided,0.86,2.6,0.9041323622545915,0.5273573923166472
two-sided,0.86,2.62,0.9042115262824573,0.5272409778812572
two-sided,0.86,2.64,0.9042906903103229,0.5272409778812572
two-sided,0.86,2.66,0.9044490183660545,0.5271245634458672
two-sided,0.86,2.68,0.9044490183660545,0.5267753201396973
two-sided,0.86,2.7,0.904607346421786,0.5266589057043074
two-sided,0.86,2.72,0.9046865104496516,0.5265424912689174
two-sided,0.86,2.74,0.9048448385053831,0.5264260768335274
two-sided,0.86,2.76,0.9049240025332489,0.5264260768335274
two-sided,0.86,2.78,0.9050031665611147,0.5260768335273573
two-sided,0.86,2.8,0.9055573147561748,0.5259604190919673
two-sided,0.86,2.82,0.9060322989233692,0.5259604190919673
two-sided,0.86,2.84,0.9060322989233692,0.5257275902211874
two-sided,0.86,2.86,0.9061906269791007,0.5254947613504075
two-sided,0.86,2.88,0.9064281190626979,0.5252619324796275
two-sided,0.86,2.9,0.9065072830905636,0.5250291036088475
two-sided,0.86,2.92,0.9065864471184294,0.5249126891734575
two-sided,0.86,2.94,0.9066656111462951,0.5249126891734575
two-sided,0.86,2.96,0.9067447751741609,0.5247962747380674
two-sided,0.86,2.98,0.9067447751741609,0.5247962747380674
two-sided,0.86,3.0,0.9067447751741609,0.5246798603026775
two-sided,0.86,3.02,0.9067447751741609,0.5245634458672875
two-sided,0.86,3.04,0.9068239392020266,0.5244470314318976
two-sided,0.86,3.06,0.9069031032298923,0.5242142025611176
two-sided,0.86,3.08,0.9069031032298923,0.5239813736903376
two-sided,0.86,3.1,0.9069822672577581,0.5238649592549476
two-sided,0.86,3.12,0.9069822672577581,0.5237485448195576
two-sided,0.86,3.14,0.9069822672577581,0.5237485448195576
two-sided,0.86,3.16,0.9070614312856238,0.5236321303841676
two-sided,0.86,3.18,0.9070614312856238,0.5236321303841676
two-sided,0.86,3.2,0.9070614312856238,0.5236321303841676
two-sided,0.86,3.22,0.9070614312856238,0.5236321303841676
two-sided,0.86,3.24,0.9070614312856238,0.5235157159487777
two-sided,0.86,3.26,0.9071405953134896,0.5235157159487777
two-sided,0.86,3.28,0.9071405953134896,0.5235157159487777
two-sided,0.86,3.3,0.9071405953134896,0.5235157159487777
two-sided,0.86,3.32,0.9072197593413552,0.5232828870779977
two-sided,0.86,3.34,0.907298923369221,0.5232828870779977
two-sided,0.86,3.36,0.907298923369221,0.5231664726426077
two-sided,0.86,3.38,0.907298923369221,0.5231664726426077
two-sided,0.86,3.4,0.907298923369221,0.5231664726426077
two-sided,0.86,3.42,0.907298923369221,0.5231664726426077
two-sided,0.86,3.44,0.907298923369221,0.5231664726426077
two-sided,0.86,3.46,0.9073780873970868,0.5231664726426077
two-sided,0.86,3.48,0.9073780873970868,0.5231664726426077
two-sided,0.86,3.5,0.9074572514249525,0.5231664726426077
two-sided,0.86,3.52,0.9074572514249525,0.5231664726426077
two-sided,0.86,3.54,0.9075364154528183,0.5231664726426077
two-sided,0.86,3.56,0.9075364154528183,0.5231664726426077
two-sided,0.86,3.58,0.9075364154528183,0.5231664726426077
two-sided,0.87,1.0,0.7765199493350222,0.7724097788125728
two-sided,0.87,1.02,0.8153894870170995,0.7647264260768335
two-sided,0.87,1.04,0.8294806839772008,0.759837019790454
two-sided,0.87,1.06,0.8347846738442052,0.7570430733410943
two-sided,0.87,1.08,0.8382678910702976,0.7528521536670547
two-sided,0.87,1.1,0.8398511716276124,0.7472642607683353
two-sided,0.87,1.12,0.840880303989867,0.740628637951106
two-sided,0.87,1.14,0.8415136162127929,0.730384167636787
two-sided,0.87,1.16,0.8419886003799874,0.721187427240978
two-sided,0.87,1.18,0.8427802406586448,0.7048894062863795
two-sided,0.87,1.2,0.8430968967701077,0.6892898719441211
two-sided,0.87,1.22,0.8433343888537049,0.6724097788125727
two-sided,0.87,1.24,0.8434135528815706,0.6543655413271245
two-sided,0.87,1.26,0.8437302089930335,0.6372526193247963
two-sided,0.87,1.28,0.843888537048765,0.6207217694994179
two-sided,0.87,1.3,0.843888537048765,0.6073341094295692
two-sided,0.87,1.32,0.843888537048765,0.5959254947613504
two-sided,0.87,1.34,0.8439677010766308,0.5862630966239814
two-sided,0.87,1.36,0.8439677010766308,0.5789289871944121
two-sided,0.87,1.38,0.8439677010766308,0.5740395809080325
two-sided,0.87,1.4,0.8439677010766308,0.571362048894063
two-sided,0.87,1.42,0.8441260291323622,0.569848661233993
two-sided,0.87,1.44,0.8441260291323622,0.5686845168800931
two-sided,0.87,1.46,0.8441260291323622,0.5681024447031432
two-sided,0.87,1.48,0.8441260291323622,0.5672875436554132
two-sided,0.87,1.5,0.8441260291323622,0.5670547147846333
two-sided,0.87,1.52,0.8441260291323622,0.5669383003492433
two-sided,0.87,1.54,0.8441260291323622,0.5663562281722934
two-sided,0.87,1.56,0.8442843571880937,0.5657741559953434
two-sided,0.87,1.58,0.8445218492716909,0.5656577415599534
two-sided,0.87,1.6,0.8448385053831539,0.5647264260768335
two-sided,0.87,1.62,0.8452343255224826,0.5636786961583236
two-sided,0.87,1.64,0.8454718176060798,0.5627473806752037
two-sided,0.87,1.66,0.8463426219126029,0.5620488940628638
two-sided,0.87,1.68,0.8466592780240658,0.5615832363213038
two-sided,0.87,1.7,0.8472925902469918,0.5611175785797439
two-sided,0.87,1.72,0.8480842305256492,0.5603026775320139
two-sided,0.87,1.74,0.8482425585813806,0.560069848661234
two-sided,0.87,1.76,0.8486383787207094,0.559487776484284
two-sided,0.87,1.78,0.8491925269157695,0.559254947613504
two-sided,0.87,1.8,0.8498258391386954,0.5585564610011642
two-sided,0.87,1.82,0.850538315389487,0.5579743888242141
two-sided,0.87,1.84,0.8510132995566815,0.5573923166472643
two-sided,0.87,1.86,0.8525965801139962,0.5570430733410943
two-sided,0.87,1.88,0.8534673844205193,0.5565774155995343
two-sided,0.87,1.9,0.8547340088663711,0.5562281722933644
two-sided,0.87,1.92,0.856554781507283,0.5557625145518044
two-sided,0.87,1.94,0.8582963901203293,0.5548311990686845
two-sided,0.87,1.96,0.8601963267891071,0.5544819557625146
two-sided,0.87,1.98,0.8611462951234958,0.5536670547147846
two-sided,0.87,2.0,0.8621754274857505,0.5536670547147846
two-sided,0.87,2.02,0.8628087397086763,0.5533178114086147
two-sided,0.87,2.04,0.8649461684610513,0.5530849825378347
two-sided,0.87,2.06,0.8661336288790373,0.5521536670547148
two-sided,0.87,2.08,0.8673210892970235,0.5519208381839348
two-sided,0.87,2.1,0.868350221659278,0.5515715948777649
two-sided,0.87,2.12,0.8693793540215327,0.5512223515715948
two-sided,0.87,2.14,0.8711209626345788,0.5508731082654249
two-sided,0.87,2.16,0.8723875870804306,0.549825378346915
two-sided,0.87,2.18,0.8736542115262824,0.549708963911525
two-sided,0.87,2.2,0.8746041798606713,0.5494761350407451
two-sided,0.87,2.22,0.8753958201393287,0.548894062863795
two-sided,0.87,2.24,0.876504116529449,0.548777648428405
two-sided,0.87,2.26,0.8768999366687777,0.5486612339930151
two-sided,0.87,2.28,0.877691576947435,0.5484284051222352
two-sided,0.87,2.3,0.8787207093096897,0.5484284051222352
two-sided,0.87,2.32,0.8792748575047499,0.5484284051222352
two-sided,0.87,2.34,0.880145661811273,0.5480791618160652
two-sided,0.87,2.36,0.8806206459784673,0.5477299185098952
two-sided,0.87,2.38,0.881333122229259,0.5476135040745053
two-sided,0.87,2.4,0.8818081063964535,0.5474970896391153
two-sided,0.87,2.42,0.8822830905636478,0.5472642607683353
two-sided,0.87,2.44,0.8823622545915136,0.5467986030267753
two-sided,0.87,2.46,0.8825997466751109,0.5467986030267753
two-sided,0.87,2.48,0.8829955668144395,0.5467986030267753
two-sided,0.87,2.5,0.8833913869537682,0.5467986030267753
two-sided,0.87,2.52,0.8835497150094996,0.5467986030267753
two-sided,0.87,2.54,0.8837872070930969,0.5464493597206054
two-sided,0.87,2.56,0.8838663711209627,0.5463329452852154
two-sided,0.87,2.58,0.8839455351488283,0.5463329452852154
two-sided,0.87,2.6,0.8841038632045598,0.5459837019790454
two-sided,0.87,2.62,0.8841830272324256,0.5458672875436554
two-sided,0.87,2.64,0.8842621912602914,0.5458672875436554
two-sided,0.87,2.66,0.8844205193160228,0.5457508731082654
two-sided,0.87,2.68,0.8844205193160228,0.5454016298020954
two-sided,0.87,2.7,0.8845788473717543,0.5452852153667055
two-sided,0.87,2.72,0.88465801139962,0.5451688009313155
two-sided,0.87,2.74,0.8848163394553515,0.5450523864959255
two-sided,0.87,2.76,0.8848955034832172,0.5450523864959255
two-sided,0.87,2.78,0.884974667511083,0.5447031431897555
two-sided,0.87,2.8,0.8855288157061432,0.5445867287543655
two-sided,0.87,2.82,0.8860037998733375,0.5445867287543655
two-sided,0.87,2.84,0.8860037998733375,0.5443538998835855
two-sided,0.87,2.86,0.886162127929069,0.5441210710128056
two-sided,0.87,2.88,0.8863996200126663,0.5438882421420257
two-sided,0.87,2.9,0.8864787840405319,0.5436554132712457
two-sided,0.87,2.92,0.8865579480683977,0.5435389988358557
two-sided,0.87,2.94,0.8866371120962635,0.5435389988358557
two-sided,0.87,2.96,0.8867162761241292,0.5434225844004656
two-sided,0.87,2.98,0.8867162761241292,0.5434225844004656
two-sided,0.87,3.0,0.8867162761241292,0.5433061699650756
two-sided,0.87,3.02,0.8867162761241292,0.5431897555296856
two-sided,0.87,3.04,0.886795440151995,0.5430733410942956
two-sided,0.87,3.06,0.8868746041798606,0.5428405122235157
two-sided,0.87,3.08,0.8868746041798606,0.5426076833527358
two-sided,0.87,3.1,0.8869537682077264,0.5424912689173458
two-sided,0.87,3.12,0.8869537682077264,0.5423748544819558
two-sided,0.87,3.14,0.8869537682077264,0.5423748544819558
two-sided,0.87,3.16,0.8870329322355921,0.5422584400465658
two-sided,0.87,3.18,0.8870329322355921,0.5422584400465658
two-sided,0.87,3.2,0.8870329322355921,0.5422584400465658
two-sided,0.87,3.22,0.8870329322355921,0.5422584400465658
two-sided,0.87,3.24,0.8870329322355921,0.5421420256111757
two-sided,0.87,3.26,0.8871120962634579,0.5421420256111757
two-sided,0.87,3.28,0.8871120962634579,0.5421420256111757
two-sided,0.87,3.3,0.8871120962634579,0.5421420256111757
two-sided,0.87,3.32,0.8871912602913237,0.5419091967403957
two-sided,0.87,3.34,0.8872704243191893,0.5419091967403957
two-sided,0.87,3.36,0.8872704243191893,0.5417927823050058
two-sided,0.87,3.38,0.8872704243191893,0.5417927823050058
two-sided,0.87,3.4,0.8872704243191893,0.5417927823050058
two-sided,0.87,3.42,0.8872704243191893,0.5417927823050058
two-sided,0.87,3.44,0.8872704243191893,0.5417927823050058
two-sided,0.87,3.46,0.8873495883470551,0.5417927823050058
two-sided,0.87,3.48,0.8873495883470551,0.5417927823050058
two-sided,0.87,3.5,0.8874287523749208,0.5417927823050058
two-sided,0.87,3.52,0.8874287523749208,0.5417927823050058
two-sided,0.87,3.54,0.8875079164027866,0.5417927823050058
two-sided,0.87,3.56,0.8875079164027866,0.5417927823050058
two-sided,0.87,3.58,0.8875079164027866,0.5417927823050058
two-sided,0.88,1.0,0.7502374920835972,0.7905704307334109
two-sided,0.88,1.02,0.7891070297656745,0.7828870779976718
two-sided,0.88,1.04,0.8031982267257758,0.7779976717112922
two-sided,0.88,1.06,0.8085022165927802,0.7752037252619325
two-sided,0.88,1.08,0.8119854338188727,0.7710128055878929
two-sided,0.88,1.1,0.8135687143761875,0.7654249126891735
two-sided,0.88,1.12,0.814597846738442,0.7587892898719442
two-sided,0.88,1.14,0.815231158961368,0.7485448195576252
two-sided,0.88,1.16,0.8157061431285624,0.7393480791618161
two-sided,0.88,1.18,0.8164977834072198,0.7230500582072177
two-sided,0.88,1.2,0.8168144395186827,0.7074505238649593
two-sided,0.88,1.22,0.81705193160228,0.690570430733411
two-sided,0.88,1.24,0.8171310956301456,0.6725261932479627
two-sided,0.88,1.26,0.8174477517416087,0.6554132712456344
two-sided,0.88,1.28,0.8176060797973401,0.6388824214202561
two-sided,0.88,1.3,0.8176060797973401,0.6254947613504074
two-sided,0.88,1.32,0.8176060797973401,0.6140861466821885
two-sided,0.88,1.34,0.8176852438252058,0.6044237485448196
two-sided,0.88,1.36,0.8176852438252058,0.5970896391152503
two-sided,0.88,1.38,0.8176852438252058,0.5922002328288708
two-sided,0.88,1.4,0.8176852438252058,0.5895227008149011
two-sided,0.88,1.42,0.8178435718809373,0.5880093131548312
two-sided,0.88,1.44,0.8178435718809373,0.5868451688009313
two-sided,0.88,1.46,0.8178435718809373,0.5862630966239814
two-sided,0.88,1.48,0.8178435718809373,0.5854481955762514
two-sided,0.88,1.5,0.8178435718809373,0.5852153667054715
two-sided,0.88,1.52,0.8178435718809373,0.5850989522700815
two-sided,0.88,1.54,0.8178435718809373,0.5845168800931315
two-sided,0.88,1.56,0.8180018999366688,0.5839348079161817
two-sided,0.88,1.58,0.818239392020266,0.5838183934807917
two-sided,0.88,1.6,0.818556048131729,0.5828870779976717
two-sided,0.88,1.62,0.8189518682710576,0.5818393480791618
two-sided,0.88,1.64,0.8191893603546548,0.5809080325960418
two-sided,0.88,1.66,0.8200601646611779,0.580209545983702
two-sided,0.88,1.68,0.820376820772641,0.579743888242142
two-sided,0.88,1.7,0.8210101329955668,0.5792782305005821
two-sided,0.88,1.72,0.8218017732742242,0.5784633294528522
two-sided,0.88,1.74,0.8219601013299557,0.5782305005820723
two-sided,0.88,1.76,0.8223559214692844,0.5776484284051222
two-sided,0.88,1.78,0.8229100696643445,0.5774155995343422
two-sided,0.88,1.8,0.8235433818872704,0.5767171129220023
two-sided,0.88,1.82,0.824255858138062,0.5761350407450524
two-sided,0.88,1.84,0.8247308423052565,0.5755529685681025
two-sided,0.88,1.86,0.8263141228625712,0.5752037252619324
two-sided,0.88,1.88,0.8271849271690943,0.5747380675203726
two-sided,0.88,1.9,0.8284515516149462,0.5743888242142026
two-sided,0.88,1.92,0.8302723242558582,0.5739231664726426
two-sided,0.88,1.94,0.8320139328689043,0.5729918509895227
two-sided,0.88,1.96,0.8339138695376821,0.5726426076833527
two-sided,0.88,1.98,0.834863837872071,0.5718277066356228
two-sided,0.88,2.0,0.8358929702343255,0.5718277066356228
two-sided,0.88,2.02,0.8365262824572515,0.5714784633294528
two-sided,0.88,2.04,0.8386637112096264,0.5712456344586729
two-sided,0.88,2.06,0.8398511716276124,0.570314318975553
two-sided,0.88,2.08,0.8410386320455985,0.570081490104773
two-sided,0.88,2.1,0.842067764407853,0.569732246798603
two-sided,0.88,2.12,0.8430968967701077,0.569383003492433
two-sided,0.88,2.14,0.8448385053831539,0.5690337601862632
two-sided,0.88,2.16,0.8461051298290057,0.5679860302677532
two-sided,0.88,2.18,0.8473717542748576,0.5678696158323633
two-sided,0.88,2.2,0.8483217226092463,0.5676367869615833
two-sided,0.88,2.22,0.8491133628879037,0.5670547147846333
two-sided,0.88,2.24,0.8502216592780241,0.5669383003492433
two-sided,0.88,2.26,0.8506174794173528,0.5668218859138533
two-sided,0.88,2.28,0.8514091196960102,0.5665890570430734
two-sided,0.88,2.3,0.8524382520582647,0.5665890570430734
two-sided,0.88,2.32,0.8529924002533249,0.5665890570430734
two-sided,0.88,2.34,0.853863204559848,0.5662398137369034
two-sided,0.88,2.36,0.8543381887270425,0.5658905704307334
two-sided,0.88,2.38,0.8550506649778341,0.5657741559953434
two-sided,0.88,2.4,0.8555256491450285,0.5656577415599534
two-sided,0.88,2.42,0.856000633312223,0.5654249126891735
two-sided,0.88,2.44,0.8560797973400887,0.5649592549476135
two-sided,0.88,2.46,0.8563172894236859,0.5649592549476135
two-sided,0.88,2.48,0.8567131095630146,0.5649592549476135
two-sided,0.88,2.5,0.8571089297023432,0.5649592549476135
two-sided,0.88,2.52,0.8572672577580748,0.5649592549476135
two-sided,0.88,2.54,0.8575047498416719,0.5646100116414435
two-sided,0.88,2.56,0.8575839138695377,0.5644935972060536
two-sided,0.88,2.58,0.8576630778974034,0.5644935972060536
two-sided,0.88,2.6,0.8578214059531349,0.5641443538998836
two-sided,0.88,2.62,0.8579005699810006,0.5640279394644936
two-sided,0.88,2.64,0.8579797340088664,0.5640279394644936
two-sided,0.88,2.66,0.8581380620645979,0.5639115250291036
two-sided,0.88,2.68,0.8581380620645979,0.5635622817229337
two-sided,0.88,2.7,0.8582963901203293,0.5634458672875436
two-sided,0.88,2.72,0.8583755541481951,0.5633294528521537
two-sided,0.88,2.74,0.8585338822039266,0.5632130384167637
two-sided,0.88,2.76,0.8586130462317922,0.5632130384167637
two-sided,0.88,2.78,0.858692210259658,0.5628637951105937
two-sided,0.88,2.8,0.8592463584547182,0.5627473806752037
two-sided,0.88,2.82,0.8597213426219126,0.5627473806752037
two-sided,0.88,2.84,0.8597213426219126,0.5625145518044237
two-sided,0.88,2.86,0.859879670677644,0.5622817229336438
two-sided,0.88,2.88,0.8601171627612413,0.5620488940628638
two-sided,0.88,2.9,0.8601963267891071,0.5618160651920838
two-sided,0.88,2.92,0.8602754908169727,0.5616996507566938
two-sided,0.88,2.94,0.8603546548448385,0.5616996507566938
two-sided,0.88,2.96,0.8604338188727042,0.5615832363213038
two-sided,0.88,2.98,0.8604338188727042,0.5615832363213038
two-sided,0.88,3.0,0.8604338188727042,0.5614668218859138
two-sided,0.88,3.02,0.8604338188727042,0.5613504074505239
two-sided,0.88,3.04,0.86051298290057,0.5612339930151339
two-sided,0.88,3.06,0.8605921469284357,0.561001164144354
two-sided,0.88,3.08,0.8605921469284357,0.560768335273574
two-sided,0.88,3.1,0.8606713109563014,0.5606519208381839
two-sided,0.88,3.12,0.8606713109563014,0.5605355064027939
two-sided,0.88,3.14,0.8606713109563014,0.5605355064027939
two-sided,0.88,3.16,0.8607504749841672,0.5604190919674039
two-sided,0.88,3.18,0.8607504749841672,0.5604190919674039
two-sided,0.88,3.2,0.8607504749841672,0.5604190919674039
two-sided,0.88,3.22,0.8607504749841672,0.5604190919674039
two-sided,0.88,3.24,0.8607504749841672,0.5603026775320139
two-sided,0.88,3.26,0.8608296390120329,0.5603026775320139
two-sided,0.88,3.28,0.8608296390120329,0.5603026775320139
two-sided,0.88,3.3,0.8608296390120329,0.5603026775320139
two-sided,0.88,3.32,0.8609088030398987,0.560069848661234
two-sided,0.88,3.34,0.8609879670677644,0.560069848661234
two-sided,0.88,3.36,0.8609879670677644,0.559953434225844
two-sided,0.88,3.38,0.8609879670677644,0.559953434225844
two-sided,0.88,3.4,0.8609879670677644,0.559953434225844
two-sided,0.88,3.42,0.8609879670677644,0.559953434225844
two-sided,0.88,3.44,0.8609879670677644,0.559953434225844
two-sided,0.88,3.46,0.8610671310956302,0.559953434225844
two-sided,0.88,3.48,0.8610671310956302,0.559953434225844
two-sided,0.88,3.5,0.8611462951234958,0.559953434225844
two-sided,0.88,3.52,0.8611462951234958,0.559953434225844
two-sided,0.88,3.54,0.8612254591513616,0.559953434225844
two-sided,0.88,3.56,0.8612254591513616,0.559953434225844
two-sided,0.88,3.58,0.8612254591513616,0.559953434225844
two-sided,0.89,1.0,0.7215009499683344,0.8072176949941793
two-sided,0.89,1.02,0.7603704876504117,0.79953434225844
two-sided,0.89,1.04,0.774461684610513,0.7946449359720605
two-sided,0.89,1.06,0.7797656744775174,0.7918509895227008
two-sided,0.89,1.08,0.7832488917036099,0.7876600698486612
two-sided,0.89,1.1,0.7848321722609246,0.7820721769499418
two-sided,0.89,1.12,0.7858613046231793,0.7754365541327124
two-sided,0.89,1.14,0.7864946168461051,0.7651920838183934
two-sided,0.89,1.16,0.7869696010132996,0.7559953434225843
two-sided,0.89,1.18,0.7877612412919569,0.739697322467986
two-sided,0.89,1.2,0.7880778974034199,0.7240977881257276
two-sided,0.89,1.22,0.7883153894870171,0.7072176949941793
two-sided,0.89,1.24,0.7883945535148829,0.6891734575087312
two-sided,0.89,1.26,0.7887112096263458,0.6720605355064028
two-sided,0.89,1.28,0.7888695376820772,0.6555296856810244
two-sided,0.89,1.3,0.7888695376820772,0.6421420256111758
two-sided,0.89,1.32,0.7888695376820772,0.630733410942957
two-sided,0.89,1.34,0.788948701709943,0.6210710128055879
two-sided,0.89,1.36,0.788948701709943,0.6137369033760186
two-sided,0.89,1.38,0.788948701709943,0.6088474970896391
two-sided,0.89,1.4,0.788948701709943,0.6061699650756693
two-sided,0.89,1.42,0.7891070297656745,0.6046565774155995
two-sided,0.89,1.44,0.7891070297656745,0.6034924330616996
two-sided,0.89,1.46,0.7891070297656745,0.6029103608847497
two-sided,0.89,1.48,0.7891070297656745,0.6020954598370198
two-sided,0.89,1.5,0.7891070297656745,0.6018626309662398
two-sided,0.89,1.52,0.7891070297656745,0.6017462165308498
two-sided,0.89,1.54,0.7891070297656745,0.6011641443538999
two-sided,0.89,1.56,0.7892653578214059,0.6005820721769499
two-sided,0.89,1.58,0.7895028499050032,0.6004656577415599
two-sided,0.89,1.6,0.7898195060164661,0.59953434225844
two-sided,0.89,1.62,0.7902153261557948,0.5984866123399302
two-sided,0.89,1.64,0.7904528182393921,0.5975552968568103
two-sided,0.89,1.66,0.7913236225459152,0.5968568102444702
two-sided,0.89,1.68,0.7916402786573781,0.5963911525029104
two-sided,0.89,1.7,0.792273590880304,0.5959254947613504
two-sided,0.89,1.72,0.7930652311589613,0.5951105937136205
two-sided,0.89,1.74,0.7932235592146929,0.5948777648428405
two-sided,0.89,1.76,0.7936193793540215,0.5942956926658906
two-sided,0.89,1.78,0.7941735275490817,0.5940628637951106
two-sided,0.89,1.8,0.7948068397720076,0.5933643771827707
two-sided,0.89,1.82,0.7955193160227992,0.5927823050058207
two-sided,0.89,1.84,0.7959943001899936,0.5922002328288708
two-sided,0.89,1.86,0.7975775807473084,0.5918509895227009
two-sided,0.89,1.88,0.7984483850538315,0.5913853317811408
two-sided,0.89,1.9,0.7997150094996833,0.5910360884749709
two-sided,0.89,1.92,0.8015357821405953,0.590570430733411
two-sided,0.89,1.94,0.8032773907536416,0.5896391152502911
two-sided,0.89,1.96,0.8051773274224192,0.5892898719441211
two-sided,0.89,1.98,0.8061272957568081,0.5884749708963912
two-sided,0.89,2.0,0.8071564281190627,0.5884749708963912
two-sided,0.89,2.02,0.8077897403419886,0.5881257275902212
two-sided,0.89,2.04,0.8099271690943636,0.5878928987194412
two-sided,0.89,2.06,0.8111146295123496,0.5869615832363213
two-sided,0.89,2.08,0.8123020899303357,0.5867287543655413
two-sided,0.89,2.1,0.8133312222925903,0.5863795110593714
two-sided,0.89,2.12,0.8143603546548448,0.5860302677532014
two-sided,0.89,2.14,0.8161019632678911,0.5856810244470314
two-sided,0.89,2.16,0.8173685877137429,0.5846332945285215
two-sided,0.89,2.18,0.8186352121595947,0.5845168800931315
two-sided,0.89,2.2,0.8195851804939835,0.5842840512223515
two-sided,0.89,2.22,0.820376820772641,0.5837019790454017
two-sided,0.89,2.24,0.8214851171627613,0.5835855646100117
two-sided,0.89,2.26,0.8218809373020899,0.5834691501746216
two-sided,0.89,2.28,0.8226725775807473,0.5832363213038416
two-sided,0.89,2.3,0.8237017099430018,0.5832363213038416
two-sided,0.89,2.32,0.824255858138062,0.5832363213038416
two-sided,0.89,2.34,0.8251266624445852,0.5828870779976717
two-sided,0.89,2.36,0.8256016466117796,0.5825378346915018
two-sided,0.89,2.38,0.8263141228625712,0.5824214202561118
two-sided,0.89,2.4,0.8267891070297657,0.5823050058207218
two-sided,0.89,2.42,0.8272640911969601,0.5820721769499417
two-sided,0.89,2.44,0.8273432552248259,0.5816065192083819
two-sided,0.89,2.46,0.827580747308423,0.5816065192083819
two-sided,0.89,2.48,0.8279765674477517,0.5816065192083819
two-sided,0.89,2.5,0.8283723875870804,0.5816065192083819
two-sided,0.89,2.52,0.8285307156428119,0.5816065192083819
two-sided,0.89,2.54,0.8287682077264091,0.5812572759022119
two-sided,0.89,2.56,0.8288473717542748,0.5811408614668219
two-sided,0.89,2.58,0.8289265357821406,0.5811408614668219
two-sided,0.89,2.6,0.829084863837872,0.580791618160652
two-sided,0.89,2.62,0.8291640278657378,0.5806752037252619
two-sided,0.89,2.64,0.8292431918936035,0.5806752037252619
two-sided,0.89,2.66,0.829401519949335,0.5805587892898719
two-sided,0.89,2.68,0.829401519949335,0.580209545983702
two-sided,0.89,2.7,0.8295598480050665,0.580093131548312
two-sided,0.89,2.72,0.8296390120329322,0.579976717112922
two-sided,0.89,2.74,0.8297973400886637,0.579860302677532
two-sided,0.89,2.76,0.8298765041165295,0.579860302677532
two-sided,0.89,2.78,0.8299556681443951,0.579511059371362
two-sided,0.89,2.8,0.8305098163394553,0.579394644935972
two-sided,0.89,2.82,0.8309848005066498,0.579394644935972
two-sided,0.89,2.84,0.8309848005066498,0.5791618160651921
two-sided,0.89,2.86,0.8311431285623813,0.5789289871944121
two-sided,0.89,2.88,0.8313806206459785,0.5786961583236321
two-sided,0.89,2.9,0.8314597846738442,0.5784633294528522
two-sided,0.89,2.92,0.83153894870171,0.5783469150174622
two-sided,0.89,2.94,0.8316181127295756,0.5783469150174622
two-sided,0.89,2.96,0.8316972767574414,0.5782305005820723
two-sided,0.89,2.98,0.8316972767574414,0.5782305005820723
two-sided,0.89,3.0,0.8316972767574414,0.5781140861466822
two-sided,0.89,3.02,0.8316972767574414,0.5779976717112922
two-sided,0.89,3.04,0.8317764407853071,0.5778812572759022
two-sided,0.89,3.06,0.8318556048131729,0.5776484284051222
two-sided,0.89,3.08,0.8318556048131729,0.5774155995343422
two-sided,0.89,3.1,0.8319347688410387,0.5772991850989523
two-sided,0.89,3.12,0.8319347688410387,0.5771827706635623
two-sided,0.89,3.14,0.8319347688410387,0.5771827706635623
two-sided,0.89,3.16,0.8320139328689043,0.5770663562281724
two-sided,0.89,3.18,0.8320139328689043,0.5770663562281724
two-sided,0.89,3.2,0.8320139328689043,0.5770663562281724
two-sided,0.89,3.22,0.8320139328689043,0.5770663562281724
two-sided,0.89,3.24,0.8320139328689043,0.5769499417927824
two-sided,0.89,3.26,0.8320930968967701,0.5769499417927824
two-sided,0.89,3.28,0.8320930968967701,0.5769499417927824
two-sided,0.89,3.3,0.8320930968967701,0.5769499417927824
two-sided,0.89,3.32,0.8321722609246358,0.5767171129220023
two-sided,0.89,3.34,0.8322514249525016,0.5767171129220023
two-sided,0.89,3.36,0.8322514249525016,0.5766006984866123
two-sided,0.89,3.38,0.8322514249525016,0.5766006984866123
two-sided,0.89,3.4,0.8322514249525016,0.5766006984866123
two-sided,0.89,3.42,0.8322514249525016,0.5766006984866123
two-sided,0.89,3.44,0.8322514249525016,0.5766006984866123
two-sided,0.89,3.46,0.8323305889803673,0.5766006984866123
two-sided,0.89,3.48,0.8323305889803673,0.5766006984866123
two-sided,0.89,3.5,0.832409753008233,0.5766006984866123
two-sided,0.89,3.52,0.832409753008233,0.5766006984866123
two-sided,0.89,3.54,0.8324889170360988,0.5766006984866123
two-sided,0.89,3.56,0.8324889170360988,0.5766006984866123
two-sided,0.89,3.58,0.8324889170360988,0.5766006984866123
two-sided,0.9,1.0,0.6813647878404053,0.8250291036088475
two-sided,0.9,1.02,0.7202343255224826,0.8173457508731082
two-sided,0.9,1.04,0.7343255224825839,0.8124563445867288
two-sided,0.9,1.06,0.7396295123495883,0.8096623981373691
two-sided,0.9,1.08,0.7431127295756809,0.8054714784633294
two-sided,0.9,1.1,0.7446960101329956,0.79988358556461
two-sided,0.9,1.12,0.7457251424952501,0.7932479627473807
two-sided,0.9,1.14,0.7463584547181761,0.7830034924330617
two-sided,0.9,1.16,0.7468334388853705,0.7738067520372527
two-sided,0.9,1.18,0.7476250791640279,0.7575087310826543
two-sided,0.9,1.2,0.7479417352754908,0.7419091967403958
two-sided,0.9,1.22,0.748179227359088,0.7250291036088474
two-sided,0.9,1.24,0.7482583913869537,0.7069848661233993
two-sided,0.9,1.26,0.7485750474984167,0.689871944121071
two-sided,0.9,1.28,0.7487333755541482,0.6733410942956927
two-sided,0.9,1.3,0.7487333755541482,0.659953434225844
two-sided,0.9,1.32,0.7487333755541482,0.6485448195576251
two-sided,0.9,1.34,0.7488125395820139,0.6388824214202561
two-sided,0.9,1.36,0.7488125395820139,0.6315483119906868
two-sided,0.9,1.38,0.7488125395820139,0.6266589057043073
two-sided,0.9,1.4,0.7488125395820139,0.6239813736903377
two-sided,0.9,1.42,0.7489708676377455,0.6224679860302678
two-sided,0.9,1.44,0.7489708676377455,0.6213038416763679
two-sided,0.9,1.46,0.7489708676377455,0.6207217694994179
two-sided,0.9,1.48,0.7489708676377455,0.619906868451688
two-sided,0.9,1.5,0.7489708676377455,0.619674039580908
two-sided,0.9,1.52,0.7489708676377455,0.619557625145518
two-sided,0.9,1.54,0.7489708676377455,0.6189755529685681
two-sided,0.9,1.56,0.7491291956934769,0.6183934807916182
two-sided,0.9,1.58,0.749366687777074,0.6182770663562283
two-sided,0.9,1.6,0.7496833438885371,0.6173457508731083
two-sided,0.9,1.62,0.7500791640278658,0.6162980209545983
two-sided,0.9,1.64,0.7503166561114629,0.6153667054714784
two-sided,0.9,1.66,0.7511874604179861,0.6146682188591386
two-sided,0.9,1.68,0.751504116529449,0.6142025611175785
two-sided,0.9,1.7,0.7521374287523749,0.6137369033760186
two-sided,0.9,1.72,0.7529290690310323,0.6129220023282886
two-sided,0.9,1.74,0.7530873970867638,0.6126891734575087
two-sided,0.9,1.76,0.7534832172260925,0.6121071012805588
two-sided,0.9,1.78,0.7540373654211526,0.6118742724097788
two-sided,0.9,1.8,0.7546706776440786,0.6111757857974389
two-sided,0.9,1.82,0.7553831538948702,0.6105937136204889
two-sided,0.9,1.84,0.7558581380620646,0.610011641443539
two-sided,0.9,1.86,0.7574414186193793,0.609662398137369
two-sided,0.9,1.88,0.7583122229259025,0.6091967403958091
two-sided,0.9,1.9,0.7595788473717543,0.6088474970896391
two-sided,0.9,1.92,0.7613996200126663,0.6083818393480791
two-sided,0.9,1.94,0.7631412286257124,0.6074505238649592
two-sided,0.9,1.96,0.7650411652944902,0.6071012805587893
two-sided,0.9,1.98,0.765991133628879,0.6062863795110593
two-sided,0.9,2.0,0.7670202659911336,0.6062863795110593
two-sided,0.9,2.02,0.7676535782140596,0.6059371362048894
two-sided,0.9,2.04,0.7697910069664344,0.6057043073341094
two-sided,0.9,2.06,0.7709784673844206,0.6047729918509895
two-sided,0.9,2.08,0.7721659278024066,0.6045401629802096
two-sided,0.9,2.1,0.7731950601646612,0.6041909196740396
two-sided,0.9,2.12,0.7742241925269158,0.6038416763678696
two-sided,0.9,2.14,0.775965801139962,0.6034924330616996
two-sided,0.9,2.16,0.7772324255858138,0.6024447031431898
two-sided,0.9,2.18,0.7784990500316656,0.6023282887077998
two-sided,0.9,2.2,0.7794490183660545,0.6020954598370198
two-sided,0.9,2.22,0.7802406586447118,0.6015133876600698
two-sided,0.9,2.24,0.7813489550348321,0.6013969732246799
two-sided,0.9,2.26,0.7817447751741609,0.6012805587892899
two-sided,0.9,2.28,0.7825364154528183,0.60104772991851
two-sided,0.9,2.3,0.7835655478150728,0.60104772991851
two-sided,0.9,2.32,0.784119696010133,0.60104772991851
two-sided,0.9,2.34,0.7849905003166561,0.6006984866123399
two-sided,0.9,2.36,0.7854654844838506,0.6003492433061699
two-sided,0.9,2.38,0.7861779607346422,0.60023282887078
two-sided,0.9,2.4,0.7866529449018366,0.60011641443539
two-sided,0.9,2.42,0.7871279290690311,0.5998835855646101
two-sided,0.9,2.44,0.7872070930968967,0.59941792782305
two-sided,0.9,2.46,0.787444585180494,0.59941792782305
two-sided,0.9,2.48,0.7878404053198227,0.59941792782305
two-sided,0.9,2.5,0.7882362254591514,0.59941792782305
two-sided,0.9,2.52,0.7883945535148829,0.59941792782305
two-sided,0.9,2.54,0.7886320455984801,0.5990686845168801
two-sided,0.9,2.56,0.7887112096263458,0.5989522700814901
two-sided,0.9,2.58,0.7887903736542116,0.5989522700814901
two-sided,0.9,2.6,0.788948701709943,0.5986030267753202
two-sided,0.9,2.62,0.7890278657378087,0.5984866123399302
two-sided,0.9,2.64,0.7891070297656745,0.5984866123399302
two-sided,0.9,2.66,0.7892653578214059,0.5983701979045402
two-sided,0.9,2.68,0.7892653578214059,0.5980209545983701
two-sided,0.9,2.7,0.7894236858771374,0.5979045401629802
two-sided,0.9,2.72,0.7895028499050032,0.5977881257275902
two-sided,0.9,2.74,0.7896611779607347,0.5976717112922003
two-sided,0.9,2.76,0.7897403419886003,0.5976717112922003
two-sided,0.9,2.78,0.7898195060164661,0.5973224679860303
two-sided,0.9,2.8,0.7903736542115263,0.5972060535506403
two-sided,0.9,2.82,0.7908486383787207,0.5972060535506403
two-sided,0.9,2.84,0.7908486383787207,0.5969732246798602
two-sided,0.9,2.86,0.7910069664344522,0.5967403958090803
two-sided,0.9,2.88,0.7912444585180494,0.5965075669383004
two-sided,0.9,2.9,0.7913236225459152,0.5962747380675204
two-sided,0.9,2.92,0.7914027865737808,0.5961583236321304
two-sided,0.9,2.94,0.7914819506016466,0.5961583236321304
two-sided,0.9,2.96,0.7915611146295124,0.5960419091967404
two-sided,0.9,2.98,0.7915611146295124,0.5960419091967404
two-sided,0.9,3.0,0.7915611146295124,0.5959254947613504
two-sided,0.9,3.02,0.7915611146295124,0.5958090803259604
two-sided,0.9,3.04,0.7916402786573781,0.5956926658905703
two-sided,0.9,3.06,0.7917194426852439,0.5954598370197904
two-sided,0.9,3.08,0.7917194426852439,0.5952270081490105
two-sided,0.9,3.1,0.7917986067131095,0.5951105937136205
two-sided,0.9,3.12,0.7917986067131095,0.5949941792782305
two-sided,0.9,3.14,0.7917986067131095,0.5949941792782305
two-sided,0.9,3.16,0.7918777707409753,0.5948777648428405
two-sided,0.9,3.18,0.7918777707409753,0.5948777648428405
two-sided,0.9,3.2,0.7918777707409753,0.5948777648428405
two-sided,0.9,3.22,0.7918777707409753,0.5948777648428405
two-sided,0.9,3.24,0.7918777707409753,0.5947613504074505
two-sided,0.9,3.26,0.791956934768841,0.5947613504074505
two-sided,0.9,3.28,0.791956934768841,0.5947613504074505
two-sided,0.9,3.3,0.791956934768841,0.5947613504074505
two-sided,0.9,3.32,0.7920360987967068,0.5945285215366706
two-sided,0.9,3.34,0.7921152628245726,0.5945285215366706
two-sided,0.9,3.36,0.7921152628245726,0.5944121071012806
two-sided,0.9,3.38,0.7921152628245726,0.5944121071012806
two-sided,0.9,3.4,0.7921152628245726,0.5944121071012806
two-sided,0.9,3.42,0.7921152628245726,0.5944121071012806
two-sided,0.9,3.44,0.7921152628245726,0.5944121071012806
two-sided,0.9,3.46,0.7921944268524382,0.5944121071012806
two-sided,0.9,3.48,0.7921944268524382,0.5944121071012806
two-sided,0.9,3.5,0.792273590880304,0.5944121071012806
two-sided,0.9,3.52,0.792273590880304,0.5944121071012806
two-sided,0.9,3.54,0.7923527549081697,0.5944121071012806
two-sided,0.9,3.56,0.7923527549081697,0.5944121071012806
two-sided,0.9,3.58,0.7923527549081697,0.5944121071012806
two-sided,0.91,1.0,0.6344996833438885,0.8409778812572759
two-sided,0.91,1.02,0.6733692210259657,0.8332945285215367
two-sided,0.91,1.04,0.6874604179860672,0.8284051222351572
two-sided,0.91,1.06,0.6927644078530716,0.8256111757857975
two-sided,0.91,1.08,0.696247625079164,0.8214202561117578
two-sided,0.91,1.1,0.6978309056364788,0.8158323632130384
two-sided,0.91,1.12,0.6988600379987334,0.8091967403958091
two-sided,0.91,1.14,0.6994933502216593,0.7989522700814902
two-sided,0.91,1.16,0.6999683343888538,0.7897555296856811
two-sided,0.91,1.18,0.700759974667511,0.7734575087310827
two-sided,0.91,1.2,0.7010766307789741,0.7578579743888242
two-sided,0.91,1.22,0.7013141228625712,0.7409778812572759
two-sided,0.91,1.24,0.701393286890437,0.7229336437718277
two-sided,0.91,1.26,0.7017099430018999,0.7058207217694994
two-sided,0.91,1.28,0.7018682710576314,0.6892898719441211
two-sided,0.91,1.3,0.7018682710576314,0.6759022118742724
two-sided,0.91,1.32,0.7018682710576314,0.6644935972060535
two-sided,0.91,1.34,0.7019474350854972,0.6548311990686846
two-sided,0.91,1.36,0.7019474350854972,0.6474970896391152
two-sided,0.91,1.38,0.7019474350854972,0.6426076833527357
two-sided,0.91,1.4,0.7019474350854972,0.6399301513387661
two-sided,0.91,1.42,0.7021057631412286,0.6384167636786962
two-sided,0.91,1.44,0.7021057631412286,0.6372526193247963
two-sided,0.91,1.46,0.7021057631412286,0.6366705471478463
two-sided,0.91,1.48,0.7021057631412286,0.6358556461001164
two-sided,0.91,1.5,0.7021057631412286,0.6356228172293364
two-sided,0.91,1.52,0.7021057631412286,0.6355064027939464
two-sided,0.91,1.54,0.7021057631412286,0.6349243306169965
two-sided,0.91,1.56,0.7022640911969601,0.6343422584400465
two-sided,0.91,1.58,0.7025015832805573,0.6342258440046566
two-sided,0.91,1.6,0.7028182393920203,0.6332945285215367
two-sided,0.91,1.62,0.703214059531349,0.6322467986030268
two-sided,0.91,1.64,0.7034515516149462,0.6313154831199068
two-sided,0.91,1.66,0.7043223559214693,0.630616996507567
two-sided,0.91,1.68,0.7046390120329322,0.6301513387660069
two-sided,0.91,1.7,0.7052723242558582,0.6296856810244471
two-sided,0.91,1.72,0.7060639645345155,0.628870779976717
two-sided,0.91,1.74,0.706222292590247,0.6286379511059371
two-sided,0.91,1.76,0.7066181127295756,0.6280558789289872
two-sided,0.91,1.78,0.7071722609246358,0.6278230500582072
two-sided,0.91,1.8,0.7078055731475618,0.6271245634458673
two-sided,0.91,1.82,0.7085180493983534,0.6265424912689174
two-sided,0.91,1.84,0.7089930335655478,0.6259604190919674
two-sided,0.91,1.86,0.7105763141228626,0.6256111757857974
two-sided,0.91,1.88,0.7114471184293857,0.6251455180442375
two-sided,0.91,1.9,0.7127137428752375,0.6247962747380675
two-sided,0.91,1.92,0.7145345155161494,0.6243306169965075
two-sided,0.91,1.94,0.7162761241291957,0.6233993015133876
two-sided,0.91,1.96,0.7181760607979734,0.6230500582072177
two-sided,0.91,1.98,0.7191260291323622,0.6222351571594877
two-sided,0.91,2.0,0.7201551614946169,0.6222351571594877
two-sided,0.91,2.02,0.7207884737175427,0.6218859138533178
two-sided,0.91,2.04,0.7229259024699176,0.6216530849825379
two-sided,0.91,2.06,0.7241133628879037,0.6207217694994179
two-sided,0.91,2.08,0.7253008233058899,0.620488940628638
two-sided,0.91,2.1,0.7263299556681444,0.620139697322468
two-sided,0.91,2.12,0.727359088030399,0.619790454016298
two-sided,0.91,2.14,0.7291006966434452,0.619441210710128
two-sided,0.91,2.16,0.730367321089297,0.6183934807916182
two-sided,0.91,2.18,0.7316339455351488,0.6182770663562283
two-sided,0.91,2.2,0.7325839138695377,0.6180442374854482
two-sided,0.91,2.22,0.7333755541481951,0.6174621653084982
two-sided,0.91,2.24,0.7344838505383154,0.6173457508731083
two-sided,0.91,2.26,0.734879670677644,0.6172293364377183
two-sided,0.91,2.28,0.7356713109563014,0.6169965075669384
two-sided,0.91,2.3,0.736700443318556,0.6169965075669384
two-sided,0.91,2.32,0.7372545915136162,0.6169965075669384
two-sided,0.91,2.34,0.7381253958201394,0.6166472642607683
two-sided,0.91,2.36,0.7386003799873337,0.6162980209545983
two-sided,0.91,2.38,0.7393128562381254,0.6161816065192084
two-sided,0.91,2.4,0.7397878404053199,0.6160651920838184
two-sided,0.91,2.42,0.7402628245725142,0.6158323632130385
two-sided,0.91,2.44,0.74034198860038,0.6153667054714784
two-sided,0.91,2.46,0.7405794806839772,0.6153667054714784
two-sided,0.91,2.48,0.7409753008233059,0.6153667054714784
two-sided,0.91,2.5,0.7413711209626346,0.6153667054714784
two-sided,0.91,2.52,0.741529449018366,0.6153667054714784
two-sided,0.91,2.54,0.7417669411019633,0.6150174621653085
two-sided,0.91,2.56,0.741846105129829,0.6149010477299185
two-sided,0.91,2.58,0.7419252691576947,0.6149010477299185
two-sided,0.91,2.6,0.7420835972134262,0.6145518044237486
two-sided,0.91,2.62,0.742162761241292,0.6144353899883586
two-sided,0.91,2.64,0.7422419252691577,0.6144353899883586
two-sided,0.91,2.66,0.7424002533248891,0.6143189755529685
two-sided,0.91,2.68,0.7424002533248891,0.6139697322467986
two-sided,0.91,2.7,0.7425585813806207,0.6138533178114086
two-sided,0.91,2.72,0.7426377454084864,0.6137369033760186
two-sided,0.91,2.74,0.7427960734642178,0.6136204889406287
two-sided,0.91,2.76,0.7428752374920836,0.6136204889406287
two-sided,0.91,2.78,0.7429544015199493,0.6132712456344587
two-sided,0.91,2.8,0.7435085497150095,0.6131548311990687
two-sided,0.91,2.82,0.743983533882204,0.6131548311990687
two-sided,0.91,2.84,0.743983533882204,0.6129220023282886
two-sided,0.91,2.86,0.7441418619379354,0.6126891734575087
two-sided,0.91,2.88,0.7443793540215327,0.6124563445867288
two-sided,0.91,2.9,0.7444585180493983,0.6122235157159488
two-sided,0.91,2.92,0.7445376820772641,0.6121071012805588
two-sided,0.91,2.94,0.7446168461051298,0.6121071012805588
two-sided,0.91,2.96,0.7446960101329956,0.6119906868451688
two-sided,0.91,2.98,0.7446960101329956,0.6119906868451688
two-sided,0.91,3.0,0.7446960101329956,0.6118742724097788
two-sided,0.91,3.02,0.7446960101329956,0.6117578579743888
two-sided,0.91,3.04,0.7447751741608613,0.6116414435389989
two-sided,0.91,3.06,0.744854338188727,0.6114086146682189
two-sided,0.91,3.08,0.744854338188727,0.6111757857974389
two-sided,0.91,3.1,0.7449335022165928,0.6110593713620489
two-sided,0.91,3.12,0.7449335022165928,0.6109429569266589
two-sided,0.91,3.14,0.7449335022165928,0.6109429569266589
two-sided,0.91,3.16,0.7450126662444585,0.6108265424912689
two-sided,0.91,3.18,0.7450126662444585,0.6108265424912689
two-sided,0.91,3.2,0.7450126662444585,0.6108265424912689
two-sided,0.91,3.22,0.7450126662444585,0.6108265424912689
two-sided,0.91,3.24,0.7450126662444585,0.6107101280558789
two-sided,0.91,3.26,0.7450918302723243,0.6107101280558789
two-sided,0.91,3.28,0.7450918302723243,0.6107101280558789
two-sided,0.91,3.3,0.7450918302723243,0.6107101280558789
two-sided,0.91,3.32,0.74517099430019,0.610477299185099
two-sided,0.91,3.34,0.7452501583280557,0.610477299185099
two-sided,0.91,3.36,0.7452501583280557,0.610360884749709
two-sided,0.91,3.38,0.7452501583280557,0.610360884749709
two-sided,0.91,3.4,0.7452501583280557,0.610360884749709
two-sided,0.91,3.42,0.7452501583280557,0.610360884749709
two-sided,0.91,3.44,0.7452501583280557,0.610360884749709
two-sided,0.91,3.46,0.7453293223559214,0.610360884749709
two-sided,0.91,3.48,0.7453293223559214,0.610360884749709
two-sided,0.91,3.5,0.7454084863837872,0.610360884749709
two-sided,0.91,3.52,0.7454084863837872,0.610360884749709
two-sided,0.91,3.54,0.745487650411653,0.610360884749709
two-sided,0.91,3.56,0.745487650411653,0.610360884749709
two-sided,0.91,3.58,0.745487650411653,0.610360884749709
two-sided,0.92,1.0,0.5805889803673211,0.8570430733410943
two-sided,0.92,1.02,0.6194585180493983,0.849359720605355
two-sided,0.92,1.04,0.6335497150094996,0.8444703143189756
two-sided,0.92,1.06,0.6388537048765042,0.8416763678696159
two-sided,0.92,1.08,0.6423369221025966,0.8374854481955762
two-sided,0.92,1.1,0.6439202026599113,0.8318975552968568
two-sided,0.92,1.12,0.6449493350221659,0.8252619324796275
two-sided,0.92,1.14,0.6455826472450918,0.8150174621653085
two-sided,0.92,1.16,0.6460576314122862,0.8058207217694995
two-sided,0.92,1.18,0.6468492716909436,0.7895227008149011
two-sided,0.92,1.2,0.6471659278024066,0.7739231664726426
two-sided,0.92,1.22,0.6474034198860038,0.7570430733410943
two-sided,0.92,1.24,0.6474825839138696,0.7389988358556461
two-sided,0.92,1.26,0.6477992400253325,0.7218859138533178
two-sided,0.92,1.28,0.647957568081064,0.7053550640279395
two-sided,0.92,1.3,0.647957568081064,0.6919674039580908
two-sided,0.92,1.32,0.647957568081064,0.6805587892898719
two-sided,0.92,1.34,0.6480367321089296,0.670896391152503
two-sided,0.92,1.36,0.6480367321089296,0.6635622817229336
two-sided,0.92,1.38,0.6480367321089296,0.6586728754365541
two-sided,0.92,1.4,0.6480367321089296,0.6559953434225845
two-sided,0.92,1.42,0.6481950601646612,0.6544819557625146
two-sided,0.92,1.44,0.6481950601646612,0.6533178114086147
two-sided,0.92,1.46,0.6481950601646612,0.6527357392316647
two-sided,0.92,1.48,0.6481950601646612,0.6519208381839348
two-sided,0.92,1.5,0.6481950601646612,0.6516880093131548
two-sided,0.92,1.52,0.6481950601646612,0.6515715948777648
two-sided,0.92,1.54,0.6481950601646612,0.6509895227008149
two-sided,0.92,1.56,0.6483533882203927,0.650407450523865
two-sided,0.92,1.58,0.6485908803039898,0.650291036088475
two-sided,0.92,1.6,0.6489075364154528,0.6493597206053551
two-sided,0.92,1.62,0.6493033565547816,0.6483119906868452
two-sided,0.92,1.64,0.6495408486383787,0.6473806752037252
two-sided,0.92,1.66,0.6504116529449019,0.6466821885913854
two-sided,0.92,1.68,0.6507283090563648,0.6462165308498253
two-sided,0.92,1.7,0.6513616212792906,0.6457508731082654
two-sided,0.92,1.72,0.6521532615579481,0.6449359720605354
two-sided,0.92,1.74,0.6523115896136795,0.6447031431897555
two-sided,0.92,1.76,0.6527074097530082,0.6441210710128056
two-sided,0.92,1.78,0.6532615579480684,0.6438882421420256
two-sided,0.92,1.8,0.6538948701709943,0.6431897555296857
two-sided,0.92,1.82,0.654607346421786,0.6426076833527357
two-sided,0.92,1.84,0.6550823305889804,0.6420256111757858
two-sided,0.92,1.86,0.6566656111462951,0.6416763678696158
two-sided,0.92,1.88,0.6575364154528183,0.6412107101280559
two-sided,0.92,1.9,0.6588030398986701,0.6408614668218859
two-sided,0.92,1.92,0.660623812539582,0.6403958090803259
two-sided,0.92,1.94,0.6623654211526282,0.639464493597206
two-sided,0.92,1.96,0.6642653578214059,0.6391152502910361
two-sided,0.92,1.98,0.6652153261557948,0.6383003492433061
two-sided,0.92,2.0,0.6662444585180494,0.6383003492433061
two-sided,0.92,2.02,0.6668777707409753,0.6379511059371362
two-sided,0.92,2.04,0.6690151994933502,0.6377182770663563
two-sided,0.92,2.06,0.6702026599113363,0.6367869615832363
two-sided,0.92,2.08,0.6713901203293223,0.6365541327124564
two-sided,0.92,2.1,0.672419252691577,0.6362048894062864
two-sided,0.92,2.12,0.6734483850538315,0.6358556461001164
two-sided,0.92,2.14,0.6751899936668778,0.6355064027939464
two-sided,0.92,2.16,0.6764566181127296,0.6344586728754366
two-sided,0.92,2.18,0.6777232425585814,0.6343422584400465
two-sided,0.92,2.2,0.6786732108929703,0.6341094295692666
two-sided,0.92,2.22,0.6794648511716276,0.6335273573923166
two-sided,0.92,2.24,0.6805731475617479,0.6334109429569267
two-sided,0.92,2.26,0.6809689677010766,0.6332945285215367
two-sided,0.92,2.28,0.681760607979734,0.6330616996507568
two-sided,0.92,2.3,0.6827897403419886,0.6330616996507568
two-sided,0.92,2.32,0.6833438885370487,0.6330616996507568
two-sided,0.92,2.34,0.6842146928435718,0.6327124563445867
two-sided,0.92,2.36,0.6846896770107663,0.6323632130384167
two-sided,0.92,2.38,0.685402153261558,0.6322467986030268
two-sided,0.92,2.4,0.6858771374287523,0.6321303841676368
two-sided,0.92,2.42,0.6863521215959468,0.6318975552968569
two-sided,0.92,2.44,0.6864312856238125,0.6314318975552968
two-sided,0.92,2.46,0.6866687777074097,0.6314318975552968
two-sided,0.92,2.48,0.6870645978467385,0.6314318975552968
two-sided,0.92,2.5,0.6874604179860672,0.6314318975552968
two-sided,0.92,2.52,0.6876187460417986,0.6314318975552968
two-sided,0.92,2.54,0.6878562381253959,0.6310826542491269
two-sided,0.92,2.56,0.6879354021532615,0.6309662398137369
two-sided,0.92,2.58,0.6880145661811273,0.6309662398137369
two-sided,0.92,2.6,0.6881728942368588,0.630616996507567
two-sided,0.92,2.62,0.6882520582647245,0.630500582072177
two-sided,0.92,2.64,0.6883312222925903,0.630500582072177
two-sided,0.92,2.66,0.6884895503483217,0.630384167636787
two-sided,0.92,2.68,0.6884895503483217,0.6300349243306169
two-sided,0.92,2.7,0.6886478784040532,0.629918509895227
two-sided,0.92,2.72,0.688727042431919,0.629802095459837
two-sided,0.92,2.74,0.6888853704876504,0.6296856810244471
two-sided,0.92,2.76,0.6889645345155162,0.6296856810244471
two-sided,0.92,2.78,0.6890436985433819,0.6293364377182771
two-sided,0.92,2.8,0.689597846738442,0.6292200232828871
two-sided,0.92,2.82,0.6900728309056364,0.6292200232828871
two-sided,0.92,2.84,0.6900728309056364,0.628987194412107
two-sided,0.92,2.86,0.690231158961368,0.6287543655413271
two-sided,0.92,2.88,0.6904686510449651,0.6285215366705472
two-sided,0.92,2.9,0.6905478150728309,0.6282887077997672
two-sided,0.92,2.92,0.6906269791006966,0.6281722933643772
two-sided,0.92,2.94,0.6907061431285624,0.6281722933643772
two-sided,0.92,2.96,0.6907853071564282,0.6280558789289872
two-sided,0.92,2.98,0.6907853071564282,0.6280558789289872
two-sided,0.92,3.0,0.6907853071564282,0.6279394644935972
two-sided,0.92,3.02,0.6907853071564282,0.6278230500582072
two-sided,0.92,3.04,0.6908644711842938,0.6277066356228173
two-sided,0.92,3.06,0.6909436352121596,0.6274738067520372
two-sided,0.92,3.08,0.6909436352121596,0.6272409778812573
two-sided,0.92,3.1,0.6910227992400253,0.6271245634458673
two-sided,0.92,3.12,0.6910227992400253,0.6270081490104773
two-sided,0.92,3.14,0.6910227992400253,0.6270081490104773
two-sided,0.92,3.16,0.6911019632678911,0.6268917345750873
two-sided,0.92,3.18,0.6911019632678911,0.6268917345750873
two-sided,0.92,3.2,0.6911019632678911,0.6268917345750873
two-sided,0.92,3.22,0.6911019632678911,0.6268917345750873
two-sided,0.92,3.24,0.6911019632678911,0.6267753201396973
two-sided,0.92,3.26,0.6911811272957568,0.6267753201396973
two-sided,0.92,3.28,0.6911811272957568,0.6267753201396973
two-sided,0.92,3.3,0.6911811272957568,0.6267753201396973
two-sided,0.92,3.32,0.6912602913236225,0.6265424912689174
two-sided,0.92,3.34,0.6913394553514883,0.6265424912689174
two-sided,0.92,3.36,0.6913394553514883,0.6264260768335274
two-sided,0.92,3.38,0.6913394553514883,0.6264260768335274
two-sided,0.92,3.4,0.6913394553514883,0.6264260768335274
two-sided,0.92,3.42,0.6913394553514883,0.6264260768335274
two-sided,0.92,3.44,0.6913394553514883,0.6264260768335274
two-sided,0.92,3.46,0.691418619379354,0.6264260768335274
two-sided,0.92,3.48,0.691418619379354,0.6264260768335274
two-sided,0.92,3.5,0.6914977834072198,0.6264260768335274
two-sided,0.92,3.52,0.6914977834072198,0.6264260768335274
two-sided,0.92,3.54,0.6915769474350855,0.6264260768335274
two-sided,0.92,3.56,0.6915769474350855,0.6264260768335274
two-sided,0.92,3.58,0.6915769474350855,0.6264260768335274
two-sided,0.93,1.0,0.5115579480683977,0.8784633294528521
two-sided,0.93,1.02,0.550427485750475,0.8707799767171129
two-sided,0.93,1.04,0.5645186827105764,0.8658905704307334
two-sided,0.93,1.06,0.5698226725775808,0.8630966239813737
two-sided,0.93,1.08,0.5733058898036733,0.8589057043073342
two-sided,0.93,1.1,0.574889170360988,0.8533178114086146
two-sided,0.93,1.12,0.5759183027232425,0.8466821885913853
two-sided,0.93,1.14,0.5765516149461685,0.8364377182770664
two-sided,0.93,1.16,0.5770265991133628,0.8272409778812573
two-sided,0.93,1.18,0.5778182393920203,0.8109429569266589
two-sided,0.93,1.2,0.5781348955034832,0.7953434225844005
two-sided,0.93,1.22,0.5783723875870804,0.7784633294528521
two-sided,0.93,1.24,0.5784515516149462,0.760419091967404
two-sided,0.93,1.26,0.5787682077264091,0.7433061699650756
two-sided,0.93,1.28,0.5789265357821406,0.7267753201396974
two-sided,0.93,1.3,0.5789265357821406,0.7133876600698487
two-sided,0.93,1.32,0.5789265357821406,0.7019790454016298
two-sided,0.93,1.34,0.5790056998100064,0.6923166472642608
two-sided,0.93,1.36,0.5790056998100064,0.6849825378346914
two-sided,0.93,1.38,0.5790056998100064,0.680093131548312
two-sided,0.93,1.4,0.5790056998100064,0.6774155995343423
two-sided,0.93,1.42,0.5791640278657378,0.6759022118742724
two-sided,0.93,1.44,0.5791640278657378,0.6747380675203725
two-sided,0.93,1.46,0.5791640278657378,0.6741559953434226
two-sided,0.93,1.48,0.5791640278657378,0.6733410942956927
two-sided,0.93,1.5,0.5791640278657378,0.6731082654249128
two-sided,0.93,1.52,0.5791640278657378,0.6729918509895227
two-sided,0.93,1.54,0.5791640278657378,0.6724097788125727
two-sided,0.93,1.56,0.5793223559214693,0.6718277066356229
two-sided,0.93,1.58,0.5795598480050665,0.6717112922002328
two-sided,0.93,1.6,0.5798765041165295,0.670779976717113
two-sided,0.93,1.62,0.5802723242558582,0.6697322467986031
two-sided,0.93,1.64,0.5805098163394553,0.6688009313154831
two-sided,0.93,1.66,0.5813806206459785,0.6681024447031432
two-sided,0.93,1.68,0.5816972767574414,0.6676367869615832
two-sided,0.93,1.7,0.5823305889803673,0.6671711292200233
two-sided,0.93,1.72,0.5831222292590247,0.6663562281722933
two-sided,0.93,1.74,0.5832805573147561,0.6661233993015134
two-sided,0.93,1.76,0.5836763774540848,0.6655413271245634
two-sided,0.93,1.78,0.584230525649145,0.6653084982537835
two-sided,0.93,1.8,0.584863837872071,0.6646100116414435
two-sided,0.93,1.82,0.5855763141228626,0.6640279394644937
two-sided,0.93,1.84,0.586051298290057,0.6634458672875436
two-sided,0.93,1.86,0.5876345788473718,0.6630966239813737
two-sided,0.93,1.88,0.5885053831538949,0.6626309662398138
two-sided,0.93,1.9,0.5897720075997467,0.6622817229336437
two-sided,0.93,1.92,0.5915927802406586,0.6618160651920838
two-sided,0.93,1.94,0.5933343888537049,0.6608847497089639
two-sided,0.93,1.96,0.5952343255224826,0.660535506402794
two-sided,0.93,1.98,0.5961842938568714,0.659720605355064
two-sided,0.93,2.0,0.597213426219126,0.659720605355064
two-sided,0.93,2.02,0.5978467384420519,0.6593713620488941
two-sided,0.93,2.04,0.5999841671944268,0.6591385331781141
two-sided,0.93,2.06,0.6011716276124129,0.6582072176949942
two-sided,0.93,2.08,0.602359088030399,0.6579743888242142
two-sided,0.93,2.1,0.6033882203926536,0.6576251455180442
two-sided,0.93,2.12,0.6044173527549082,0.6572759022118743
two-sided,0.93,2.14,0.6061589613679544,0.6569266589057043
two-sided,0.93,2.16,0.6074255858138062,0.6558789289871945
two-sided,0.93,2.18,0.608692210259658,0.6557625145518045
two-sided,0.93,2.2,0.6096421785940469,0.6555296856810244
two-sided,0.93,2.22,0.6104338188727042,0.6549476135040745
two-sided,0.93,2.24,0.6115421152628245,0.6548311990686846
two-sided,0.93,2.26,0.6119379354021532,0.6547147846332946
two-sided,0.93,2.28,0.6127295756808107,0.6544819557625146
two-sided,0.93,2.3,0.6137587080430652,0.6544819557625146
two-sided,0.93,2.32,0.6143128562381254,0.6544819557625146
two-sided,0.93,2.34,0.6151836605446485,0.6541327124563445
two-sided,0.93,2.36,0.615658644711843,0.6537834691501746
two-sided,0.93,2.38,0.6163711209626346,0.6536670547147847
two-sided,0.93,2.4,0.616846105129829,0.6535506402793947
two-sided,0.93,2.42,0.6173210892970235,0.6533178114086147
two-sided,0.93,2.44,0.6174002533248891,0.6528521536670547
two-sided,0.93,2.46,0.6176377454084864,0.6528521536670547
two-sided,0.93,2.48,0.6180335655478151,0.6528521536670547
two-sided,0.93,2.5,0.6184293856871438,0.6528521536670547
two-sided,0.93,2.52,0.6185877137428752,0.6528521536670547
two-sided,0.93,2.54,0.6188252058264725,0.6525029103608848
two-sided,0.93,2.56,0.6189043698543382,0.6523864959254948
two-sided,0.93,2.58,0.618983533882204,0.6523864959254948
two-sided,0.93,2.6,0.6191418619379354,0.6520372526193248
two-sided,0.93,2.62,0.6192210259658011,0.6519208381839348
two-sided,0.93,2.64,0.6193001899936669,0.6519208381839348
two-sided,0.93,2.66,0.6194585180493983,0.6518044237485447
two-sided,0.93,2.68,0.6194585180493983,0.6514551804423749
two-sided,0.93,2.7,0.6196168461051298,0.6513387660069849
two-sided,0.93,2.72,0.6196960101329956,0.6512223515715949
two-sided,0.93,2.74,0.619854338188727,0.6511059371362049
two-sided,0.93,2.76,0.6199335022165928,0.6511059371362049
two-sided,0.93,2.78,0.6200126662444585,0.6507566938300349
two-sided,0.93,2.8,0.6205668144395187,0.6506402793946449
two-sided,0.93,2.82,0.6210417986067132,0.6506402793946449
two-sided,0.93,2.84,0.6210417986067132,0.650407450523865
two-sided,0.93,2.86,0.6212001266624446,0.650174621653085
two-sided,0.93,2.88,0.6214376187460418,0.649941792782305
two-sided,0.93,2.9,0.6215167827739075,0.649708963911525
two-sided,0.93,2.92,0.6215959468017733,0.649592549476135
two-sided,0.93,2.94,0.621675110829639,0.649592549476135
two-sided,0.93,2.96,0.6217542748575048,0.649476135040745
two-sided,0.93,2.98,0.6217542748575048,0.649476135040745
two-sided,0.93,3.0,0.6217542748575048,0.6493597206053551
two-sided,0.93,3.02,0.6217542748575048,0.6492433061699651
two-sided,0.93,3.04,0.6218334388853705,0.6491268917345752
two-sided,0.93,3.06,0.6219126029132362,0.6488940628637951
two-sided,0.93,3.08,0.6219126029132362,0.6486612339930151
two-sided,0.93,3.1,0.6219917669411019,0.6485448195576251
two-sided,0.93,3.12,0.6219917669411019,0.6484284051222351
two-sided,0.93,3.14,0.6219917669411019,0.6484284051222351
two-sided,0.93,3.16,0.6220709309689677,0.6483119906868452
two-sided,0.93,3.18,0.6220709309689677,0.6483119906868452
two-sided,0.93,3.2,0.6220709309689677,0.6483119906868452
two-sided,0.93,3.22,0.6220709309689677,0.6483119906868452
two-sided,0.93,3.24,0.6220709309689677,0.6481955762514552
two-sided,0.93,3.26,0.6221500949968335,0.6481955762514552
two-sided,0.93,3.28,0.6221500949968335,0.6481955762514552
two-sided,0.93,3.3,0.6221500949968335,0.6481955762514552
two-sided,0.93,3.32,0.6222292590246992,0.6479627473806753
two-sided,0.93,3.34,0.622308423052565,0.6479627473806753
two-sided,0.93,3.36,0.622308423052565,0.6478463329452853
two-sided,0.93,3.38,0.622308423052565,0.6478463329452853
two-sided,0.93,3.4,0.622308423052565,0.6478463329452853
two-sided,0.93,3.42,0.622308423052565,0.6478463329452853
two-sided,0.93,3.44,0.622308423052565,0.6478463329452853
two-sided,0.93,3.46,0.6223875870804306,0.6478463329452853
two-sided,0.93,3.48,0.6223875870804306,0.6478463329452853
two-sided,0.93,3.5,0.6224667511082964,0.6478463329452853
two-sided,0.93,3.52,0.6224667511082964,0.6478463329452853
two-sided,0.93,3.54,0.6225459151361621,0.6478463329452853
two-sided,0.93,3.56,0.6225459151361621,0.6478463329452853
two-sided,0.93,3.58,0.6225459151361621,0.6478463329452853
two-sided,0.94,1.0,0.42075680810639643,0.9002328288707799
two-sided,0.94,1.02,0.4596263457884737,0.8925494761350408
two-sided,0.94,1.04,0.473717542748575,0.8876600698486612
two-sided,0.94,1.06,0.4790215326155795,0.8848661233993015
two-sided,0.94,1.08,0.48250474984167196,0.880675203725262
two-sided,0.94,1.1,0.4840880303989867,0.8750873108265425
two-sided,0.94,1.12,0.4851171627612413,0.8684516880093132
two-sided,0.94,1.14,0.4857504749841672,0.8582072176949942
two-sided,0.94,1.16,0.4862254591513616,0.8490104772991851
two-sided,0.94,1.18,0.487017099430019,0.8327124563445867
two-sided,0.94,1.2,0.48733375554148195,0.8171129220023283
two-sided,0.94,1.22,0.48757124762507914,0.80023282887078
two-sided,0.94,1.24,0.4876504116529449,0.7821885913853318
two-sided,0.94,1.26,0.48796706776440785,0.7650756693830035
two-sided,0.94,1.28,0.4881253958201393,0.7485448195576252
two-sided,0.94,1.3,0.4881253958201393,0.7351571594877765
two-sided,0.94,1.32,0.4881253958201393,0.7237485448195576
two-sided,0.94,1.34,0.4882045598480051,0.7140861466821886
two-sided,0.94,1.36,0.4882045598480051,0.7067520372526193
two-sided,0.94,1.38,0.4882045598480051,0.7018626309662398
two-sided,0.94,1.4,0.4882045598480051,0.6991850989522701
two-sided,0.94,1.42,0.48836288790373655,0.6976717112922002
two-sided,0.94,1.44,0.48836288790373655,0.6965075669383003
two-sided,0.94,1.46,0.48836288790373655,0.6959254947613505
two-sided,0.94,1.48,0.48836288790373655,0.6951105937136205
two-sided,0.94,1.5,0.48836288790373655,0.6948777648428406
two-sided,0.94,1.52,0.48836288790373655,0.6947613504074506
two-sided,0.94,1.54,0.48836288790373655,0.6941792782305005
two-sided,0.94,1.56,0.488521215959468,0.6935972060535507
two-sided,0.94,1.58,0.4887587080430652,0.6934807916181607
two-sided,0.94,1.6,0.4890753641545282,0.6925494761350408
two-sided,0.94,1.62,0.4894711842938569,0.6915017462165309
two-sided,0.94,1.64,0.4897086763774541,0.690570430733411
two-sided,0.94,1.66,0.4905794806839772,0.689871944121071
two-sided,0.94,1.68,0.49089613679544014,0.6894062863795111
two-sided,0.94,1.7,0.49152944901836604,0.6889406286379511
two-sided,0.94,1.72,0.49232108929702345,0.6881257275902212
two-sided,0.94,1.74,0.4924794173527549,0.6878928987194413
two-sided,0.94,1.76,0.4928752374920836,0.6873108265424912
two-sided,0.94,1.78,0.4934293856871438,0.6870779976717113
two-sided,0.94,1.8,0.4940626979100697,0.6863795110593713
two-sided,0.94,1.82,0.4947751741608613,0.6857974388824214
two-sided,0.94,1.84,0.49525015832805575,0.6852153667054715
two-sided,0.94,1.86,0.4968334388853705,0.6848661233993015
two-sided,0.94,1.88,0.4977042431918936,0.6844004656577416
two-sided,0.94,1.9,0.4989708676377454,0.6840512223515716
two-sided,0.94,1.92,0.5007916402786574,0.6835855646100116
two-sided,0.94,1.94,0.5025332488917036,0.6826542491268917
two-sided,0.94,1.96,0.5044331855604813,0.6823050058207218
two-sided,0.94,1.98,0.5053831538948702,0.6814901047729919
two-sided,0.94,2.0,0.5064122862571248,0.6814901047729919
two-sided,0.94,2.02,0.5070455984800507,0.681140861466822
two-sided,0.94,2.04,0.5091830272324256,0.6809080325960419
two-sided,0.94,2.06,0.5103704876504117,0.6799767171129221
two-sided,0.94,2.08,0.5115579480683977,0.679743888242142
two-sided,0.94,2.1,0.5125870804306523,0.679394644935972
two-sided,0.94,2.12,0.5136162127929069,0.6790454016298021
two-sided,0.94,2.14,0.5153578214059531,0.6786961583236322
two-sided,0.94,2.16,0.5166244458518049,0.6776484284051223
two-sided,0.94,2.18,0.5178910702976568,0.6775320139697323
two-sided,0.94,2.2,0.5188410386320456,0.6772991850989523
two-sided,0.94,2.22,0.519632678910703,0.6767171129220023
two-sided,0.94,2.24,0.5207409753008233,0.6766006984866124
two-sided,0.94,2.26,0.521136795440152,0.6764842840512224
two-sided,0.94,2.28,0.5219284357188094,0.6762514551804424
two-sided,0.94,2.3,0.522957568081064,0.6762514551804424
two-sided,0.94,2.32,0.5235117162761241,0.6762514551804424
two-sided,0.94,2.34,0.5243825205826472,0.6759022118742724
two-sided,0.94,2.36,0.5248575047498417,0.6755529685681024
two-sided,0.94,2.38,0.5255699810006333,0.6754365541327125
two-sided,0.94,2.4,0.5260449651678277,0.6753201396973225
two-sided,0.94,2.42,0.5265199493350222,0.6750873108265425
two-sided,0.94,2.44,0.5265991133628879,0.6746216530849826
two-sided,0.94,2.46,0.5268366054464851,0.6746216530849826
two-sided,0.94,2.48,0.5272324255858138,0.6746216530849826
two-sided,0.94,2.5,0.5276282457251424,0.6746216530849826
two-sided,0.94,2.52,0.527786573780874,0.6746216530849826
two-sided,0.94,2.54,0.5280240658644711,0.6742724097788126
two-sided,0.94,2.56,0.5281032298923369,0.6741559953434226
two-sided,0.94,2.58,0.5281823939202026,0.6741559953434226
two-sided,0.94,2.6,0.5283407219759342,0.6738067520372526
two-sided,0.94,2.62,0.5284198860037999,0.6736903376018626
two-sided,0.94,2.64,0.5284990500316656,0.6736903376018626
two-sided,0.94,2.66,0.5286573780873971,0.6735739231664726
two-sided,0.94,2.68,0.5286573780873971,0.6732246798603027
two-sided,0.94,2.7,0.5288157061431286,0.6731082654249128
two-sided,0.94,2.72,0.5288948701709943,0.6729918509895227
two-sided,0.94,2.74,0.5290531982267258,0.6728754365541327
two-sided,0.94,2.76,0.5291323622545915,0.6728754365541327
two-sided,0.94,2.78,0.5292115262824573,0.6725261932479627
two-sided,0.94,2.8,0.5297656744775174,0.6724097788125727
two-sided,0.94,2.82,0.5302406586447118,0.6724097788125727
two-sided,0.94,2.84,0.5302406586447118,0.6721769499417928
two-sided,0.94,2.86,0.5303989867004433,0.6719441210710129
two-sided,0.94,2.88,0.5306364787840405,0.6717112922002328
two-sided,0.94,2.9,0.5307156428119063,0.6714784633294528
two-sided,0.94,2.92,0.530794806839772,0.6713620488940628
two-sided,0.94,2.94,0.5308739708676378,0.6713620488940628
two-sided,0.94,2.96,0.5309531348955034,0.6712456344586728
two-sided,0.94,2.98,0.5309531348955034,0.6712456344586728
two-sided,0.94,3.0,0.5309531348955034,0.6711292200232829
two-sided,0.94,3.02,0.5309531348955034,0.6710128055878929
two-sided,0.94,3.04,0.5310322989233692,0.670896391152503
two-sided,0.94,3.06,0.531111462951235,0.670663562281723
two-sided,0.94,3.08,0.531111462951235,0.670430733410943
two-sided,0.94,3.1,0.5311906269791007,0.6703143189755529
two-sided,0.94,3.12,0.5311906269791007,0.6701979045401629
two-sided,0.94,3.14,0.5311906269791007,0.6701979045401629
two-sided,0.94,3.16,0.5312697910069665,0.6700814901047729
two-sided,0.94,3.18,0.5312697910069665,0.6700814901047729
two-sided,0.94,3.2,0.5312697910069665,0.6700814901047729
two-sided,0.94,3.22,0.5312697910069665,0.6700814901047729
two-sided,0.94,3.24,0.5312697910069665,0.669965075669383
two-sided,0.94,3.26,0.5313489550348321,0.669965075669383
two-sided,0.94,3.28,0.5313489550348321,0.669965075669383
two-sided,0.94,3.3,0.5313489550348321,0.669965075669383
two-sided,0.94,3.32,0.5314281190626979,0.6697322467986031
two-sided,0.94,3.34,0.5315072830905636,0.6697322467986031
two-sided,0.94,3.36,0.5315072830905636,0.6696158323632131
two-sided,0.94,3.38,0.5315072830905636,0.6696158323632131
two-sided,0.94,3.4,0.5315072830905636,0.6696158323632131
two-sided,0.94,3.42,0.5315072830905636,0.6696158323632131
two-sided,0.94,3.44,0.5315072830905636,0.6696158323632131
two-sided,0.94,3.46,0.5315864471184294,0.6696158323632131
two-sided,0.94,3.48,0.5315864471184294,0.6696158323632131
two-sided,0.94,3.5,0.5316656111462951,0.6696158323632131
two-sided,0.94,3.52,0.5316656111462951,0.6696158323632131
two-sided,0.94,3.54,0.5317447751741609,0.6696158323632131
two-sided,0.94,3.56,0.5317447751741609,0.6696158323632131
two-sided,0.94,3.58,0.5317447751741609,0.6696158323632131
two-sided,0.95,1.0,0.32773907536415453,0.9249126891734575
two-sided,0.95,1.02,0.36660861304623177,0.9172293364377183
two-sided,0.95,1.04,0.38069981000633313,0.9123399301513387
two-sided,0.95,1.06,0.38600379987333755,0.909545983701979
two-sided,0.95,1.08,0.38948701709943,0.9053550640279395
two-sided,0.95,1.1,0.3910702976567448,0.89976717112922
two-sided,0.95,1.12,0.3920994300189994,0.8931315483119907
two-sided,0.95,1.14,0.3927327422419253,0.8828870779976717
two-sided,0.95,1.16,0.3932077264091197,0.8736903376018627
two-sided,0.95,1.18,0.3939993666877771,0.8573923166472642
two-sided,0.95,1.2,0.39431602279924005,0.8417927823050058
two-sided,0.95,1.22,0.39455351488283724,0.8249126891734575
two-sided,0.95,1.24,0.39463267891070297,0.8068684516880094
two-sided,0.95,1.26,0.39494933502216595,0.7897555296856811
two-sided,0.95,1.28,0.3951076630778974,0.7732246798603026
two-sided,0.95,1.3,0.3951076630778974,0.759837019790454
two-sided,0.95,1.32,0.3951076630778974,0.7484284051222352
two-sided,0.95,1.34,0.39518682710576314,0.738766006984866
two-sided,0.95,1.36,0.39518682710576314,0.7314318975552969
two-sided,0.95,1.38,0.39518682710576314,0.7265424912689173
two-sided,0.95,1.4,0.39518682710576314,0.7238649592549475
two-sided,0.95,1.42,0.3953451551614946,0.7223515715948778
two-sided,0.95,1.44,0.3953451551614946,0.721187427240978
two-sided,0.95,1.46,0.3953451551614946,0.7206053550640279
two-sided,0.95,1.48,0.3953451551614946,0.719790454016298
two-sided,0.95,1.5,0.3953451551614946,0.719557625145518
two-sided,0.95,1.52,0.3953451551614946,0.719441210710128
two-sided,0.95,1.54,0.3953451551614946,0.7188591385331782
two-sided,0.95,1.56,0.3955034832172261,0.7182770663562281
two-sided,0.95,1.58,0.3957409753008233,0.7181606519208381
two-sided,0.95,1.6,0.3960576314122863,0.7172293364377182
two-sided,0.95,1.62,0.39645345155161493,0.7161816065192084
two-sided,0.95,1.64,0.3966909436352122,0.7152502910360885
two-sided,0.95,1.66,0.39756174794173527,0.7145518044237485
two-sided,0.95,1.68,0.39787840405319824,0.7140861466821886
two-sided,0.95,1.7,0.39851171627612414,0.7136204889406286
two-sided,0.95,1.72,0.3993033565547815,0.7128055878928987
two-sided,0.95,1.74,0.39946168461051296,0.7125727590221187
two-sided,0.95,1.76,0.39985750474984166,0.7119906868451689
two-sided,0.95,1.78,0.40041165294490183,0.7117578579743888
two-sided,0.95,1.8,0.4010449651678277,0.7110593713620489
two-sided,0.95,1.82,0.40175744141861935,0.7104772991850989
two-sided,0.95,1.84,0.4022324255858138,0.709895227008149
two-sided,0.95,1.86,0.40381570614312856,0.7095459837019791
two-sided,0.95,1.88,0.4046865104496517,0.709080325960419
two-sided,0.95,1.9,0.4059531348955035,0.7087310826542491
two-sided,0.95,1.92,0.40777390753641546,0.7082654249126892
two-sided,0.95,1.94,0.4095155161494617,0.7073341094295693
two-sided,0.95,1.96,0.4114154528182394,0.7069848661233993
two-sided,0.95,1.98,0.41236542115262825,0.7061699650756694
two-sided,0.95,2.0,0.41339455351488286,0.7061699650756694
two-sided,0.95,2.02,0.41402786573780875,0.7058207217694994
two-sided,0.95,2.04,0.41616529449018363,0.7055878928987194
two-sided,0.95,2.06,0.41735275490816975,0.7046565774155995
two-sided,0.95,2.08,0.4185402153261558,0.7044237485448195
two-sided,0.95,2.1,0.41956934768841037,0.7040745052386497
two-sided,0.95,2.12,0.42059848005066497,0.7037252619324796
two-sided,0.95,2.14,0.4223400886637112,0.7033760186263096
two-sided,0.95,2.16,0.423606713109563,0.7023282887077997
two-sided,0.95,2.18,0.42487333755541484,0.7022118742724097
two-sided,0.95,2.2,0.42582330588980366,0.7019790454016298
two-sided,0.95,2.22,0.4266149461684611,0.7013969732246799
two-sided,0.95,2.24,0.4277232425585814,0.7012805587892899
two-sided,0.95,2.26,0.42811906269791006,0.7011641443538998
two-sided,0.95,2.28,0.42891070297656747,0.7009313154831199
two-sided,0.95,2.3,0.429939835338822,0.7009313154831199
two-sided,0.95,2.32,0.4304939835338822,0.7009313154831199
two-sided,0.95,2.34,0.43136478784040533,0.70058207217695
two-sided,0.95,2.36,0.43183977200759976,0.70023282887078
two-sided,0.95,2.38,0.4325522482583914,0.70011641443539
two-sided,0.95,2.4,0.43302723242558583,0.7
two-sided,0.95,2.42,0.43350221659278027,0.69976717112922
two-sided,0.95,2.44,0.433581380620646,0.6993015133876601
two-sided,0.95,2.46,0.4338188727042432,0.6993015133876601
two-sided,0.95,2.48,0.4342146928435719,0.6993015133876601
two-sided,0.95,2.5,0.43461051298290054,0.6993015133876601
two-sided,0.95,2.52,0.43476884103863206,0.6993015133876601
two-sided,0.95,2.54,0.43500633312222925,0.6989522700814901
two-sided,0.95,2.56,0.435085497150095,0.6988358556461001
two-sided,0.95,2.58,0.4351646611779607,0.6988358556461001
two-sided,0.95,2.6,0.4353229892336922,0.6984866123399301
two-sided,0.95,2.62,0.43540215326155796,0.6983701979045401
two-sided,0.95,2.64,0.4354813172894237,0.6983701979045401
two-sided,0.95,2.66,0.43563964534515515,0.6982537834691502
two-sided,0.95,2.68,0.43563964534515515,0.6979045401629802
two-sided,0.95,2.7,0.43579797340088666,0.6977881257275902
two-sided,0.95,2.72,0.4358771374287524,0.6976717112922002
two-sided,0.95,2.74,0.43603546548448385,0.6975552968568102
two-sided,0.95,2.76,0.4361146295123496,0.6975552968568102
two-sided,0.95,2.78,0.4361937935402153,0.6972060535506404
two-sided,0.95,2.8,0.4367479417352755,0.6970896391152503
two-sided,0.95,2.82,0.4372229259024699,0.6970896391152503
two-sided,0.95,2.84,0.4372229259024699,0.6968568102444703
two-sided,0.95,2.86,0.4373812539582014,0.6966239813736903
two-sided,0.95,2.88,0.4376187460417986,0.6963911525029103
two-sided,0.95,2.9,0.43769791006966435,0.6961583236321304
two-sided,0.95,2.92,0.4377770740975301,0.6960419091967405
two-sided,0.95,2.94,0.4378562381253958,0.6960419091967405
two-sided,0.95,2.96,0.43793540215326154,0.6959254947613505
two-sided,0.95,2.98,0.43793540215326154,0.6959254947613505
two-sided,0.95,3.0,0.43793540215326154,0.6958090803259604
two-sided,0.95,3.02,0.43793540215326154,0.6956926658905704
two-sided,0.95,3.04,0.4380145661811273,0.6955762514551804
two-sided,0.95,3.06,0.43809373020899306,0.6953434225844004
two-sided,0.95,3.08,0.43809373020899306,0.6951105937136205
two-sided,0.95,3.1,0.4381728942368588,0.6949941792782305
two-sided,0.95,3.12,0.4381728942368588,0.6948777648428406
two-sided,0.95,3.14,0.4381728942368588,0.6948777648428406
two-sided,0.95,3.16,0.4382520582647245,0.6947613504074506
two-sided,0.95,3.18,0.4382520582647245,0.6947613504074506
two-sided,0.95,3.2,0.4382520582647245,0.6947613504074506
two-sided,0.95,3.22,0.4382520582647245,0.6947613504074506
two-sided,0.95,3.24,0.4382520582647245,0.6946449359720606
two-sided,0.95,3.26,0.43833122229259025,0.6946449359720606
two-sided,0.95,3.28,0.43833122229259025,0.6946449359720606
two-sided,0.95,3.3,0.43833122229259025,0.6946449359720606
two-sided,0.95,3.32,0.438410386320456,0.6944121071012805
two-sided,0.95,3.34,0.4384895503483217,0.6944121071012805
two-sided,0.95,3.36,0.4384895503483217,0.6942956926658905
two-sided,0.95,3.38,0.4384895503483217,0.6942956926658905
two-sided,0.95,3.4,0.4384895503483217,0.6942956926658905
two-sided,0.95,3.42,0.4384895503483217,0.6942956926658905
two-sided,0.95,3.44,0.4384895503483217,0.6942956926658905
two-sided,0.95,3.46,0.43856871437618744,0.6942956926658905
two-sided,0.95,3.48,0.43856871437618744,0.6942956926658905
two-sided,0.95,3.5,0.43864787840405317,0.6942956926658905
two-sided,0.95,3.52,0.43864787840405317,0.6942956926658905
two-sided,0.95,3.54,0.43872704243191896,0.6942956926658905
two-sided,0.95,3.56,0.43872704243191896,0.6942956926658905
two-sided,0.95,3.58,0.43872704243191896,0.6942956926658905
two-sided,0.96,1.0,0.24398353388220392,0.9436554132712456
two-sided,0.96,1.02,0.2828530715642812,0.9359720605355064
two-sided,0.96,1.04,0.2969442685243825,0.9310826542491268
two-sided,0.96,1.06,0.30224825839138697,0.9282887077997671
two-sided,0.96,1.08,0.30573147561747943,0.9240977881257276
two-sided,0.96,1.1,0.30731475617479415,0.9185098952270081
two-sided,0.96,1.12,0.30834388853704875,0.9118742724097788
two-sided,0.96,1.14,0.30897720075997465,0.9016298020954598
two-sided,0.96,1.16,0.3094521849271691,0.8924330616996508
two-sided,0.96,1.18,0.3102438252058265,0.8761350407450523
two-sided,0.96,1.2,0.3105604813172894,0.860535506402794
two-sided,0.96,1.22,0.31079797340088666,0.8436554132712456
two-sided,0.96,1.24,0.3108771374287524,0.8256111757857975
two-sided,0.96,1.26,0.3111937935402153,0.8084982537834692
two-sided,0.96,1.28,0.31135212159594683,0.7919674039580908
two-sided,0.96,1.3,0.31135212159594683,0.7785797438882421
two-sided,0.96,1.32,0.31135212159594683,0.7671711292200233
two-sided,0.96,1.34,0.31143128562381256,0.7575087310826543
two-sided,0.96,1.36,0.31143128562381256,0.750174621653085
two-sided,0.96,1.38,0.31143128562381256,0.7452852153667054
two-sided,0.96,1.4,0.31143128562381256,0.7426076833527357
two-sided,0.96,1.42,0.311589613679544,0.7410942956926658
two-sided,0.96,1.44,0.311589613679544,0.7399301513387659
two-sided,0.96,1.46,0.311589613679544,0.7393480791618161
two-sided,0.96,1.48,0.311589613679544,0.7385331781140861
two-sided,0.96,1.5,0.311589613679544,0.7383003492433062
two-sided,0.96,1.52,0.311589613679544,0.7381839348079162
two-sided,0.96,1.54,0.311589613679544,0.7376018626309662
two-sided,0.96,1.56,0.3117479417352755,0.7370197904540163
two-sided,0.96,1.58,0.3119854338188727,0.7369033760186263
two-sided,0.96,1.6,0.31230208993033565,0.7359720605355065
two-sided,0.96,1.62,0.31269791006966435,0.7349243306169966
two-sided,0.96,1.64,0.31293540215326154,0.7339930151338766
two-sided,0.96,1.66,0.3138062064597847,0.7332945285215366
two-sided,0.96,1.68,0.3141228625712476,0.7328288707799767
two-sided,0.96,1.7,0.3147561747941735,0.7323632130384168
two-sided,0.96,1.72,0.3155478150728309,0.7315483119906869
two-sided,0.96,1.74,0.3157061431285624,0.7313154831199069
two-sided,0.96,1.76,0.3161019632678911,0.7307334109429569
two-sided,0.96,1.78,0.31665611146295125,0.7305005820721769
two-sided,0.96,1.8,0.31728942368587715,0.729802095459837
two-sided,0.96,1.82,0.3180018999366688,0.7292200232828872
two-sided,0.96,1.84,0.3184768841038632,0.7286379511059371
two-sided,0.96,1.86,0.320060164661178,0.7282887077997672
two-sided,0.96,1.88,0.32093096896770107,0.7278230500582072
two-sided,0.96,1.9,0.32219759341355286,0.7274738067520372
two-sided,0.96,1.92,0.3240183660544648,0.7270081490104773
two-sided,0.96,1.94,0.3257599746675111,0.7260768335273574
two-sided,0.96,1.96,0.3276599113362888,0.7257275902211875
two-sided,0.96,1.98,0.3286098796706776,0.7249126891734575
two-sided,0.96,2.0,0.3296390120329322,0.7249126891734575
two-sided,0.96,2.02,0.3302723242558581,0.7245634458672876
two-sided,0.96,2.04,0.33240975300823306,0.7243306169965076
two-sided,0.96,2.06,0.3335972134262191,0.7233993015133877
two-sided,0.96,2.08,0.3347846738442052,0.7231664726426077
two-sided,0.96,2.1,0.3358138062064598,0.7228172293364377
two-sided,0.96,2.12,0.3368429385687144,0.7224679860302677
two-sided,0.96,2.14,0.3385845471817606,0.7221187427240978
two-sided,0.96,2.16,0.3398511716276124,0.7210710128055879
two-sided,0.96,2.18,0.3411177960734642,0.7209545983701979
two-sided,0.96,2.2,0.3420677644078531,0.7207217694994179
two-sided,0.96,2.22,0.34285940468651044,0.720139697322468
two-sided,0.96,2.24,0.34396770107663077,0.7200232828870781
two-sided,0.96,2.26,0.3443635212159595,0.719906868451688
two-sided,0.96,2.28,0.34515516149461684,0.719674039580908
two-sided,0.96,2.3,0.34618429385687144,0.719674039580908
two-sided,0.96,2.32,0.3467384420519316,0.719674039580908
two-sided,0.96,2.34,0.3476092463584547,0.719324796274738
two-sided,0.96,2.36,0.34808423052564913,0.7189755529685681
two-sided,0.96,2.38,0.3487967067764408,0.7188591385331782
two-sided,0.96,2.4,0.3492716909436352,0.7187427240977882
two-sided,0.96,2.42,0.34974667511082963,0.7185098952270081
two-sided,0.96,2.44,0.34982583913869536,0.7180442374854482
two-sided,0.96,2.46,0.3500633312222926,0.7180442374854482
two-sided,0.96,2.48,0.35045915136162126,0.7180442374854482
two-sided,0.96,2.5,0.35085497150094996,0.7180442374854482
two-sided,0.96,2.52,0.3510132995566814,0.7180442374854482
two-sided,0.96,2.54,0.35125079164027867,0.7176949941792783
two-sided,0.96,2.56,0.3513299556681444,0.7175785797438883
two-sided,0.96,2.58,0.35140911969601013,0.7175785797438883
two-sided,0.96,2.6,0.3515674477517416,0.7172293364377182
two-sided,0.96,2.62,0.3516466117796073,0.7171129220023282
two-sided,0.96,2.64,0.3517257758074731,0.7171129220023282
two-sided,0.96,2.66,0.35188410386320457,0.7169965075669382
two-sided,0.96,2.68,0.35188410386320457,0.7166472642607684
two-sided,0.96,2.7,0.352042431918936,0.7165308498253784
two-sided,0.96,2.72,0.35212159594680176,0.7164144353899884
two-sided,0.96,2.74,0.3522799240025333,0.7162980209545984
two-sided,0.96,2.76,0.352359088030399,0.7162980209545984
two-sided,0.96,2.78,0.35243825205826473,0.7159487776484283
two-sided,0.96,2.8,0.3529924002533249,0.7158323632130383
two-sided,0.96,2.82,0.35346738442051934,0.7158323632130383
two-sided,0.96,2.84,0.35346738442051934,0.7155995343422584
two-sided,0.96,2.86,0.3536257124762508,0.7153667054714785
two-sided,0.96,2.88,0.353863204559848,0.7151338766006985
two-sided,0.96,2.9,0.3539423685877137,0.7149010477299185
two-sided,0.96,2.92,0.3540215326155795,0.7147846332945285
two-sided,0.96,2.94,0.35410069664344523,0.7147846332945285
two-sided,0.96,2.96,0.35417986067131096,0.7146682188591386
two-sided,0.96,2.98,0.35417986067131096,0.7146682188591386
two-sided,0.96,3.0,0.35417986067131096,0.7145518044237485
two-sided,0.96,3.02,0.35417986067131096,0.7144353899883585
two-sided,0.96,3.04,0.3542590246991767,0.7143189755529686
two-sided,0.96,3.06,0.3543381887270424,0.7140861466821886
two-sided,0.96,3.08,0.3543381887270424,0.7138533178114086
two-sided,0.96,3.1,0.35441735275490815,0.7137369033760186
two-sided,0.96,3.12,0.35441735275490815,0.7136204889406286
two-sided,0.96,3.14,0.35441735275490815,0.7136204889406286
two-sided,0.96,3.16,0.3544965167827739,0.7135040745052387
two-sided,0.96,3.18,0.3544965167827739,0.7135040745052387
two-sided,0.96,3.2,0.3544965167827739,0.7135040745052387
two-sided,0.96,3.22,0.3544965167827739,0.7135040745052387
two-sided,0.96,3.24,0.3544965167827739,0.7133876600698487
two-sided,0.96,3.26,0.35457568081063967,0.7133876600698487
two-sided,0.96,3.28,0.35457568081063967,0.7133876600698487
two-sided,0.96,3.3,0.35457568081063967,0.7133876600698487
two-sided,0.96,3.32,0.3546548448385054,0.7131548311990688
two-sided,0.96,3.34,0.35473400886637113,0.7131548311990688
two-sided,0.96,3.36,0.35473400886637113,0.7130384167636787
two-sided,0.96,3.38,0.35473400886637113,0.7130384167636787
two-sided,0.96,3.4,0.35473400886637113,0.7130384167636787
two-sided,0.96,3.42,0.35473400886637113,0.7130384167636787
two-sided,0.96,3.44,0.35473400886637113,0.7130384167636787
two-sided,0.96,3.46,0.35481317289423686,0.7130384167636787
two-sided,0.96,3.48,0.35481317289423686,0.7130384167636787
two-sided,0.96,3.5,0.3548923369221026,0.7130384167636787
two-sided,0.96,3.52,0.3548923369221026,0.7130384167636787
two-sided,0.96,3.54,0.3549715009499683,0.7130384167636787
two-sided,0.96,3.56,0.3549715009499683,0.7130384167636787
two-sided,0.96,3.58,0.3549715009499683,0.7130384167636787
two-sided,0.97,1.0,0.16798606713109562,0.9619324796274739
two-sided,0.97,1.02,0.2068556048131729,0.9542491268917346
two-sided,0.97,1.04,0.22094680177327422,0.949359720605355
two-sided,0.97,1.06,0.22625079164027867,0.9465657741559953
two-sided,0.97,1.08,0.22973400886637113,0.9423748544819558
two-sided,0.97,1.1,0.23131728942368587,0.9367869615832363
two-sided,0.97,1.12,0.23234642178594048,0.930151338766007
two-sided,0.97,1.14,0.23297973400886637,0.919906868451688
two-sided,0.97,1.16,0.2334547181760608,0.9107101280558789
two-sided,0.97,1.18,0.23424635845471817,0.8944121071012806
two-sided,0.97,1.2,0.23456301456618112,0.8788125727590221
two-sided,0.97,1.22,0.23480050664977833,0.8619324796274738
two-sided,0.97,1.24,0.2348796706776441,0.8438882421420256
two-sided,0.97,1.26,0.23519632678910704,0.8267753201396973
two-sided,0.97,1.28,0.2353546548448385,0.810244470314319
two-sided,0.97,1.3,0.2353546548448385,0.7968568102444703
two-sided,0.97,1.32,0.2353546548448385,0.7854481955762515
two-sided,0.97,1.34,0.23543381887270423,0.7757857974388824
two-sided,0.97,1.36,0.23543381887270423,0.7684516880093132
two-sided,0.97,1.38,0.23543381887270423,0.7635622817229336
two-sided,0.97,1.4,0.23543381887270423,0.7608847497089639
two-sided,0.97,1.42,0.23559214692843572,0.759371362048894
two-sided,0.97,1.44,0.23559214692843572,0.7582072176949942
two-sided,0.97,1.46,0.23559214692843572,0.7576251455180443
two-sided,0.97,1.48,0.23559214692843572,0.7568102444703143
two-sided,0.97,1.5,0.23559214692843572,0.7565774155995344
two-sided,0.97,1.52,0.23559214692843572,0.7564610011641444
two-sided,0.97,1.54,0.23559214692843572,0.7558789289871944
two-sided,0.97,1.56,0.2357504749841672,0.7552968568102445
two-sided,0.97,1.58,0.2359879670677644,0.7551804423748545
two-sided,0.97,1.6,0.23630462317922735,0.7542491268917346
two-sided,0.97,1.62,0.23670044331855605,0.7532013969732247
two-sided,0.97,1.64,0.23693793540215327,0.7522700814901048
two-sided,0.97,1.66,0.2378087397086764,0.7515715948777648
two-sided,0.97,1.68,0.23812539582013934,0.7511059371362049
two-sided,0.97,1.7,0.23875870804306523,0.750640279394645
two-sided,0.97,1.72,0.23955034832172262,0.7498253783469151
two-sided,0.97,1.74,0.23970867637745408,0.7495925494761351
two-sided,0.97,1.76,0.24010449651678278,0.749010477299185
two-sided,0.97,1.78,0.24065864471184295,0.7487776484284051
two-sided,0.97,1.8,0.24129195693476885,0.7480791618160652
two-sided,0.97,1.82,0.24200443318556047,0.7474970896391153
two-sided,0.97,1.84,0.2424794173527549,0.7469150174621653
two-sided,0.97,1.86,0.24406269791006965,0.7465657741559953
two-sided,0.97,1.88,0.24493350221659277,0.7461001164144354
two-sided,0.97,1.9,0.2462001266624446,0.7457508731082654
two-sided,0.97,1.92,0.24802089930335655,0.7452852153667054
two-sided,0.97,1.94,0.24976250791640278,0.7443538998835856
two-sided,0.97,1.96,0.2516624445851805,0.7440046565774157
two-sided,0.97,1.98,0.2526124129195694,0.7431897555296857
two-sided,0.97,2.0,0.2536415452818239,0.7431897555296857
two-sided,0.97,2.02,0.2542748575047498,0.7428405122235158
two-sided,0.97,2.04,0.25641228625712476,0.7426076833527357
two-sided,0.97,2.06,0.2575997466751108,0.7416763678696159
two-sided,0.97,2.08,0.2587872070930969,0.7414435389988359
two-sided,0.97,2.1,0.2598163394553515,0.7410942956926658
two-sided,0.97,2.12,0.2608454718176061,0.7407450523864959
two-sided,0.97,2.14,0.2625870804306523,0.740395809080326
two-sided,0.97,2.16,0.2638537048765041,0.7393480791618161
two-sided,0.97,2.18,0.2651203293223559,0.7392316647264261
two-sided,0.97,2.2,0.2660702976567448,0.7389988358556461
two-sided,0.97,2.22,0.26686193793540214,0.7384167636786961
two-sided,0.97,2.24,0.26797023432552247,0.7383003492433062
two-sided,0.97,2.26,0.2683660544648512,0.7381839348079162
two-sided,0.97,2.28,0.26915769474350854,0.7379511059371362
two-sided,0.97,2.3,0.27018682710576314,0.7379511059371362
two-sided,0.97,2.32,0.2707409753008233,0.7379511059371362
two-sided,0.97,2.34,0.27161177960734645,0.7376018626309662
two-sided,0.97,2.36,0.27208676377454083,0.7372526193247964
two-sided,0.97,2.38,0.2727992400253325,0.7371362048894063
two-sided,0.97,2.4,0.2732742241925269,0.7370197904540163
two-sided,0.97,2.42,0.27374920835972133,0.7367869615832363
two-sided,0.97,2.44,0.27382837238758706,0.7363213038416764
two-sided,0.97,2.46,0.2740658644711843,0.7363213038416764
two-sided,0.97,2.48,0.27446168461051296,0.7363213038416764
two-sided,0.97,2.5,0.27485750474984166,0.7363213038416764
two-sided,0.97,2.52,0.2750158328055731,0.7363213038416764
two-sided,0.97,2.54,0.27525332488917037,0.7359720605355065
two-sided,0.97,2.56,0.2753324889170361,0.7358556461001164
two-sided,0.97,2.58,0.27541165294490183,0.7358556461001164
two-sided,0.97,2.6,0.2755699810006333,0.7355064027939464
two-sided,0.97,2.62,0.2756491450284991,0.7353899883585564
two-sided,0.97,2.64,0.2757283090563648,0.7353899883585564
two-sided,0.97,2.66,0.27588663711209627,0.7352735739231664
two-sided,0.97,2.68,0.27588663711209627,0.7349243306169966
two-sided,0.97,2.7,0.2760449651678277,0.7348079161816066
two-sided,0.97,2.72,0.27612412919569346,0.7346915017462166
two-sided,0.97,2.74,0.276282457251425,0.7345750873108265
two-sided,0.97,2.76,0.2763616212792907,0.7345750873108265
two-sided,0.97,2.78,0.27644078530715643,0.7342258440046565
two-sided,0.97,2.8,0.2769949335022166,0.7341094295692666
two-sided,0.97,2.82,0.27746991766941104,0.7341094295692666
two-sided,0.97,2.84,0.27746991766941104,0.7338766006984866
two-sided,0.97,2.86,0.2776282457251425,0.7336437718277067
two-sided,0.97,2.88,0.2778657378087397,0.7334109429569267
two-sided,0.97,2.9,0.2779449018366055,0.7331781140861466
two-sided,0.97,2.92,0.2780240658644712,0.7330616996507566
two-sided,0.97,2.94,0.27810322989233693,0.7330616996507566
two-sided,0.97,2.96,0.27818239392020266,0.7329452852153667
two-sided,0.97,2.98,0.27818239392020266,0.7329452852153667
two-sided,0.97,3.0,0.27818239392020266,0.7328288707799767
two-sided,0.97,3.02,0.27818239392020266,0.7327124563445867
two-sided,0.97,3.04,0.2782615579480684,0.7325960419091968
two-sided,0.97,3.06,0.2783407219759341,0.7323632130384168
two-sided,0.97,3.08,0.2783407219759341,0.7321303841676368
two-sided,0.97,3.1,0.27841988600379985,0.7320139697322467
two-sided,0.97,3.12,0.27841988600379985,0.7318975552968567
two-sided,0.97,3.14,0.27841988600379985,0.7318975552968567
two-sided,0.97,3.16,0.2784990500316656,0.7317811408614668
two-sided,0.97,3.18,0.2784990500316656,0.7317811408614668
two-sided,0.97,3.2,0.2784990500316656,0.7317811408614668
two-sided,0.97,3.22,0.2784990500316656,0.7317811408614668
two-sided,0.97,3.24,0.2784990500316656,0.7316647264260768
two-sided,0.97,3.26,0.27857821405953137,0.7316647264260768
two-sided,0.97,3.28,0.27857821405953137,0.7316647264260768
two-sided,0.97,3.3,0.27857821405953137,0.7316647264260768
two-sided,0.97,3.32,0.2786573780873971,0.7314318975552969
two-sided,0.97,3.34,0.27873654211526283,0.7314318975552969
two-sided,0.97,3.36,0.27873654211526283,0.7313154831199069
two-sided,0.97,3.38,0.27873654211526283,0.7313154831199069
two-sided,0.97,3.4,0.27873654211526283,0.7313154831199069
two-sided,0.97,3.42,0.27873654211526283,0.7313154831199069
two-sided,0.97,3.44,0.27873654211526283,0.7313154831199069
two-sided,0.97,3.46,0.27881570614312856,0.7313154831199069
two-sided,0.97,3.48,0.27881570614312856,0.7313154831199069
two-sided,0.97,3.5,0.2788948701709943,0.7313154831199069
two-sided,0.97,3.52,0.2788948701709943,0.7313154831199069
two-sided,0.97,3.54,0.27897403419886,0.7313154831199069
two-sided,0.97,3.56,0.27897403419886,0.7313154831199069
two-sided,0.97,3.58,0.27897403419886,0.7313154831199069
two-sided,0.98,1.0,0.09927169094363521,0.9779976717112921
two-sided,0.98,1.02,0.1381412286257125,0.970314318975553
two-sided,0.98,1.04,0.15223242558581382,0.9654249126891734
two-sided,0.98,1.06,0.15753641545281824,0.9626309662398137
two-sided,0.98,1.08,0.1610196326789107,0.9584400465657742
two-sided,0.98,1.1,0.16260291323622547,0.9528521536670547
two-sided,0.98,1.12,0.16363204559848005,0.9462165308498254
two-sided,0.98,1.14,0.16426535782140594,0.9359720605355064
two-sided,0.98,1.16,0.16474034198860038,0.9267753201396973
two-sided,0.98,1.18,0.16553198226725777,0.9104772991850989
two-sided,0.98,1.2,0.16584863837872071,0.8948777648428405
two-sided,0.98,1.22,0.16608613046231793,0.8779976717112922
two-sided,0.98,1.24,0.16616529449018366,0.859953434225844
two-sided,0.98,1.26,0.1664819506016466,0.8428405122235157
two-sided,0.98,1.28,0.1666402786573781,0.8263096623981374
two-sided,0.98,1.3,0.1666402786573781,0.8129220023282887
two-sided,0.98,1.32,0.1666402786573781,0.8015133876600699
two-sided,0.98,1.34,0.16671944268524383,0.7918509895227008
two-sided,0.98,1.36,0.16671944268524383,0.7845168800931316
two-sided,0.98,1.38,0.16671944268524383,0.779627473806752
two-sided,0.98,1.4,0.16671944268524383,0.7769499417927823
two-sided,0.98,1.42,0.1668777707409753,0.7754365541327124
two-sided,0.98,1.44,0.1668777707409753,0.7742724097788125
two-sided,0.98,1.46,0.1668777707409753,0.7736903376018627
two-sided,0.98,1.48,0.1668777707409753,0.7728754365541327
two-sided,0.98,1.5,0.1668777707409753,0.7726426076833528
two-sided,0.98,1.52,0.1668777707409753,0.7725261932479628
two-sided,0.98,1.54,0.1668777707409753,0.7719441210710128
two-sided,0.98,1.56,0.16703609879670678,0.7713620488940629
two-sided,0.98,1.58,0.167273590880304,0.7712456344586729
two-sided,0.98,1.6,0.16759024699176694,0.770314318975553
two-sided,0.98,1.62,0.16798606713109562,0.769266589057043
two-sided,0.98,1.64,0.16822355921469284,0.7683352735739232
two-sided,0.98,1.66,0.16909436352121596,0.7676367869615832
two-sided,0.98,1.68,0.1694110196326789,0.7671711292200233
two-sided,0.98,1.7,0.1700443318556048,0.7667054714784634
two-sided,0.98,1.72,0.1708359721342622,0.7658905704307334
two-sided,0.98,1.74,0.17099430018999368,0.7656577415599535
two-sided,0.98,1.76,0.17139012032932235,0.7650756693830035
two-sided,0.98,1.78,0.17194426852438252,0.7648428405122235
two-sided,0.98,1.8,0.17257758074730842,0.7641443538998836
two-sided,0.98,1.82,0.17329005699810007,0.7635622817229336
two-sided,0.98,1.84,0.17376504116529448,0.7629802095459837
two-sided,0.98,1.86,0.17534832172260925,0.7626309662398137
two-sided,0.98,1.88,0.17621912602913237,0.7621653084982538
two-sided,0.98,1.9,0.17748575047498416,0.7618160651920838
two-sided,0.98,1.92,0.17930652311589615,0.7613504074505238
two-sided,0.98,1.94,0.18104813172894238,0.760419091967404
two-sided,0.98,1.96,0.18294806839772007,0.7600698486612341
two-sided,0.98,1.98,0.18389803673210892,0.7592549476135041
two-sided,0.98,2.0,0.18492716909436352,0.7592549476135041
two-sided,0.98,2.02,0.18556048131728942,0.7589057043073342
two-sided,0.98,2.04,0.18769791006966435,0.7586728754365542
two-sided,0.98,2.06,0.18888537048765042,0.7577415599534343
two-sided,0.98,2.08,0.19007283090563648,0.7575087310826543
two-sided,0.98,2.1,0.19110196326789108,0.7571594877764842
two-sided,0.98,2.12,0.19213109563014566,0.7568102444703143
two-sided,0.98,2.14,0.1938727042431919,0.7564610011641444
two-sided,0.98,2.16,0.1951393286890437,0.7554132712456345
two-sided,0.98,2.18,0.1964059531348955,0.7552968568102445
two-sided,0.98,2.2,0.19735592146928435,0.7550640279394645
two-sided,0.98,2.22,0.19814756174794174,0.7544819557625145
two-sided,0.98,2.24,0.19925585813806207,0.7543655413271245
two-sided,0.98,2.26,0.19965167827739075,0.7542491268917346
two-sided,0.98,2.28,0.20044331855604813,0.7540162980209546
two-sided,0.98,2.3,0.20147245091830274,0.7540162980209546
two-sided,0.98,2.32,0.20202659911336288,0.7540162980209546
two-sided,0.98,2.34,0.202897403419886,0.7536670547147846
two-sided,0.98,2.36,0.20337238758708043,0.7533178114086146
two-sided,0.98,2.38,0.20408486383787208,0.7532013969732247
two-sided,0.98,2.4,0.2045598480050665,0.7530849825378347
two-sided,0.98,2.42,0.20503483217226093,0.7528521536670547
two-sided,0.98,2.44,0.20511399620012666,0.7523864959254948
two-sided,0.98,2.46,0.20535148828372388,0.7523864959254948
two-sided,0.98,2.48,0.20574730842305256,0.7523864959254948
two-sided,0.98,2.5,0.20614312856238126,0.7523864959254948
two-sided,0.98,2.52,0.20630145661811272,0.7523864959254948
two-sided,0.98,2.54,0.20653894870170994,0.7520372526193249
two-sided,0.98,2.56,0.20661811272957567,0.7519208381839348
two-sided,0.98,2.58,0.20669727675744143,0.7519208381839348
two-sided,0.98,2.6,0.2068556048131729,0.7515715948777648
two-sided,0.98,2.62,0.20693476884103862,0.7514551804423748
two-sided,0.98,2.64,0.20701393286890438,0.7514551804423748
two-sided,0.98,2.66,0.20717226092463584,0.7513387660069849
two-sided,0.98,2.68,0.20717226092463584,0.7509895227008149
two-sided,0.98,2.7,0.20733058898036733,0.750873108265425
two-sided,0.98,2.72,0.20740975300823306,0.750756693830035
two-sided,0.98,2.74,0.20756808106396454,0.750640279394645
two-sided,0.98,2.76,0.20764724509183027,0.750640279394645
two-sided,0.98,2.78,0.207726409119696,0.7502910360884749
two-sided,0.98,2.8,0.20828055731475617,0.750174621653085
two-sided,0.98,2.82,0.2087555414819506,0.750174621653085
two-sided,0.98,2.84,0.2087555414819506,0.749941792782305
two-sided,0.98,2.86,0.20891386953768207,0.7497089639115251
two-sided,0.98,2.88,0.20915136162127929,0.7494761350407451
two-sided,0.98,2.9,0.20923052564914502,0.749243306169965
two-sided,0.98,2.92,0.20930968967701077,0.749126891734575
two-sided,0.98,2.94,0.2093888537048765,0.749126891734575
two-sided,0.98,2.96,0.20946801773274223,0.749010477299185
two-sided,0.98,2.98,0.20946801773274223,0.749010477299185
two-sided,0.98,3.0,0.20946801773274223,0.7488940628637951
two-sided,0.98,3.02,0.20946801773274223,0.7487776484284051
two-sided,0.98,3.04,0.209547181760608,0.7486612339930152
two-sided,0.98,3.06,0.20962634578847372,0.7484284051222352
two-sided,0.98,3.08,0.20962634578847372,0.7481955762514552
two-sided,0.98,3.1,0.20970550981633945,0.7480791618160652
two-sided,0.98,3.12,0.20970550981633945,0.7479627473806751
two-sided,0.98,3.14,0.20970550981633945,0.7479627473806751
two-sided,0.98,3.16,0.20978467384420518,0.7478463329452852
two-sided,0.98,3.18,0.20978467384420518,0.7478463329452852
two-sided,0.98,3.2,0.20978467384420518,0.7478463329452852
two-sided,0.98,3.22,0.20978467384420518,0.7478463329452852
two-sided,0.98,3.24,0.20978467384420518,0.7477299185098952
two-sided,0.98,3.26,0.20986383787207094,0.7477299185098952
two-sided,0.98,3.28,0.20986383787207094,0.7477299185098952
two-sided,0.98,3.3,0.20986383787207094,0.7477299185098952
two-sided,0.98,3.32,0.20994300189993667,0.7474970896391153
two-sided,0.98,3.34,0.2100221659278024,0.7474970896391153
two-sided,0.98,3.36,0.2100221659278024,0.7473806752037253
two-sided,0.98,3.38,0.2100221659278024,0.7473806752037253
two-sided,0.98,3.4,0.2100221659278024,0.7473806752037253
two-sided,0.98,3.42,0.2100221659278024,0.7473806752037253
two-sided,0.98,3.44,0.2100221659278024,0.7473806752037253
two-sided,0.98,3.46,0.21010132995566813,0.7473806752037253
two-sided,0.98,3.48,0.21010132995566813,0.7473806752037253
two-sided,0.98,3.5,0.2101804939835339,0.7473806752037253
two-sided,0.98,3.52,0.2101804939835339,0.7473806752037253
two-sided,0.98,3.54,0.21025965801139962,0.7473806752037253
two-sided,0.98,3.56,0.21025965801139962,0.7473806752037253
two-sided,0.98,3.58,0.21025965801139962,0.7473806752037253
two-sided,0.99,1.0,0.0435402153261558,0.9912689173457508
two-sided,0.99,1.02,0.08240975300823306,0.9835855646100117
two-sided,0.99,1.04,0.09650094996833439,0.9786961583236321
two-sided,0.99,1.06,0.10180493983533882,0.9759022118742724
two-sided,0.99,1.08,0.10528815706143128,0.9717112922002328
two-sided,0.99,1.1,0.10687143761874604,0.9661233993015134
two-sided,0.99,1.12,0.10790056998100063,0.9594877764842841
two-sided,0.99,1.14,0.10853388220392654,0.9492433061699651
two-sided,0.99,1.16,0.10900886637112096,0.940046565774156
two-sided,0.99,1.18,0.10980050664977833,0.9237485448195576
two-sided,0.99,1.2,0.1101171627612413,0.9081490104772991
two-sided,0.99,1.22,0.1103546548448385,0.8912689173457509
two-sided,0.99,1.24,0.11043381887270425,0.8732246798603027
two-sided,0.99,1.26,0.1107504749841672,0.8561117578579744
two-sided,0.99,1.28,0.11090880303989867,0.839580908032596
two-sided,0.99,1.3,0.11090880303989867,0.8261932479627474
two-sided,0.99,1.32,0.11090880303989867,0.8147846332945285
two-sided,0.99,1.34,0.11098796706776441,0.8051222351571595
two-sided,0.99,1.36,0.11098796706776441,0.7977881257275903
two-sided,0.99,1.38,0.11098796706776441,0.7928987194412107
two-sided,0.99,1.4,0.11098796706776441,0.790221187427241
two-sided,0.99,1.42,0.11114629512349589,0.7887077997671711
two-sided,0.99,1.44,0.11114629512349589,0.7875436554132712
two-sided,0.99,1.46,0.11114629512349589,0.7869615832363213
two-sided,0.99,1.48,0.11114629512349589,0.7861466821885914
two-sided,0.99,1.5,0.11114629512349589,0.7859138533178114
two-sided,0.99,1.52,0.11114629512349589,0.7857974388824214
two-sided,0.99,1.54,0.11114629512349589,0.7852153667054715
two-sided,0.99,1.56,0.11130462317922736,0.7846332945285215
two-sided,0.99,1.58,0.11154211526282458,0.7845168800931316
two-sided,0.99,1.6,0.11185877137428753,0.7835855646100116
two-sided,0.99,1.62,0.1122545915136162,0.7825378346915017
two-sided,0.99,1.64,0.11249208359721342,0.7816065192083819
two-sided,0.99,1.66,0.11336288790373654,0.7809080325960419
two-sided,0.99,1.68,0.11367954401519949,0.780442374854482
two-sided,0.99,1.7,0.1143128562381254,0.7799767171129219
two-sided,0.99,1.72,0.11510449651678277,0.7791618160651921
two-sided,0.99,1.74,0.11526282457251424,0.7789289871944121
two-sided,0.99,1.76,0.11565864471184294,0.7783469150174622
two-sided,0.99,1.78,0.1162127929069031,0.7781140861466822
two-sided,0.99,1.8,0.116846105129829,0.7774155995343422
two-sided,0.99,1.82,0.11755858138062064,0.7768335273573923
two-sided,0.99,1.84,0.11803356554781508,0.7762514551804424
two-sided,0.99,1.86,0.11961684610512983,0.7759022118742724
two-sided,0.99,1.88,0.12048765041165295,0.7754365541327124
two-sided,0.99,1.9,0.12175427485750474,0.7750873108265425
two-sided,0.99,1.92,0.12357504749841672,0.7746216530849825
two-sided,0.99,1.94,0.12531665611146295,0.7736903376018627
two-sided,0.99,1.96,0.12721659278024067,0.7733410942956926
two-sided,0.99,1.98,0.1281665611146295,0.7725261932479628
two-sided,0.99,2.0,0.12919569347688412,0.7725261932479628
two-sided,0.99,2.02,0.12982900569981,0.7721769499417928
two-sided,0.99,2.04,0.13196643445218492,0.7719441210710128
two-sided,0.99,2.06,0.13315389487017099,0.7710128055878929
two-sided,0.99,2.08,0.13434135528815705,0.770779976717113
two-sided,0.99,2.1,0.13537048765041165,0.7704307334109429
two-sided,0.99,2.12,0.13639962001266626,0.770081490104773
two-sided,0.99,2.14,0.1381412286257125,0.769732246798603
two-sided,0.99,2.16,0.13940785307156428,0.7686845168800931
two-sided,0.99,2.18,0.14067447751741607,0.7685681024447031
two-sided,0.99,2.2,0.14162444585180495,0.7683352735739232
two-sided,0.99,2.22,0.1424160861304623,0.7677532013969732
two-sided,0.99,2.24,0.14352438252058264,0.7676367869615832
two-sided,0.99,2.26,0.14392020265991134,0.7675203725261932
two-sided,0.99,2.28,0.1447118429385687,0.7672875436554133
two-sided,0.99,2.3,0.1457409753008233,0.7672875436554133
two-sided,0.99,2.32,0.14629512349588347,0.7672875436554133
two-sided,0.99,2.34,0.1471659278024066,0.7669383003492434
two-sided,0.99,2.36,0.14764091196960102,0.7665890570430733
two-sided,0.99,2.38,0.14835338822039265,0.7664726426076833
two-sided,0.99,2.4,0.1488283723875871,0.7663562281722933
two-sided,0.99,2.42,0.1493033565547815,0.7661233993015134
two-sided,0.99,2.44,0.14938252058264725,0.7656577415599535
two-sided,0.99,2.46,0.14962001266624445,0.7656577415599535
two-sided,0.99,2.48,0.15001583280557315,0.7656577415599535
two-sided,0.99,2.5,0.15041165294490183,0.7656577415599535
two-sided,0.99,2.52,0.15056998100063332,0.7656577415599535
two-sided,0.99,2.54,0.15080747308423054,0.7653084982537834
two-sided,0.99,2.56,0.15088663711209627,0.7651920838183934
two-sided,0.99,2.58,0.150965801139962,0.7651920838183934
two-sided,0.99,2.6,0.15112412919569349,0.7648428405122235
two-sided,0.99,2.62,0.15120329322355922,0.7647264260768335
two-sided,0.99,2.64,0.15128245725142495,0.7647264260768335
two-sided,0.99,2.66,0.15144078530715643,0.7646100116414436
two-sided,0.99,2.68,0.15144078530715643,0.7642607683352736
two-sided,0.99,2.7,0.1515991133628879,0.7641443538998836
two-sided,0.99,2.72,0.15167827739075365,0.7640279394644935
two-sided,0.99,2.74,0.1518366054464851,0.7639115250291036
two-sided,0.99,2.76,0.15191576947435084,0.7639115250291036
two-sided,0.99,2.78,0.1519949335022166,0.7635622817229336
two-sided,0.99,2.8,0.15254908169727677,0.7634458672875437
two-sided,0.99,2.82,0.15302406586447118,0.7634458672875437
two-sided,0.99,2.84,0.15302406586447118,0.7632130384167637
two-sided,0.99,2.86,0.15318239392020266,0.7629802095459837
two-sided,0.99,2.88,0.15341988600379988,0.7627473806752038
two-sided,0.99,2.9,0.1534990500316656,0.7625145518044237
two-sided,0.99,2.92,0.15357821405953134,0.7623981373690337
two-sided,0.99,2.94,0.15365737808739707,0.7623981373690337
two-sided,0.99,2.96,0.15373654211526283,0.7622817229336438
two-sided,0.99,2.98,0.15373654211526283,0.7622817229336438
two-sided,0.99,3.0,0.15373654211526283,0.7621653084982538
two-sided,0.99,3.02,0.15373654211526283,0.7620488940628638
two-sided,0.99,3.04,0.15381570614312856,0.7619324796274738
two-sided,0.99,3.06,0.1538948701709943,0.7616996507566938
two-sided,0.99,3.08,0.1538948701709943,0.7614668218859139
two-sided,0.99,3.1,0.15397403419886005,0.7613504074505238
two-sided,0.99,3.12,0.15397403419886005,0.7612339930151338
two-sided,0.99,3.14,0.15397403419886005,0.7612339930151338
two-sided,0.99,3.16,0.15405319822672578,0.7611175785797439
two-sided,0.99,3.18,0.15405319822672578,0.7611175785797439
two-sided,0.99,3.2,0.15405319822672578,0.7611175785797439
two-sided,0.99,3.22,0.15405319822672578,0.7611175785797439
two-sided,0.99,3.24,0.15405319822672578,0.7610011641443539
two-sided,0.99,3.26,0.1541323622545915,0.7610011641443539
two-sided,0.99,3.28,0.1541323622545915,0.7610011641443539
two-sided,0.99,3.3,0.1541323622545915,0.7610011641443539
two-sided,0.99,3.32,0.15421152628245724,0.7607683352735739
two-sided,0.99,3.34,0.154290690310323,0.7607683352735739
two-sided,0.99,3.36,0.154290690310323,0.7606519208381839
two-sided,0.99,3.38,0.154290690310323,0.7606519208381839
two-sided,0.99,3.4,0.154290690310323,0.7606519208381839
two-sided,0.99,3.42,0.154290690310323,0.7606519208381839
two-sided,0.99,3.44,0.154290690310323,0.7606519208381839
two-sided,0.99,3.46,0.15436985433818873,0.7606519208381839
two-sided,0.99,3.48,0.15436985433818873,0.7606519208381839
two-sided,0.99,3.5,0.15444901836605446,0.7606519208381839
two-sided,0.99,3.52,0.15444901836605446,0.7606519208381839
two-sided,0.99,3.54,0.15452818239392022,0.7606519208381839
two-sided,0.99,3.56,0.15452818239392022,0.7606519208381839
two-sided,0.99,3.58,0.15452818239392022,0.7606519208381839
