x,y,n
-129.7245,-13.8332,116
-129.7245,-9.1029,63
-129.7245,-5.5552,116
-129.7245,-0.825,116
-129.7245,3.9053,87
-129.7245,7.453,116
-129.7245,11.0007,116
-129.7245,15.7309,115
-128.542,-18.5634,116
-128.542,-9.1029,53
-128.542,15.7309,1
-128.542,19.2786,116
-127.3594,-22.1111,174
-127.3594,-3.1901,25
-127.3594,-2.0075,33
-127.3594,2.7227,116
-127.3594,22.8263,116
-127.3594,27.5566,116
-126.1768,-26.8414,174
-126.1768,-15.0157,116
-126.1768,-11.4681,116
-126.1768,-6.7378,58
-126.1768,-3.1901,116
-126.1768,6.2704,174
-126.1768,8.6355,116
-126.1768,13.3658,87
-126.1768,31.1043,116
-124.9943,-35.1193,87
-124.9943,-31.5717,174
-124.9943,-13.8332,2
-124.9943,-7.9204,112
-124.9943,-6.7378,4
-124.9943,-5.5552,53
-124.9943,0.3576,174
-124.9943,11.0007,87
-124.9943,15.7309,116
-124.9943,19.2786,116
-124.9943,21.6438,87
-124.9943,25.1915,116
-124.9943,35.8345,116
-123.8117,-39.8496,87
-123.8117,-23.2937,174
-123.8117,-19.746,174
-123.8117,-16.1983,116
-123.8117,-13.8332,56
-123.8117,-12.6506,116
-123.8117,-6.7378,62
-123.8117,-5.5552,59
-123.8117,2.7227,116
-123.8117,28.7392,116
-123.8117,39.3822,116
-122.6291,-28.024,174
-122.6291,-10.2855,58
-122.6291,-9.1029,58
-122.6291,-3.1901,117
-122.6291,2.7227,58
-122.6291,6.2704,174
-122.6291,8.6355,58
-122.6291,9.8181,58
-122.6291,13.3658,58
-122.6291,14.5484,58
-122.6291,16.9135,87
-122.6291,20.4612,43
-122.6291,26.374,16
-122.6291,32.2868,116
-122.6291,42.9299,116
-121.4466,-44.5799,87
-121.4466,-37.4845,116
-121.4466,-32.7542,174
-121.4466,-18.5634,116
-121.4466,-15.0157,116
-121.4466,-12.6506,56
-121.4466,-9.1029,58
-121.4466,-6.7378,1
-121.4466,-3.1901,57
-121.4466,0.3576,101
-121.4466,12.1832,116
-121.4466,18.0961,87
-121.4466,20.4612,73
-121.4466,24.0089,116
-121.4466,26.374,42
-121.4466,34.652,116
-121.4466,47.6602,116
-120.264,-48.1276,116
-120.264,-41.0322,116
-120.264,-29.2065,174
-120.264,-25.6588,174
-120.264,-22.1111,174
-120.264,-12.6506,2
-120.264,-11.4681,116
-120.264,-6.7378,57
-120.264,-5.5552,116
-120.264,0.3576,160
-120.264,3.9053,174
-120.264,8.6355,116
-120.264,13.3658,61
-120.264,14.5484,55
-120.264,20.4612,58
-120.264,22.8263,58
-120.264,26.374,116
-120.264,29.9217,116
-120.264,38.1997,116
-119.0815,-44.5799,112
-119.0815,-38.667,87
-119.0815,-36.3019,116
-119.0815,-17.3809,116
-119.0815,-13.8332,116
-119.0815,-9.1029,116
-119.0815,-3.1901,174
-119.0815,6.2704,116
-119.0815,9.8181,116
-119.0815,15.7309,116
-119.0815,19.2786,1
-119.0815,25.1915,87
-119.0815,32.2868,116
-119.0815,40.5648,116
-119.0815,45.2951,116
-119.0815,53.573,116
-117.8989,-52.8578,116
-117.8989,-50.4927,87
-117.8989,-44.5799,4
-117.8989,-32.7542,174
-117.8989,-23.2937,54
-117.8989,-22.1111,120
-117.8989,-19.746,116
-117.8989,-9.1029,115
-117.8989,-7.9204,116
-117.8989,-2.0075,58
-117.8989,-0.825,50
-117.8989,1.5402,58
-117.8989,2.7227,61
-117.8989,12.1832,87
-117.8989,14.5484,87
-117.8989,19.2786,115
-117.8989,21.6438,58
-117.8989,22.8263,116
-117.8989,27.5566,58
-117.8989,29.9217,58
-117.8989,35.8345,116
-117.8989,48.8428,116
-116.7163,-56.4055,87
-116.7163,-46.945,174
-116.7163,-41.0322,174
-116.7163,-37.4845,116
-116.7163,-30.3891,173
-116.7163,-29.2065,1
-116.7163,-26.8414,175
-116.7163,-25.6588,86
-116.7163,-17.3809,116
-116.7163,-15.0157,116
-116.7163,-12.6506,113
-116.7163,-9.1029,1
-116.7163,-5.5552,138
-116.7163,-0.825,66
-116.7163,2.7227,55
-116.7163,5.0879,87
-116.7163,8.6355,174
-116.7163,11.0007,87
-116.7163,16.9135,174
-116.7163,24.0089,57
-116.7163,25.1915,1
-116.7163,27.5566,116
-116.7163,31.1043,116
-116.7163,33.4694,87
-116.7163,38.1997,116
-116.7163,40.5648,116
-116.7163,42.9299,116
-116.7163,46.4776,115
-115.5338,-35.1193,174
-115.5338,-23.2937,116
-115.5338,-20.9286,118
-115.5338,-12.6506,148
-115.5338,-7.9204,116
-115.5338,-5.5552,123
-115.5338,-2.0075,116
-115.5338,0.3576,1
-115.5338,1.5402,58
-115.5338,3.9053,58
-115.5338,6.2704,87
-115.5338,13.3658,87
-115.5338,15.7309,87
-115.5338,19.2786,174
-115.5338,20.4612,87
-115.5338,22.8263,87
-115.5338,25.1915,116
-115.5338,35.8345,116
-115.5338,44.1125,29
-115.5338,46.4776,1
-115.5338,51.2079,116
-115.5338,55.9381,116
-115.5338,59.4858,116
-114.3512,-59.9532,116
-114.3512,-54.0404,174
-114.3512,-50.4927,87
-114.3512,-43.3973,174
-114.3512,-31.5717,174
-114.3512,-29.2065,174
-114.3512,-20.9286,6
-114.3512,-19.746,137
-114.3512,-17.3809,116
-114.3512,-15.0157,116
-114.3512,-10.2855,58
-114.3512,-3.1901,145
-114.3512,0.3576,115
-114.3512,3.9053,116
-114.3512,7.453,87
-114.3512,9.8181,87
-114.3512,11.0007,87
-114.3512,28.7392,87
-114.3512,31.1043,116
-114.3512,33.4694,87
-114.3512,38.1997,116
-114.3512,44.1125,82
-114.3512,47.6602,116
-113.1686,-64.6835,85
-113.1686,-63.5009,2
-113.1686,-50.4927,174
-113.1686,-46.945,174
-113.1686,-39.8496,174
-113.1686,-37.4845,116
-113.1686,-25.6588,174
-113.1686,-23.2937,153
-113.1686,-12.6506,58
-113.1686,-10.2855,116
-113.1686,-7.9204,116
-113.1686,-5.5552,87
-113.1686,-0.825,67
-113.1686,1.5402,59
-113.1686,2.7227,114
-113.1686,6.2704,116
-113.1686,9.8181,87
-113.1686,13.3658,174
-113.1686,16.9135,173
-113.1686,18.0961,1
-113.1686,21.6438,87
-113.1686,24.0089,87
-113.1686,26.374,87
-113.1686,40.5648,116
-113.1686,44.1125,34
-113.1686,45.2951,116
-113.1686,50.0253,116
-113.1686,53.573,116
-113.1686,64.2161,116
-111.9861,-61.1358,87
-111.9861,-57.5881,116
-111.9861,-42.2147,87
-111.9861,-33.9368,174
-111.9861,-31.5717,80
-111.9861,-30.3891,2
-111.9861,-28.024,1
-111.9861,-23.2937,21
-111.9861,-19.746,151
-111.9861,-17.3809,87
-111.9861,-15.0157,116
-111.9861,-12.6506,116
-111.9861,-6.7378,3
-111.9861,-5.5552,23
-111.9861,-3.1901,117
-111.9861,-0.825,194
-111.9861,1.5402,1
-111.9861,7.453,58
-111.9861,12.1832,87
-111.9861,19.2786,22
-111.9861,20.4612,152
-111.9861,26.374,174
-111.9861,28.7392,116
-111.9861,32.2868,87
-111.9861,35.8345,118
-111.9861,37.0171,56
-111.9861,47.6602,116
-111.9861,54.7556,116
-111.9861,58.3033,116
-111.9861,60.6684,116
-110.8035,-67.0486,116
-110.8035,-54.0404,87
-110.8035,-52.8578,24
-110.8035,-51.6753,150
-110.8035,-48.1276,87
-110.8035,-44.5799,1
-110.8035,-43.3973,173
-110.8035,-39.8496,87
-110.8035,-37.4845,116
-110.8035,-31.5717,33
-110.8035,-30.3891,59
-110.8035,-28.024,173
-110.8035,-25.6588,174
-110.8035,-20.9286,84
-110.8035,-19.746,26
-110.8035,-16.1983,58
-110.8035,-13.8332,87
-110.8035,-10.2855,87
-110.8035,-9.1029,31
-110.8035,-7.9204,56
-110.8035,-6.7378,142
-110.8035,-5.5552,6
-110.8035,-3.1901,57
-110.8035,1.5402,57
-110.8035,3.9053,114
-110.8035,5.0879,147
-110.8035,7.453,116
-110.8035,9.8181,116
-110.8035,14.5484,103
-110.8035,15.7309,87
-110.8035,18.0961,174
-110.8035,22.8263,22
-110.8035,24.0089,153
-110.8035,31.1043,87
-110.8035,33.4694,58
-110.8035,38.1997,116
-110.8035,40.5648,58
-110.8035,42.9299,116
-110.8035,45.2951,116
-110.8035,52.3904,116
-109.6209,-64.6835,87
-109.6209,-58.7706,174
-109.6209,-46.945,116
-109.6209,-39.8496,174
-109.6209,-35.1193,87
-109.6209,-32.7542,174
-109.6209,-23.2937,174
-109.6209,-17.3809,174
-109.6209,-15.0157,17
-109.6209,-11.4681,174
-109.6209,-9.1029,5
-109.6209,-4.3727,58
-109.6209,-2.0075,174
-109.6209,0.3576,58
-109.6209,1.5402,59
-109.6209,6.2704,56
-109.6209,12.1832,116
-109.6209,14.5484,71
-109.6209,20.4612,174
-109.6209,24.0089,86
-109.6209,26.374,132
-109.6209,27.5566,42
-109.6209,28.7392,87
-109.6209,32.2868,116
-109.6209,34.652,56
-109.6209,35.8345,58
-109.6209,37.0171,58
-109.6209,50.0253,116
-109.6209,57.1207,116
-109.6209,59.4858,1
-109.6209,63.0335,99
-109.6209,64.2161,17
-109.6209,67.7638,116
-108.4384,-70.5963,116
-108.4384,-56.4055,1
-108.4384,-55.223,173
-108.4384,-49.3101,174
-108.4384,-44.5799,58
-108.4384,-42.2147,87
-108.4384,-37.4845,116
-108.4384,-30.3891,174
-108.4384,-28.024,174
-108.4384,-25.6588,22
-108.4384,-24.4763,152
-108.4384,-20.9286,108
-108.4384,-19.746,75
-108.4384,-15.0157,244
-108.4384,-12.6506,26
-108.4384,-9.1029,169
-108.4384,-6.7378,174
-108.4384,-4.3727,116
-108.4384,2.7227,115
-108.4384,3.9053,146
-108.4384,6.2704,118
-108.4384,8.6355,174
-108.4384,11.0007,116
-108.4384,13.3658,58
-108.4384,14.5484,58
-108.4384,16.9135,87
-108.4384,19.2786,174
-108.4384,24.0089,87
-108.4384,29.9217,174
-108.4384,34.652,60
-108.4384,37.0171,116
-108.4384,39.3822,58
-108.4384,40.5648,116
-108.4384,42.9299,116
-108.4384,45.2951,87
-108.4384,47.6602,87
-108.4384,51.2079,87
-108.4384,53.573,116
-108.4384,59.4858,115
-108.4384,71.3115,116
-107.2558,-68.2312,87
-107.2558,-64.6835,87
-107.2558,-61.1358,174
-107.2558,-52.8578,174
-107.2558,-46.945,174
-107.2558,-43.3973,116
-107.2558,-35.1193,174
-107.2558,-32.7542,174
-107.2558,-23.2937,116
-107.2558,-19.746,78
-107.2558,-12.6506,141
-107.2558,-10.2855,116
-107.2558,-3.1901,58
-107.2558,-2.0075,58
-107.2558,-0.825,27
-107.2558,0.3576,198
-107.2558,1.5402,36
-107.2558,12.1832,1
-107.2558,14.5484,116
-107.2558,21.6438,200
-107.2558,22.8263,41
-107.2558,26.374,87
-107.2558,28.7392,116
-107.2558,32.2868,116
-107.2558,34.652,17
-107.2558,38.1997,54
-107.2558,40.5648,116
-107.2558,41.7474,58
-107.2558,50.0253,87
-107.2558,58.3033,116
-107.2558,61.851,48
-106.0732,-74.144,87
-106.0732,-57.5881,87
-106.0732,-55.223,1
-106.0732,-41.0322,261
-106.0732,-37.4845,174
-106.0732,-28.024,234
-106.0732,-26.8414,27
-106.0732,-24.4763,18
-106.0732,-17.3809,261
-106.0732,-15.0157,116
-106.0732,-12.6506,7
-106.0732,-9.1029,174
-106.0732,-7.9204,112
-106.0732,-6.7378,62
-106.0732,-4.3727,174
-106.0732,-2.0075,58
-106.0732,2.7227,174
-106.0732,5.0879,174
-106.0732,7.453,116
-106.0732,9.8181,93
-106.0732,12.1832,115
-106.0732,16.9135,174
-106.0732,19.2786,116
-106.0732,21.6438,20
-106.0732,24.0089,58
-106.0732,31.1043,126
-106.0732,34.652,99
-106.0732,37.0171,116
-106.0732,38.1997,4
-106.0732,42.9299,116
-106.0732,44.1125,35
-106.0732,45.2951,23
-106.0732,47.6602,87
-106.0732,52.3904,116
-106.0732,54.7556,116
-106.0732,61.851,68
-106.0732,65.3987,116
-106.0732,67.7638,116
-104.8907,-67.0486,116
-104.8907,-63.5009,174
-104.8907,-59.9532,174
-104.8907,-56.4055,116
-104.8907,-55.223,57
-104.8907,-49.3101,174
-104.8907,-48.1276,174
-104.8907,-44.5799,1
-104.8907,-36.3019,174
-104.8907,-32.7542,116
-104.8907,-30.3891,174
-104.8907,-24.4763,156
-104.8907,-20.9286,261
-104.8907,-16.1983,85
-104.8907,-12.6506,58
-104.8907,-11.4681,116
-104.8907,-3.1901,174
-104.8907,-0.825,116
-104.8907,0.3576,58
-104.8907,7.453,58
-104.8907,9.8181,168
-104.8907,12.1832,116
-104.8907,13.3658,87
-104.8907,15.7309,87
-104.8907,19.2786,58
-104.8907,21.6438,21
-104.8907,24.0089,116
-104.8907,26.374,116
-104.8907,28.7392,58
-104.8907,31.1043,48
-104.8907,33.4694,116
-104.8907,35.8345,87
-104.8907,39.3822,116
-104.8907,41.7474,86
-104.8907,45.2951,116
-104.8907,48.8428,58
-104.8907,51.2079,116
-104.8907,53.573,116
-104.8907,57.1207,42
-104.8907,59.4858,116
-104.8907,72.4941,116
-104.8907,76.0417,116
-103.7081,-77.6917,116
-103.7081,-70.5963,174
-103.7081,-52.8578,222
-103.7081,-51.6753,39
-103.7081,-44.5799,173
-103.7081,-42.2147,116
-103.7081,-38.667,174
-103.7081,-29.2065,118
-103.7081,-26.8414,24
-103.7081,-25.6588,41
-103.7081,-23.2937,261
-103.7081,-18.5634,261
-103.7081,-16.1983,31
-103.7081,-13.8332,174
-103.7081,-10.2855,116
-103.7081,-7.9204,62
-103.7081,-6.7378,22
-103.7081,-5.5552,174
-103.7081,1.5402,148
-103.7081,2.7227,26
-103.7081,3.9053,112
-103.7081,5.0879,62
-103.7081,6.2704,99
-103.7081,7.453,17
-103.7081,8.6355,32
-103.7081,18.0961,232
-103.7081,20.4612,87
-103.7081,21.6438,95
-103.7081,22.8263,58
-103.7081,25.1915,58
-103.7081,27.5566,116
-103.7081,29.9217,58
-103.7081,32.2868,174
-103.7081,34.652,58
-103.7081,41.7474,30
-103.7081,42.9299,54
-103.7081,44.1125,120
-103.7081,47.6602,75
-103.7081,48.8428,41
-103.7081,57.1207,132
-103.7081,60.6684,87
-103.7081,63.0335,116
-103.7081,66.5812,58
-103.7081,68.9464,116
-102.5255,-74.144,174
-102.5255,-68.2312,51
-102.5255,-67.0486,36
-102.5255,-61.1358,51
-102.5255,-58.7706,116
-102.5255,-55.223,58
-102.5255,-50.4927,33
-102.5255,-49.3101,52
-102.5255,-41.0322,174
-102.5255,-37.4845,7
-102.5255,-36.3019,112
-102.5255,-33.9368,174
-102.5255,-31.5717,174
-102.5255,-29.2065,2
-102.5255,-28.024,54
-102.5255,-25.6588,109
-102.5255,-20.9286,174
-102.5255,-16.1983,116
-102.5255,-11.4681,116
-102.5255,-7.9204,177
-102.5255,-3.1901,28
-102.5255,-0.825,174
-102.5255,0.3576,51
-102.5255,6.2704,49
-102.5255,8.6355,142
-102.5255,11.0007,174
-102.5255,13.3658,174
-102.5255,15.7309,116
-102.5255,18.0961,29
-102.5255,21.6438,116
-102.5255,22.8263,58
-102.5255,24.0089,115
-102.5255,25.1915,1
-102.5255,26.374,87
-102.5255,29.9217,116
-102.5255,34.652,116
-102.5255,37.0171,259
-102.5255,40.5648,87
-102.5255,46.4776,116
-102.5255,52.3904,116
-102.5255,54.7556,169
-102.5255,66.5812,116
-102.5255,74.8592,116
-102.5255,78.4069,116
-101.343,-80.0568,115
-101.343,-64.6835,174
-101.343,-62.3183,47
-101.343,-61.1358,76
-101.343,-57.5881,58
-101.343,-54.0404,116
-101.343,-49.3101,89
-101.343,-46.945,174
-101.343,-43.3973,174
-101.343,-37.4845,141
-101.343,-36.3019,1
-101.343,-29.2065,116
-101.343,-26.8414,67
-101.343,-24.4763,85
-101.343,-18.5634,174
-101.343,-13.8332,174
-101.343,-12.6506,87
-101.343,-10.2855,174
-101.343,-5.5552,116
-101.343,-3.1901,233
-101.343,0.3576,123
-101.343,2.7227,114
-101.343,3.9053,147
-101.343,6.2704,125
-101.343,9.8181,116
-101.343,12.1832,58
-101.343,14.5484,116
-101.343,16.9135,173
-101.343,19.2786,116
-101.343,20.4612,58
-101.343,24.0089,87
-101.343,26.374,116
-101.343,27.5566,58
-101.343,28.7392,58
-101.343,31.1043,174
-101.343,33.4694,174
-101.343,37.0171,2
-101.343,41.7474,116
-101.343,48.8428,239
-101.343,50.0253,22
-101.343,52.3904,58
-101.343,54.7556,5
-101.343,58.3033,116
-101.343,59.4858,58
-101.343,61.851,58
-101.343,63.0335,58
-101.343,68.9464,116
-101.343,71.3115,116
-100.1604,-80.0568,1
-100.1604,-76.5091,87
-100.1604,-71.7789,87
-100.1604,-69.4137,173
-100.1604,-68.2312,1
-100.1604,-59.9532,37
-100.1604,-56.4055,116
-100.1604,-52.8578,1
-100.1604,-51.6753,173
-100.1604,-48.1276,53
-100.1604,-45.7624,174
-100.1604,-42.2147,116
-100.1604,-39.8496,136
-100.1604,-38.667,38
-100.1604,-35.1193,116
-100.1604,-33.9368,87
-100.1604,-31.5717,174
-100.1604,-26.8414,194
-100.1604,-24.4763,147
-100.1604,-23.2937,29
-100.1604,-22.1111,116
-100.1604,-19.746,116
-100.1604,-16.1983,116
-100.1604,-11.4681,87
-100.1604,-7.9204,174
-100.1604,-0.825,174
-100.1604,6.2704,171
-100.1604,8.6355,174
-100.1604,12.1832,116
-100.1604,16.9135,1
-100.1604,21.6438,116
-100.1604,27.5566,18
-100.1604,28.7392,58
-100.1604,35.8345,116
-100.1604,39.3822,174
-100.1604,44.1125,174
-100.1604,46.4776,174
-100.1604,53.573,116
-100.1604,57.1207,116
-100.1604,61.851,58
-100.1604,64.2161,116
-100.1604,65.3987,58
-100.1604,76.0417,116
-100.1604,81.9546,116
-98.9779,-83.6045,116
-98.9779,-74.144,174
-98.9779,-65.866,58
-98.9779,-63.5009,174
-98.9779,-59.9532,224
-98.9779,-54.0404,124
-98.9779,-49.3101,116
-98.9779,-48.1276,5
-98.9779,-43.3973,55
-98.9779,-37.4845,132
-98.9779,-33.9368,116
-98.9779,-29.2065,174
-98.9779,-17.3809,73
-98.9779,-15.0157,174
-98.9779,-12.6506,174
-98.9779,-9.1029,116
-98.9779,-5.5552,174
-98.9779,-4.3727,15
-98.9779,-3.1901,200
-98.9779,-2.0075,46
-98.9779,1.5402,174
-98.9779,3.9053,116
-98.9779,6.2704,3
-98.9779,11.0007,87
-98.9779,12.1832,58
-98.9779,14.5484,116
-98.9779,15.7309,87
-98.9779,18.0961,33
-98.9779,19.2786,141
-98.9779,21.6438,61
-98.9779,22.8263,171
-98.9779,25.1915,143
-98.9779,27.5566,69
-98.9779,29.9217,116
-98.9779,31.1043,58
-98.9779,32.2868,58
-98.9779,33.4694,58
-98.9779,34.652,58
-98.9779,37.0171,116
-98.9779,41.7474,116
-98.9779,44.1125,48
-98.9779,48.8428,42
-98.9779,51.2079,174
-98.9779,55.9381,58
-98.9779,59.4858,174
-98.9779,67.7638,116
-98.9779,70.1289,110
-98.9779,73.6766,87
-97.7953,-78.8742,116
-97.7953,-71.7789,154
-97.7953,-67.0486,58
-97.7953,-65.866,58
-97.7953,-57.5881,58
-97.7953,-56.4055,116
-97.7953,-54.0404,50
-97.7953,-51.6753,174
-97.7953,-46.945,174
-97.7953,-43.3973,206
-97.7953,-41.0322,59
-97.7953,-39.8496,115
-97.7953,-37.4845,129
-97.7953,-35.1193,116
-97.7953,-31.5717,228
-97.7953,-30.3891,9
-97.7953,-28.024,93
-97.7953,-25.6588,174
-97.7953,-24.4763,87
-97.7953,-22.1111,233
-97.7953,-19.746,116
-97.7953,-17.3809,188
-97.7953,-11.4681,104
-97.7953,-10.2855,70
-97.7953,-6.7378,116
-97.7953,-0.825,174
-97.7953,3.9053,58
-97.7953,5.0879,116
-97.7953,7.453,174
-97.7953,9.8181,174
-97.7953,12.1832,116
-97.7953,14.5484,58
-97.7953,15.7309,58
-97.7953,16.9135,116
-97.7953,19.2786,87
-97.7953,25.1915,114
-97.7953,26.374,4
-97.7953,27.5566,87
-97.7953,31.1043,58
-97.7953,32.2868,5
-97.7953,33.4694,58
-97.7953,34.652,116
-97.7953,39.3822,174
-97.7953,44.1125,126
-97.7953,46.4776,31
-97.7953,48.8428,132
-97.7953,52.3904,122
-97.7953,54.7556,87
-97.7953,57.1207,1
-97.7953,61.851,118
-97.7953,63.0335,56
-97.7953,70.1289,6
-97.7953,79.5894,116
-97.7953,84.3197,116
-96.6127,-81.2394,116
-96.6127,-71.7789,20
-96.6127,-69.4137,87
-96.6127,-64.6835,58
-96.6127,-61.1358,174
-96.6127,-52.8578,59
-96.6127,-49.3101,174
-96.6127,-42.2147,52
-96.6127,-38.667,12
-96.6127,-33.9368,116
-96.6127,-30.3891,24
-96.6127,-28.024,168
-96.6127,-22.1111,28
-96.6127,-19.746,62
-96.6127,-16.1983,174
-96.6127,-13.8332,66
-96.6127,-12.6506,108
-96.6127,-9.1029,174
-96.6127,-6.7378,48
-96.6127,-5.5552,116
-96.6127,-3.1901,146
-96.6127,-2.0075,115
-96.6127,1.5402,174
-96.6127,3.9053,174
-96.6127,13.3658,174
-96.6127,15.7309,116
-96.6127,18.0961,116
-96.6127,20.4612,174
-96.6127,22.8263,116
-96.6127,24.0089,58
-96.6127,25.1915,3
-96.6127,27.5566,141
-96.6127,28.7392,87
-96.6127,31.1043,58
-96.6127,32.2868,111
-96.6127,33.4694,58
-96.6127,37.0171,174
-96.6127,41.7474,261
-96.6127,46.4776,143
-96.6127,50.0253,116
-96.6127,52.3904,52
-96.6127,57.1207,115
-96.6127,59.4858,116
-96.6127,60.6684,58
-96.6127,64.2161,50
-96.6127,65.3987,124
-96.6127,67.7638,116
-96.6127,72.4941,116
-96.6127,76.0417,174
-95.4302,-85.9696,116
-95.4302,-76.5091,174
-95.4302,-72.9614,116
-95.4302,-67.0486,74
-95.4302,-64.6835,116
-95.4302,-58.7706,174
-95.4302,-56.4055,88
-95.4302,-55.223,173
-95.4302,-52.8578,115
-95.4302,-48.1276,174
-95.4302,-45.7624,174
-95.4302,-42.2147,171
-95.4302,-41.0322,38
-95.4302,-38.667,162
-95.4302,-36.3019,261
-95.4302,-32.7542,25
-95.4302,-30.3891,102
-95.4302,-29.2065,159
-95.4302,-25.6588,116
-95.4302,-24.4763,116
-95.4302,-19.746,199
-95.4302,-17.3809,174
-95.4302,-13.8332,174
-95.4302,-11.4681,116
-95.4302,-10.2855,58
-95.4302,-6.7378,68
-95.4302,-4.3727,174
-95.4302,-0.825,103
-95.4302,0.3576,158
-95.4302,1.5402,87
-95.4302,6.2704,116
-95.4302,8.6355,174
-95.4302,11.0007,174
-95.4302,14.5484,87
-95.4302,19.2786,174
-95.4302,21.6438,58
-95.4302,25.1915,84
-95.4302,27.5566,33
-95.4302,29.9217,116
-95.4302,34.652,173
-95.4302,39.3822,174
-95.4302,44.1125,174
-95.4302,47.6602,116
-95.4302,51.2079,27
-95.4302,52.3904,87
-95.4302,54.7556,174
-95.4302,57.1207,55
-95.4302,61.851,116
-95.4302,70.1289,87
-95.4302,72.4941,58
-95.4302,78.4069,116
-95.4302,81.9546,116
-94.2476,-83.6045,11
-94.2476,-78.8742,116
-94.2476,-72.9614,58
-94.2476,-70.5963,54
-94.2476,-67.0486,187
-94.2476,-62.3183,116
-94.2476,-50.4927,174
-94.2476,-43.3973,174
-94.2476,-39.8496,174
-94.2476,-37.4845,62
-94.2476,-33.9368,25
-94.2476,-32.7542,149
-94.2476,-26.8414,174
-94.2476,-24.4763,86
-94.2476,-22.1111,174
-94.2476,-16.1983,116
-94.2476,-12.6506,79
-94.2476,-11.4681,95
-94.2476,-9.1029,174
-94.2476,-6.7378,174
-94.2476,-2.0075,116
-94.2476,2.7227,174
-94.2476,5.0879,174
-94.2476,7.453,174
-94.2476,9.8181,116
-94.2476,13.3658,116
-94.2476,16.9135,116
-94.2476,18.0961,58
-94.2476,21.6438,116
-94.2476,24.0089,116
-94.2476,26.374,174
-94.2476,28.7392,87
-94.2476,29.9217,81
-94.2476,32.2868,174
-94.2476,34.652,88
-94.2476,37.0171,116
-94.2476,40.5648,28
-94.2476,41.7474,233
-94.2476,46.4776,177
-94.2476,48.8428,107
-94.2476,50.0253,67
-94.2476,52.3904,60
-94.2476,57.1207,119
-94.2476,59.4858,59
-94.2476,60.6684,59
-94.2476,64.2161,140
-94.2476,65.3987,32
-94.2476,67.7638,174
-94.2476,86.6848,94
-94.2476,87.8674,22
-93.065,-89.5173,116
-93.065,-83.6045,105
-93.065,-75.3266,116
-93.065,-70.5963,120
-93.065,-64.6835,25
-93.065,-62.3183,58
-93.065,-59.9532,174
-93.065,-57.5881,174
-93.065,-54.0404,261
-93.065,-49.3101,173
-93.065,-45.7624,174
-93.065,-42.2147,116
-93.065,-37.4845,199
-93.065,-33.9368,236
-93.065,-31.5717,116
-93.065,-29.2065,174
-93.065,-24.4763,175
-93.065,-20.9286,116
-93.065,-18.5634,233
-93.065,-17.3809,28
-93.065,-13.8332,87
-93.065,-10.2855,58
-93.065,-5.5552,116
-93.065,-3.1901,116
-93.065,-0.825,87
-93.065,0.3576,174
-93.065,11.0007,174
-93.065,13.3658,58
-93.065,15.7309,87
-93.065,16.9135,116
-93.065,18.0961,87
-93.065,19.2786,58
-93.065,20.4612,116
-93.065,21.6438,11
-93.065,24.0089,174
-93.065,27.5566,58
-93.065,29.9217,6
-93.065,31.1043,116
-93.065,33.4694,183
-93.065,34.652,77
-93.065,39.3822,116
-93.065,44.1125,111
-93.065,45.2951,39
-93.065,46.4776,45
-93.065,53.573,87
-93.065,55.9381,174
-93.065,59.4858,56
-93.065,64.2161,89
-93.065,70.1289,116
-93.065,72.4941,111
-93.065,73.6766,63
-93.065,76.0417,173
-93.065,77.2243,1
-93.065,84.3197,58
-93.065,90.2325,114
-91.8825,-85.9696,116
-91.8825,-81.2394,174
-91.8825,-77.6917,174
-91.8825,-72.9614,174
-91.8825,-68.2312,101
-91.8825,-64.6835,236
-91.8825,-61.1358,23
-91.8825,-51.6753,174
-91.8825,-49.3101,44
-91.8825,-48.1276,44
-91.8825,-44.5799,178
-91.8825,-43.3973,83
-91.8825,-41.0322,115
-91.8825,-38.667,116
-91.8825,-36.3019,116
-91.8825,-31.5717,116
-91.8825,-26.8414,1
-91.8825,-25.6588,115
-91.8825,-22.1111,261
-91.8825,-16.1983,168
-91.8825,-15.0157,93
-91.8825,-13.8332,53
-91.8825,-12.6506,121
-91.8825,-10.2855,116
-91.8825,-7.9204,174
-91.8825,-6.7378,116
-91.8825,-4.3727,94
-91.8825,-2.0075,116
-91.8825,-0.825,145
-91.8825,2.7227,174
-91.8825,5.0879,116
-91.8825,6.2704,174
-91.8825,8.6355,87
-91.8825,9.8181,87
-91.8825,13.3658,57
-91.8825,14.5484,59
-91.8825,18.0961,56
-91.8825,21.6438,250
-91.8825,25.1915,52
-91.8825,26.374,122
-91.8825,27.5566,116
-91.8825,29.9217,87
-91.8825,33.4694,1
-91.8825,37.0171,174
-91.8825,38.1997,146
-91.8825,39.3822,28
-91.8825,40.5648,116
-91.8825,41.7474,58
-91.8825,42.9299,6
-91.8825,44.1125,57
-91.8825,47.6602,174
-91.8825,51.2079,174
-91.8825,53.573,57
-91.8825,58.3033,174
-91.8825,61.851,174
-91.8825,66.5812,60
-91.8825,68.9464,87
-91.8825,77.2243,174
-91.8825,80.772,174
-91.8825,84.3197,116
-91.8825,90.2325,2
-90.6999,-83.6045,116
-90.6999,-75.3266,116
-90.6999,-68.2312,160
-90.6999,-62.3183,116
-90.6999,-61.1358,35
-90.6999,-58.7706,174
-90.6999,-56.4055,116
-90.6999,-55.223,58
-90.6999,-52.8578,17
-90.6999,-50.4927,56
-90.6999,-46.945,173
-90.6999,-41.0322,1
-90.6999,-37.4845,116
-90.6999,-33.9368,116
-90.6999,-31.5717,116
-90.6999,-29.2065,116
-90.6999,-28.024,116
-90.6999,-24.4763,174
-90.6999,-19.746,174
-90.6999,-17.3809,174
-90.6999,-13.8332,87
-90.6999,-11.4681,174
-90.6999,-10.2855,116
-90.6999,-6.7378,116
-90.6999,-4.3727,167
-90.6999,-2.0075,89
-90.6999,1.5402,145
-90.6999,5.0879,87
-90.6999,8.6355,174
-90.6999,9.8181,174
-90.6999,12.1832,116
-90.6999,13.3658,116
-90.6999,15.7309,116
-90.6999,16.9135,14
-90.6999,18.0961,104
-90.6999,19.2786,116
-90.6999,24.0089,115
-90.6999,26.374,50
-90.6999,28.7392,174
-90.6999,31.1043,143
-90.6999,32.2868,118
-90.6999,34.652,165
-90.6999,37.0171,58
-90.6999,42.9299,61
-90.6999,45.2951,174
-90.6999,50.0253,174
-90.6999,53.573,117
-90.6999,55.9381,87
-90.6999,59.4858,58
-90.6999,60.6684,116
-90.6999,63.0335,62
-90.6999,64.2161,53
-90.6999,65.3987,58
-90.6999,66.5812,56
-90.6999,71.3115,174
-90.6999,73.6766,52
-90.6999,74.8592,1
-90.6999,87.8674,116
-89.5173,-93.065,116
-89.5173,-89.5173,116
-89.5173,-85.9696,87
-89.5173,-78.8742,115
-89.5173,-77.6917,1
-89.5173,-70.5963,174
-89.5173,-65.866,174
-89.5173,-63.5009,116
-89.5173,-61.1358,56
-89.5173,-57.5881,33
-89.5173,-52.8578,244
-89.5173,-50.4927,118
-89.5173,-46.945,88
-89.5173,-42.2147,174
-89.5173,-39.8496,250
-89.5173,-37.4845,35
-89.5173,-36.3019,105
-89.5173,-35.1193,87
-89.5173,-32.7542,102
-89.5173,-28.024,116
-89.5173,-26.8414,97
-89.5173,-25.6588,138
-89.5173,-23.2937,26
-89.5173,-22.1111,235
-89.5173,-16.1983,174
-89.5173,-15.0157,87
-89.5173,-9.1029,116
-89.5173,-7.9204,58
-89.5173,-5.5552,116
-89.5173,-2.0075,41
-89.5173,-0.825,131
-89.5173,1.5402,116
-89.5173,3.9053,116
-89.5173,5.0879,87
-89.5173,6.2704,87
-89.5173,12.1832,174
-89.5173,15.7309,100
-89.5173,16.9135,161
-89.5173,19.2786,87
-89.5173,20.4612,117
-89.5173,21.6438,144
-89.5173,24.0089,129
-89.5173,25.1915,17
-89.5173,26.374,124
-89.5173,34.652,96
-89.5173,37.0171,116
-89.5173,39.3822,58
-89.5173,40.5648,115
-89.5173,42.9299,113
-89.5173,44.1125,116
-89.5173,47.6602,116
-89.5173,50.0253,22
-89.5173,52.3904,114
-89.5173,58.3033,174
-89.5173,61.851,87
-89.5173,64.2161,59
-89.5173,67.7638,116
-89.5173,71.3115,87
-89.5173,73.6766,5
-89.5173,74.8592,116
-89.5173,79.5894,125
-89.5173,80.772,49
-89.5173,83.1371,116
-89.5173,93.7802,116
-88.3348,-81.2394,174
-88.3348,-78.8742,1
-88.3348,-72.9614,116
-88.3348,-68.2312,174
-88.3348,-61.1358,118
-88.3348,-58.7706,44
-88.3348,-57.5881,184
-88.3348,-55.223,174
-88.3348,-50.4927,116
-88.3348,-48.1276,116
-88.3348,-44.5799,261
-88.3348,-39.8496,11
-88.3348,-37.4845,121
-88.3348,-35.1193,125
-88.3348,-32.7542,159
-88.3348,-30.3891,174
-88.3348,-26.8414,26
-88.3348,-24.4763,116
-88.3348,-19.746,116
-88.3348,-18.5634,233
-88.3348,-17.3809,28
-88.3348,-13.8332,40
-88.3348,-12.6506,220
-88.3348,-10.2855,174
-88.3348,-6.7378,131
-88.3348,-3.1901,174
-88.3348,-0.825,116
-88.3348,2.7227,116
-88.3348,3.9053,116
-88.3348,7.453,174
-88.3348,9.8181,261
-88.3348,13.3658,87
-88.3348,18.0961,129
-88.3348,19.2786,64
-88.3348,22.8263,139
-88.3348,25.1915,82
-88.3348,26.374,5
-88.3348,27.5566,116
-88.3348,29.9217,174
-88.3348,32.2868,174
-88.3348,33.4694,29
-88.3348,34.652,229
-88.3348,37.0171,139
-88.3348,39.3822,116
-88.3348,40.5648,59
-88.3348,42.9299,55
-88.3348,46.4776,116
-88.3348,48.8428,117
-88.3348,50.0253,35
-88.3348,52.3904,147
-88.3348,54.7556,115
-88.3348,55.9381,59
-88.3348,59.4858,116
-88.3348,65.3987,116
-88.3348,66.5812,58
-88.3348,67.7638,58
-88.3348,70.1289,55
-88.3348,77.2243,116
-88.3348,85.5023,58
-88.3348,86.6848,83
-88.3348,90.2325,116
-87.1522,-95.4302,116
-87.1522,-90.6999,116
-87.1522,-88.3348,116
-87.1522,-84.7871,116
-87.1522,-78.8742,57
-87.1522,-75.3266,174
-87.1522,-71.7789,98
-87.1522,-70.5963,27
-87.1522,-65.866,77
-87.1522,-62.3183,87
-87.1522,-54.0404,30
-87.1522,-52.8578,155
-87.1522,-50.4927,58
-87.1522,-46.945,174
-87.1522,-42.2147,185
-87.1522,-41.0322,76
-87.1522,-38.667,261
-87.1522,-35.1193,49
-87.1522,-31.5717,116
-87.1522,-28.024,245
-87.1522,-26.8414,16
-87.1522,-25.6588,116
-87.1522,-23.2937,117
-87.1522,-22.1111,116
-87.1522,-19.746,135
-87.1522,-16.1983,30
-87.1522,-15.0157,231
-87.1522,-13.8332,1
-87.1522,-11.4681,76
-87.1522,-9.1029,174
-87.1522,-6.7378,43
-87.1522,-5.5552,116
-87.1522,-3.1901,116
-87.1522,-2.0075,116
-87.1522,1.5402,174
-87.1522,6.2704,174
-87.1522,8.6355,116
-87.1522,11.0007,4
-87.1522,12.1832,174
-87.1522,14.5484,87
-87.1522,16.9135,174
-87.1522,19.2786,68
-87.1522,21.6438,116
-87.1522,22.8263,10
-87.1522,24.0089,112
-87.1522,26.374,174
-87.1522,28.7392,155
-87.1522,34.652,3
-87.1522,37.0171,35
-87.1522,40.5648,174
-87.1522,42.9299,119
-87.1522,45.2951,174
-87.1522,47.6602,174
-87.1522,50.0253,159
-87.1522,51.2079,102
-87.1522,54.7556,174
-87.1522,58.3033,174
-87.1522,60.6684,2
-87.1522,63.0335,174
-87.1522,70.1289,119
-87.1522,72.4941,261
-87.1522,74.8592,57
-87.1522,76.0417,1
-87.1522,80.772,52
-87.1522,81.9546,58
-87.1522,84.3197,87
-87.1522,86.6848,33
-85.9696,-82.4219,9
-85.9696,-80.0568,116
-85.9696,-77.6917,58
-85.9696,-74.144,57
-85.9696,-70.5963,136
-85.9696,-68.2312,116
-85.9696,-65.866,184
-85.9696,-63.5009,1
-85.9696,-62.3183,173
-85.9696,-59.9532,212
-85.9696,-58.7706,49
-85.9696,-57.5881,31
-85.9696,-56.4055,230
-85.9696,-54.0404,76
-85.9696,-51.6753,60
-85.9696,-49.3101,174
-85.9696,-44.5799,174
-85.9696,-36.3019,246
-85.9696,-32.7542,174
-85.9696,-29.2065,174
-85.9696,-24.4763,44
-85.9696,-23.2937,13
-85.9696,-22.1111,157
-85.9696,-19.746,39
-85.9696,-18.5634,28
-85.9696,-17.3809,233
-85.9696,-13.8332,58
-85.9696,-11.4681,98
-85.9696,-10.2855,171
-85.9696,-7.9204,173
-85.9696,-6.7378,87
-85.9696,-4.3727,116
-85.9696,-2.0075,116
-85.9696,-0.825,174
-85.9696,2.7227,108
-85.9696,3.9053,153
-85.9696,7.453,116
-85.9696,11.0007,170
-85.9696,14.5484,116
-85.9696,15.7309,87
-85.9696,18.0961,116
-85.9696,20.4612,140
-85.9696,21.6438,2
-85.9696,22.8263,138
-85.9696,24.0089,87
-85.9696,28.7392,19
-85.9696,29.9217,116
-85.9696,32.2868,116
-85.9696,34.652,58
-85.9696,35.8345,116
-85.9696,38.1997,174
-85.9696,41.7474,174
-85.9696,52.3904,116
-85.9696,53.573,2
-85.9696,60.6684,172
-85.9696,65.3987,174
-85.9696,67.7638,116
-85.9696,76.0417,116
-85.9696,78.4069,116
-85.9696,80.772,64
-85.9696,89.05,116
-85.9696,93.7802,116
-84.7871,-93.065,87
-84.7871,-88.3348,116
-84.7871,-85.9696,87
-84.7871,-82.4219,78
-84.7871,-77.6917,17
-84.7871,-76.5091,99
-84.7871,-74.144,204
-84.7871,-64.6835,115
-84.7871,-61.1358,116
-84.7871,-54.0404,173
-84.7871,-51.6753,114
-84.7871,-46.945,174
-84.7871,-43.3973,170
-84.7871,-42.2147,4
-84.7871,-41.0322,93
-84.7871,-39.8496,168
-84.7871,-38.667,53
-84.7871,-37.4845,121
-84.7871,-36.3019,15
-84.7871,-33.9368,174
-84.7871,-31.5717,174
-84.7871,-28.024,87
-84.7871,-25.6588,174
-84.7871,-23.2937,116
-84.7871,-22.1111,17
-84.7871,-19.746,174
-84.7871,-16.1983,174
-84.7871,-13.8332,116
-84.7871,-11.4681,174
-84.7871,-10.2855,3
-84.7871,-9.1029,87
-84.7871,-7.9204,1
-84.7871,-5.5552,87
-84.7871,-3.1901,116
-84.7871,0.3576,1
-84.7871,1.5402,174
-84.7871,6.2704,174
-84.7871,8.6355,87
-84.7871,9.8181,116
-84.7871,12.1832,116
-84.7871,13.3658,87
-84.7871,16.9135,174
-84.7871,20.4612,121
-84.7871,21.6438,120
-84.7871,22.8263,1
-84.7871,24.0089,116
-84.7871,26.374,174
-84.7871,28.7392,174
-84.7871,31.1043,182
-84.7871,34.652,116
-84.7871,35.8345,58
-84.7871,39.3822,118
-84.7871,44.1125,174
-84.7871,46.4776,174
-84.7871,48.8428,174
-84.7871,51.2079,116
-84.7871,53.573,56
-84.7871,54.7556,56
-84.7871,55.9381,174
-84.7871,58.3033,174
-84.7871,63.0335,174
-84.7871,68.9464,29
-84.7871,70.1289,207
-84.7871,71.3115,25
-84.7871,78.4069,58
-84.7871,84.3197,56
-84.7871,86.6848,116
-84.7871,91.4151,116
-84.7871,97.3279,116
-83.6045,-98.9779,116
-83.6045,-95.4302,87
-83.6045,-90.6999,87
-83.6045,-83.6045,116
-83.6045,-81.2394,116
-83.6045,-78.8742,116
-83.6045,-76.5091,85
-83.6045,-75.3266,1
-83.6045,-71.7789,87
-83.6045,-69.4137,116
-83.6045,-67.0486,174
-83.6045,-64.6835,1
-83.6045,-63.5009,1
-83.6045,-62.3183,115
-83.6045,-58.7706,174
-83.6045,-56.4055,174
-83.6045,-54.0404,1
-83.6045,-51.6753,149
-83.6045,-49.3101,192
-83.6045,-48.1276,69
-83.6045,-44.5799,174
-83.6045,-35.1193,25
-83.6045,-30.3891,174
-83.6045,-28.024,116
-83.6045,-26.8414,116
-83.6045,-24.4763,58
-83.6045,-23.2937,116
-83.6045,-20.9286,116
-83.6045,-17.3809,181
-83.6045,-13.8332,116
-83.6045,-7.9204,174
-83.6045,-5.5552,174
-83.6045,-2.0075,174
-83.6045,0.3576,115
-83.6045,1.5402,101
-83.6045,2.7227,1
-83.6045,3.9053,260
-83.6045,6.2704,87
-83.6045,7.453,140
-83.6045,8.6355,34
-83.6045,11.0007,3
-83.6045,12.1832,84
-83.6045,14.5484,174
-83.6045,18.0961,174
-83.6045,25.1915,108
-83.6045,27.5566,174
-83.6045,31.1043,79
-83.6045,33.4694,232
-83.6045,35.8345,174
-83.6045,38.1997,174
-83.6045,39.3822,56
-83.6045,41.7474,116
-83.6045,44.1125,87
-83.6045,46.4776,87
-83.6045,50.0253,1
-83.6045,52.3904,116
-83.6045,53.573,51
-83.6045,54.7556,67
-83.6045,57.1207,87
-83.6045,60.6684,174
-83.6045,65.3987,117
-83.6045,67.7638,116
-83.6045,72.4941,80
-83.6045,73.6766,181
-83.6045,77.2243,116
-83.6045,78.4069,53
-83.6045,80.772,113
-83.6045,81.9546,61
-83.6045,84.3197,118
-82.4219,-87.1522,58
-82.4219,-85.9696,116
-82.4219,-82.4219,49
-82.4219,-81.2394,9
-82.4219,-76.5091,30
-82.4219,-72.9614,87
-82.4219,-65.866,87
-82.4219,-61.1358,174
-82.4219,-57.5881,87
-82.4219,-56.4055,86
-82.4219,-55.223,1
-82.4219,-52.8578,47
-82.4219,-51.6753,65
-82.4219,-46.945,174
-82.4219,-43.3973,116
-82.4219,-42.2147,17
-82.4219,-41.0322,157
-82.4219,-39.8496,116
-82.4219,-37.4845,174
-82.4219,-35.1193,149
-82.4219,-32.7542,261
-82.4219,-29.2065,17
-82.4219,-26.8414,58
-82.4219,-24.4763,116
-82.4219,-19.746,174
-82.4219,-17.3809,80
-82.4219,-15.0157,116
-82.4219,-12.6506,174
-82.4219,-10.2855,116
-82.4219,-9.1029,58
-82.4219,-6.7378,87
-82.4219,-3.1901,174
-82.4219,-0.825,108
-82.4219,0.3576,57
-82.4219,1.5402,15
-82.4219,2.7227,87
-82.4219,5.0879,174
-82.4219,7.453,80
-82.4219,9.8181,149
-82.4219,11.0007,112
-82.4219,12.1832,1
-82.4219,13.3658,115
-82.4219,15.7309,116
-82.4219,16.9135,58
-82.4219,20.4612,174
-82.4219,22.8263,174
-82.4219,24.0089,41
-82.4219,25.1915,8
-82.4219,26.374,116
-82.4219,29.9217,174
-82.4219,33.4694,29
-82.4219,37.0171,1
-82.4219,39.3822,156
-82.4219,42.9299,116
-82.4219,45.2951,116
-82.4219,47.6602,144
-82.4219,50.0253,115
-82.4219,51.2079,116
-82.4219,54.7556,58
-82.4219,55.9381,116
-82.4219,59.4858,174
-82.4219,63.0335,116
-82.4219,64.2161,53
-82.4219,65.3987,4
-82.4219,68.9464,116
-82.4219,73.6766,144
-82.4219,74.8592,112
-82.4219,78.4069,5
-82.4219,79.5894,116
-82.4219,89.05,116
-82.4219,92.5977,54
-82.4219,93.7802,120
-81.2394,-93.065,87
-81.2394,-89.5173,116
-81.2394,-84.7871,58
-81.2394,-82.4219,20
-81.2394,-80.0568,6
-81.2394,-78.8742,58
-81.2394,-76.5091,87
-81.2394,-74.144,87
-81.2394,-70.5963,174
-81.2394,-68.2312,116
-81.2394,-64.6835,174
-81.2394,-58.7706,116
-81.2394,-54.0404,174
-81.2394,-51.6753,116
-81.2394,-50.4927,174
-81.2394,-48.1276,116
-81.2394,-44.5799,116
-81.2394,-41.0322,116
-81.2394,-38.667,62
-81.2394,-33.9368,174
-81.2394,-31.5717,107
-81.2394,-30.3891,9
-81.2394,-29.2065,157
-81.2394,-26.8414,58
-81.2394,-25.6588,116
-81.2394,-24.4763,95
-81.2394,-23.2937,79
-81.2394,-22.1111,133
-81.2394,-20.9286,41
-81.2394,-18.5634,116
-81.2394,-16.1983,174
-81.2394,-13.8332,174
-81.2394,-11.4681,174
-81.2394,-9.1029,147
-81.2394,-7.9204,114
-81.2394,-5.5552,110
-81.2394,-4.3727,64
-81.2394,-2.0075,116
-81.2394,-0.825,96
-81.2394,1.5402,143
-81.2394,3.9053,116
-81.2394,7.453,94
-81.2394,8.6355,87
-81.2394,12.1832,174
-81.2394,13.3658,47
-81.2394,14.5484,127
-81.2394,18.0961,174
-81.2394,19.2786,87
-81.2394,20.4612,116
-81.2394,21.6438,116
-81.2394,24.0089,46
-81.2394,25.1915,87
-81.2394,27.5566,174
-81.2394,29.9217,58
-81.2394,31.1043,174
-81.2394,33.4694,116
-81.2394,34.652,58
-81.2394,37.0171,173
-81.2394,39.3822,105
-81.2394,41.7474,174
-81.2394,44.1125,174
-81.2394,47.6602,117
-81.2394,50.0253,174
-81.2394,53.573,159
-81.2394,57.1207,174
-81.2394,61.851,116
-81.2394,64.2161,116
-81.2394,66.5812,174
-81.2394,71.3115,174
-81.2394,73.6766,5
-81.2394,77.2243,87
-81.2394,83.1371,88
-81.2394,85.5023,118
-81.2394,86.6848,56
-81.2394,91.4151,58
-81.2394,97.3279,116
-81.2394,98.5105,58
-80.0568,-101.343,116
-80.0568,-95.4302,116
-80.0568,-87.1522,58
-80.0568,-82.4219,96
-80.0568,-80.0568,110
-80.0568,-75.3266,124
-80.0568,-72.9614,87
-80.0568,-69.4137,116
-80.0568,-67.0486,1
-80.0568,-65.866,87
-80.0568,-62.3183,174
-80.0568,-58.7706,1
-80.0568,-56.4055,174
-80.0568,-55.223,116
-80.0568,-49.3101,45
-80.0568,-46.945,185
-80.0568,-43.3973,98
-80.0568,-42.2147,163
-80.0568,-38.667,172
-80.0568,-37.4845,27
-80.0568,-36.3019,174
-80.0568,-32.7542,1
-80.0568,-31.5717,86
-80.0568,-30.3891,116
-80.0568,-28.024,174
-80.0568,-24.4763,109
-80.0568,-23.2937,14
-80.0568,-22.1111,160
-80.0568,-19.746,174
-80.0568,-17.3809,174
-80.0568,-15.0157,116
-80.0568,-12.6506,145
-80.0568,-10.2855,58
-80.0568,-6.7378,174
-80.0568,-3.1901,116
-80.0568,-2.0075,116
-80.0568,1.5402,118
-80.0568,3.9053,116
-80.0568,5.0879,174
-80.0568,6.2704,87
-80.0568,9.8181,116
-80.0568,13.3658,174
-80.0568,15.7309,140
-80.0568,16.9135,34
-80.0568,19.2786,9
-80.0568,22.8263,84
-80.0568,24.0089,150
-80.0568,26.374,174
-80.0568,29.9217,116
-80.0568,32.2868,116
-80.0568,35.8345,174
-80.0568,38.1997,89
-80.0568,40.5648,174
-80.0568,41.7474,174
-80.0568,46.4776,174
-80.0568,52.3904,88
-80.0568,53.573,14
-80.0568,55.9381,174
-80.0568,59.4858,174
-80.0568,64.2161,58
-80.0568,66.5812,87
-80.0568,68.9464,116
-80.0568,72.4941,58
-80.0568,76.0417,152
-80.0568,78.4069,112
-80.0568,79.5894,8
-80.0568,80.772,54
-80.0568,81.9546,89
-80.0568,83.1371,84
-80.0568,87.8674,116
-80.0568,91.4151,116
-80.0568,102.0582,116
-78.8742,-97.7953,116
-78.8742,-91.8825,87
-78.8742,-85.9696,116
-78.8742,-83.6045,116
-78.8742,-81.2394,76
-78.8742,-80.0568,58
-78.8742,-77.6917,174
-78.8742,-75.3266,50
-78.8742,-71.7789,174
-78.8742,-67.0486,173
-78.8742,-64.6835,87
-78.8742,-59.9532,116
-78.8742,-58.7706,86
-78.8742,-52.8578,116
-78.8742,-50.4927,116
-78.8742,-49.3101,126
-78.8742,-48.1276,3
-78.8742,-46.945,76
-78.8742,-44.5799,174
-78.8742,-41.0322,107
-78.8742,-39.8496,154
-78.8742,-38.667,101
-78.8742,-36.3019,116
-78.8742,-35.1193,116
-78.8742,-32.7542,87
-78.8742,-31.5717,174
-78.8742,-29.2065,174
-78.8742,-25.6588,174
-78.8742,-24.4763,7
-78.8742,-20.9286,58
-78.8742,-19.746,174
-78.8742,-16.1983,174
-78.8742,-13.8332,27
-78.8742,-12.6506,89
-78.8742,-11.4681,58
-78.8742,-10.2855,60
-78.8742,-9.1029,56
-78.8742,-7.9204,116
-78.8742,-6.7378,18
-78.8742,-5.5552,52
-78.8742,-4.3727,122
-78.8742,-3.1901,87
-78.8742,-2.0075,47
-78.8742,0.3576,174
-78.8742,1.5402,64
-78.8742,2.7227,57
-78.8742,6.2704,56
-78.8742,7.453,87
-78.8742,8.6355,116
-78.8742,11.0007,91
-78.8742,12.1832,170
-78.8742,15.7309,174
-78.8742,18.0961,152
-78.8742,19.2786,100
-78.8742,21.6438,174
-78.8742,24.0089,27
-78.8742,26.374,114
-78.8742,27.5566,58
-78.8742,28.7392,116
-78.8742,29.9217,104
-78.8742,31.1043,58
-78.8742,33.4694,174
-78.8742,37.0171,121
-78.8742,38.1997,51
-78.8742,44.1125,174
-78.8742,47.6602,144
-78.8742,48.8428,117
-78.8742,51.2079,174
-78.8742,52.3904,87
-78.8742,54.7556,87
-78.8742,58.3033,116
-78.8742,61.851,174
-78.8742,64.2161,29
-78.8742,65.3987,147
-78.8742,70.1289,174
-78.8742,72.4941,5
-78.8742,73.6766,111
-78.8742,76.0417,109
-78.8742,85.5023,174
-78.8742,87.8674,58
-78.8742,94.9628,116
-78.8742,96.1453,58
-77.6917,-103.7081,116
-77.6917,-94.2476,116
-77.6917,-88.3348,116
-77.6917,-81.2394,40
-77.6917,-76.5091,27
-77.6917,-75.3266,25
-77.6917,-74.144,87
-77.6917,-69.4137,174
-77.6917,-64.6835,156
-77.6917,-63.5009,18
-77.6917,-61.1358,174
-77.6917,-58.7706,87
-77.6917,-57.5881,27
-77.6917,-56.4055,234
-77.6917,-54.0404,174
-77.6917,-51.6753,174
-77.6917,-49.3101,174
-77.6917,-48.1276,116
-77.6917,-42.2147,116
-77.6917,-38.667,15
-77.6917,-33.9368,116
-77.6917,-28.024,179
-77.6917,-23.2937,174
-77.6917,-20.9286,116
-77.6917,-17.3809,116
-77.6917,-13.8332,116
-77.6917,-12.6506,87
-77.6917,-11.4681,116
-77.6917,-9.1029,164
-77.6917,-7.9204,96
-77.6917,-6.7378,156
-77.6917,-4.3727,178
-77.6917,-2.0075,127
-77.6917,0.3576,30
-77.6917,1.5402,140
-77.6917,3.9053,174
-77.6917,6.2704,118
-77.6917,8.6355,116
-77.6917,9.8181,116
-77.6917,13.3658,87
-77.6917,16.9135,39
-77.6917,18.0961,87
-77.6917,19.2786,87
-77.6917,20.4612,174
-77.6917,22.8263,116
-77.6917,24.0089,174
-77.6917,26.374,60
-77.6917,27.5566,58
-77.6917,28.7392,116
-77.6917,29.9217,12
-77.6917,32.2868,116
-77.6917,33.4694,51
-77.6917,35.8345,116
-77.6917,39.3822,174
-77.6917,41.7474,174
-77.6917,45.2951,82
-77.6917,46.4776,92
-77.6917,50.0253,5
-77.6917,55.9381,116
-77.6917,58.3033,116
-77.6917,59.4858,53
-77.6917,60.6684,121
-77.6917,65.3987,85
-77.6917,67.7638,174
-77.6917,74.8592,87
-77.6917,78.4069,174
-77.6917,80.772,174
-77.6917,83.1371,87
-77.6917,90.2325,116
-77.6917,98.5105,58
-77.6917,99.693,60
-76.5091,-100.1604,116
-76.5091,-96.6127,116
-76.5091,-90.6999,116
-76.5091,-85.9696,116
-76.5091,-83.6045,116
-76.5091,-78.8742,174
-76.5091,-76.5091,89
-76.5091,-75.3266,33
-76.5091,-74.144,56
-76.5091,-72.9614,118
-76.5091,-71.7789,87
-76.5091,-68.2312,62
-76.5091,-67.0486,174
-76.5091,-62.3183,87
-76.5091,-59.9532,87
-76.5091,-58.7706,114
-76.5091,-57.5881,60
-76.5091,-55.223,87
-76.5091,-45.7624,174
-76.5091,-43.3973,205
-76.5091,-41.0322,238
-76.5091,-38.667,116
-76.5091,-37.4845,116
-76.5091,-35.1193,174
-76.5091,-31.5717,261
-76.5091,-30.3891,42
-76.5091,-29.2065,132
-76.5091,-28.024,82
-76.5091,-25.6588,174
-76.5091,-22.1111,116
-76.5091,-19.746,261
-76.5091,-16.1983,116
-76.5091,-13.8332,174
-76.5091,-11.4681,145
-76.5091,-7.9204,1
-76.5091,-6.7378,118
-76.5091,-5.5552,33
-76.5091,-4.3727,50
-76.5091,-3.1901,116
-76.5091,-0.825,213
-76.5091,0.3576,18
-76.5091,1.5402,116
-76.5091,2.7227,81
-76.5091,3.9053,100
-76.5091,5.0879,174
-76.5091,7.453,174
-76.5091,9.8181,116
-76.5091,11.0007,119
-76.5091,12.1832,55
-76.5091,13.3658,87
-76.5091,14.5484,111
-76.5091,16.9135,135
-76.5091,22.8263,174
-76.5091,26.374,174
-76.5091,29.9217,87
-76.5091,32.2868,37
-76.5091,33.4694,123
-76.5091,35.8345,174
-76.5091,37.0171,147
-76.5091,38.1997,27
-76.5091,41.7474,50
-76.5091,44.1125,174
-76.5091,47.6602,174
-76.5091,50.0253,169
-76.5091,52.3904,174
-76.5091,53.573,58
-76.5091,54.7556,116
-76.5091,59.4858,57
-76.5091,63.0335,217
-76.5091,64.2161,44
-76.5091,65.3987,13
-76.5091,66.5812,103
-76.5091,70.1289,87
-76.5091,72.4941,261
-76.5091,76.0417,58
-76.5091,84.3197,110
-76.5091,86.6848,58
-76.5091,87.8674,56
-76.5091,92.5977,124
-76.5091,93.7802,50
-76.5091,99.693,56
-75.3266,-93.065,116
-75.3266,-89.5173,1
-75.3266,-88.3348,87
-75.3266,-81.2394,174
-75.3266,-77.6917,174
-75.3266,-75.3266,28
-75.3266,-70.5963,174
-75.3266,-69.4137,58
-75.3266,-68.2312,54
-75.3266,-64.6835,174
-75.3266,-61.1358,116
-75.3266,-56.4055,116
-75.3266,-52.8578,116
-75.3266,-50.4927,174
-75.3266,-48.1276,174
-75.3266,-45.7624,174
-75.3266,-43.3973,56
-75.3266,-41.0322,23
-75.3266,-38.667,116
-75.3266,-36.3019,116
-75.3266,-33.9368,116
-75.3266,-30.3891,116
-75.3266,-28.024,174
-75.3266,-26.8414,128
-75.3266,-25.6588,46
-75.3266,-24.4763,139
-75.3266,-23.2937,122
-75.3266,-20.9286,113
-75.3266,-17.3809,174
-75.3266,-15.0157,116
-75.3266,-11.4681,116
-75.3266,-9.1029,58
-75.3266,-7.9204,120
-75.3266,-6.7378,56
-75.3266,-4.3727,174
-75.3266,-2.0075,174
-75.3266,0.3576,55
-75.3266,2.7227,80
-75.3266,5.0879,94
-75.3266,6.2704,87
-75.3266,8.6355,58
-75.3266,11.0007,174
-75.3266,13.3658,174
-75.3266,14.5484,31
-75.3266,15.7309,119
-75.3266,16.9135,69
-75.3266,18.0961,184
-75.3266,19.2786,96
-75.3266,20.4612,172
-75.3266,21.6438,2
-75.3266,24.0089,140
-75.3266,25.1915,121
-75.3266,28.7392,232
-75.3266,29.9217,29
-75.3266,31.1043,152
-75.3266,32.2868,72
-75.3266,33.4694,94
-75.3266,34.652,30
-75.3266,37.0171,49
-75.3266,38.1997,67
-75.3266,39.3822,174
-75.3266,41.7474,124
-75.3266,42.9299,9
-75.3266,45.2951,174
-75.3266,48.8428,116
-75.3266,50.0253,116
-75.3266,53.573,125
-75.3266,54.7556,49
-75.3266,55.9381,80
-75.3266,57.1207,181
-75.3266,58.3033,115
-75.3266,59.4858,2
-75.3266,60.6684,116
-75.3266,67.7638,174
-75.3266,73.6766,68
-75.3266,76.0417,116
-75.3266,78.4069,30
-75.3266,79.5894,83
-75.3266,81.9546,141
-75.3266,84.3197,6
-75.3266,86.6848,147
-75.3266,93.7802,58
-75.3266,97.3279,116
-75.3266,102.0582,116
-74.144,-104.8907,116
-74.144,-101.343,116
-74.144,-98.9779,87
-74.144,-94.2476,87
-74.144,-89.5173,86
-74.144,-87.1522,87
-74.144,-84.7871,87
-74.144,-82.4219,116
-74.144,-80.0568,48
-74.144,-75.3266,146
-74.144,-72.9614,114
-74.144,-67.0486,174
-74.144,-63.5009,174
-74.144,-59.9532,116
-74.144,-57.5881,116
-74.144,-54.0404,174
-74.144,-52.8578,2
-74.144,-51.6753,116
-74.144,-49.3101,116
-74.144,-48.1276,1
-74.144,-46.945,115
-74.144,-43.3973,174
-74.144,-42.2147,174
-74.144,-39.8496,116
-74.144,-37.4845,107
-74.144,-35.1193,174
-74.144,-32.7542,261
-74.144,-29.2065,87
-74.144,-25.6588,116
-74.144,-22.1111,116
-74.144,-20.9286,148
-74.144,-18.5634,174
-74.144,-17.3809,116
-74.144,-13.8332,116
-74.144,-12.6506,116
-74.144,-11.4681,174
-74.144,-10.2855,116
-74.144,-7.9204,54
-74.144,-6.7378,124
-74.144,-5.5552,50
-74.144,-3.1901,174
-74.144,0.3576,119
-74.144,1.5402,87
-74.144,2.7227,92
-74.144,5.0879,80
-74.144,7.453,174
-74.144,9.8181,116
-74.144,12.1832,15
-74.144,14.5484,120
-74.144,15.7309,54
-74.144,16.9135,108
-74.144,18.0961,65
-74.144,19.2786,3
-74.144,20.4612,112
-74.144,21.6438,57
-74.144,22.8263,204
-74.144,25.1915,58
-74.144,26.374,116
-74.144,33.4694,137
-74.144,35.8345,35
-74.144,37.0171,145
-74.144,40.5648,61
-74.144,41.7474,55
-74.144,42.9299,165
-74.144,45.2951,116
-74.144,47.6602,174
-74.144,52.3904,116
-74.144,60.6684,116
-74.144,61.851,52
-74.144,63.0335,122
-74.144,64.2161,108
-74.144,65.3987,8
-74.144,66.5812,5
-74.144,68.9464,174
-74.144,71.3115,174
-74.144,73.6766,48
-74.144,78.4069,148
-74.144,81.9546,120
-74.144,84.3197,11
-74.144,90.2325,234
-74.144,91.4151,27
-74.144,93.7802,116
-74.144,99.693,116
-74.144,105.6059,116
-72.9614,-96.6127,87
-72.9614,-91.8825,70
-72.9614,-90.6999,38
-72.9614,-88.3348,58
-72.9614,-87.1522,116
-72.9614,-85.9696,58
-72.9614,-80.0568,126
-72.9614,-77.6917,174
-72.9614,-72.9614,60
-72.9614,-70.5963,174
-72.9614,-69.4137,169
-72.9614,-68.2312,5
-72.9614,-64.6835,174
-72.9614,-61.1358,87
-72.9614,-59.9532,85
-72.9614,-57.5881,58
-72.9614,-55.223,116
-72.9614,-54.0404,87
-72.9614,-52.8578,56
-72.9614,-50.4927,174
-72.9614,-49.3101,99
-72.9614,-45.7624,174
-72.9614,-42.2147,8
-72.9614,-41.0322,116
-72.9614,-38.667,55
-72.9614,-37.4845,99
-72.9614,-36.3019,55
-72.9614,-35.1193,3
-72.9614,-33.9368,69
-72.9614,-30.3891,87
-72.9614,-29.2065,1
-72.9614,-28.024,66
-72.9614,-26.8414,195
-72.9614,-24.4763,174
-72.9614,-22.1111,29
-72.9614,-19.746,116
-72.9614,-18.5634,1
-72.9614,-17.3809,122
-72.9614,-16.1983,116
-72.9614,-13.8332,67
-72.9614,-10.2855,87
-72.9614,-7.9204,174
-72.9614,-4.3727,174
-72.9614,-2.0075,58
-72.9614,-0.825,116
-72.9614,1.5402,174
-72.9614,2.7227,169
-72.9614,5.0879,151
-72.9614,6.2704,110
-72.9614,8.6355,116
-72.9614,11.0007,174
-72.9614,12.1832,43
-72.9614,13.3658,116
-72.9614,15.7309,174
-72.9614,18.0961,87
-72.9614,19.2786,144
-72.9614,20.4612,2
-72.9614,24.0089,199
-72.9614,26.374,116
-72.9614,27.5566,174
-72.9614,29.9217,174
-72.9614,32.2868,174
-72.9614,34.652,133
-72.9614,35.8345,93
-72.9614,37.0171,111
-72.9614,39.3822,261
-72.9614,41.7474,145
-72.9614,44.1125,116
-72.9614,46.4776,14
-72.9614,48.8428,174
-72.9614,51.2079,116
-72.9614,52.3904,101
-72.9614,53.573,88
-72.9614,55.9381,174
-72.9614,58.3033,116
-72.9614,59.4858,58
-72.9614,64.2161,116
-72.9614,66.5812,169
-72.9614,70.1289,58
-72.9614,73.6766,109
-72.9614,76.0417,174
-72.9614,80.772,65
-72.9614,84.3197,81
-72.9614,85.5023,149
-72.9614,87.8674,174
-72.9614,96.1453,116
-72.9614,97.3279,58
-71.7789,-98.9779,87
-71.7789,-93.065,174
-71.7789,-90.6999,66
-71.7789,-84.7871,116
-71.7789,-82.4219,73
-71.7789,-81.2394,43
-71.7789,-75.3266,174
-71.7789,-72.9614,38
-71.7789,-69.4137,156
-71.7789,-67.0486,174
-71.7789,-63.5009,116
-71.7789,-61.1358,87
-71.7789,-59.9532,57
-71.7789,-58.7706,119
-71.7789,-57.5881,1
-71.7789,-56.4055,86
-71.7789,-55.223,116
-71.7789,-52.8578,126
-71.7789,-51.6753,48
-71.7789,-49.3101,17
-71.7789,-46.945,116
-71.7789,-44.5799,120
-71.7789,-42.2147,166
-71.7789,-39.8496,8
-71.7789,-38.667,111
-71.7789,-37.4845,38
-71.7789,-36.3019,87
-71.7789,-35.1193,189
-71.7789,-32.7542,116
-71.7789,-30.3891,116
-71.7789,-29.2065,115
-71.7789,-25.6588,174
-71.7789,-22.1111,232
-71.7789,-19.746,30
-71.7789,-17.3809,138
-71.7789,-15.0157,71
-71.7789,-13.8332,194
-71.7789,-11.4681,174
-71.7789,-10.2855,7
-71.7789,-9.1029,167
-71.7789,-6.7378,174
-71.7789,-3.1901,174
-71.7789,-0.825,4
-71.7789,0.3576,170
-71.7789,1.5402,85
-71.7789,3.9053,116
-71.7789,7.453,174
-71.7789,9.8181,174
-71.7789,12.1832,87
-71.7789,14.5484,174
-71.7789,19.2786,3
-71.7789,20.4612,27
-71.7789,21.6438,234
-71.7789,24.0089,62
-71.7789,25.1915,25
-71.7789,26.374,6
-71.7789,28.7392,174
-71.7789,31.1043,116
-71.7789,33.4694,156
-71.7789,37.0171,5
-71.7789,40.5648,85
-71.7789,42.9299,116
-71.7789,45.2951,59
-71.7789,46.4776,101
-71.7789,47.6602,174
-71.7789,51.2079,116
-71.7789,52.3904,72
-71.7789,54.7556,58
-71.7789,57.1207,174
-71.7789,59.4858,174
-71.7789,61.851,174
-71.7789,64.2161,63
-71.7789,65.3987,82
-71.7789,67.7638,74
-71.7789,68.9464,100
-71.7789,70.1289,115
-71.7789,71.3115,1
-71.7789,72.4941,137
-71.7789,73.6766,15
-71.7789,77.2243,174
-71.7789,79.5894,145
-71.7789,80.772,51
-71.7789,83.1371,54
-71.7789,85.5023,20
-71.7789,92.5977,20
-71.7789,93.7802,123
-71.7789,103.2407,174
-71.7789,106.7884,113
-70.5963,-107.2558,116
-70.5963,-103.7081,87
-70.5963,-101.343,116
-70.5963,-96.6127,174
-70.5963,-89.5173,116
-70.5963,-87.1522,6
-70.5963,-85.9696,58
-70.5963,-82.4219,58
-70.5963,-80.0568,116
-70.5963,-78.8742,58
-70.5963,-76.5091,60
-70.5963,-72.9614,136
-70.5963,-70.5963,1
-70.5963,-69.4137,18
-70.5963,-64.6835,116
-70.5963,-62.3183,174
-70.5963,-59.9532,41
-70.5963,-57.5881,87
-70.5963,-56.4055,58
-70.5963,-54.0404,58
-70.5963,-50.4927,116
-70.5963,-49.3101,174
-70.5963,-45.7624,116
-70.5963,-44.5799,54
-70.5963,-42.2147,50
-70.5963,-41.0322,116
-70.5963,-39.8496,59
-70.5963,-38.667,57
-70.5963,-37.4845,136
-70.5963,-33.9368,173
-70.5963,-31.5717,174
-70.5963,-29.2065,220
-70.5963,-28.024,20
-70.5963,-26.8414,154
-70.5963,-23.2937,116
-70.5963,-19.746,190
-70.5963,-18.5634,41
-70.5963,-16.1983,116
-70.5963,-15.0157,74
-70.5963,-12.6506,116
-70.5963,-9.1029,9
-70.5963,-7.9204,174
-70.5963,-4.3727,174
-70.5963,-2.0075,174
-70.5963,1.5402,2
-70.5963,2.7227,174
-70.5963,5.0879,116
-70.5963,6.2704,145
-70.5963,8.6355,174
-70.5963,11.0007,18
-70.5963,12.1832,156
-70.5963,15.7309,174
-70.5963,16.9135,174
-70.5963,19.2786,171
-70.5963,22.8263,128
-70.5963,24.0089,133
-70.5963,25.1915,1
-70.5963,26.374,204
-70.5963,27.5566,25
-70.5963,28.7392,29
-70.5963,29.9217,145
-70.5963,32.2868,116
-70.5963,33.4694,18
-70.5963,35.8345,174
-70.5963,38.1997,174
-70.5963,40.5648,176
-70.5963,44.1125,174
-70.5963,46.4776,174
-70.5963,50.0253,116
-70.5963,52.3904,174
-70.5963,53.573,60
-70.5963,54.7556,56
-70.5963,58.3033,87
-70.5963,60.6684,174
-70.5963,63.0335,87
-70.5963,64.2161,50
-70.5963,65.3987,8
-70.5963,66.5812,116
-70.5963,74.8592,147
-70.5963,76.0417,19
-70.5963,83.1371,120
-70.5963,87.8674,58
-70.5963,90.2325,116
-70.5963,92.5977,118
-70.5963,98.5105,54
-70.5963,99.693,120
-70.5963,106.7884,3
-69.4137,-98.9779,47
-69.4137,-91.8825,51
-69.4137,-90.6999,123
-69.4137,-87.1522,110
-69.4137,-84.7871,9
-69.4137,-83.6045,165
-69.4137,-81.2394,66
-69.4137,-77.6917,93
-69.4137,-76.5091,21
-69.4137,-75.3266,1
-69.4137,-74.144,173
-69.4137,-70.5963,173
-69.4137,-68.2312,174
-69.4137,-65.866,174
-69.4137,-59.9532,220
-69.4137,-56.4055,116
-69.4137,-54.0404,174
-69.4137,-51.6753,116
-69.4137,-50.4927,116
-69.4137,-46.945,116
-69.4137,-44.5799,174
-69.4137,-42.2147,211
-69.4137,-41.0322,87
-69.4137,-38.667,58
-69.4137,-37.4845,174
-69.4137,-36.3019,110
-69.4137,-35.1193,64
-69.4137,-33.9368,88
-69.4137,-30.3891,116
-69.4137,-29.2065,41
-69.4137,-26.8414,116
-69.4137,-24.4763,261
-69.4137,-22.1111,174
-69.4137,-20.9286,174
-69.4137,-17.3809,174
-69.4137,-16.1983,33
-69.4137,-13.8332,174
-69.4137,-10.2855,234
-69.4137,-9.1029,18
-69.4137,-7.9204,97
-69.4137,-6.7378,121
-69.4137,-5.5552,53
-69.4137,-3.1901,174
-69.4137,-0.825,120
-69.4137,0.3576,174
-69.4137,2.7227,67
-69.4137,3.9053,116
-69.4137,7.453,174
-69.4137,9.8181,174
-69.4137,12.1832,173
-69.4137,13.3658,174
-69.4137,16.9135,116
-69.4137,18.0961,62
-69.4137,19.2786,112
-69.4137,20.4612,58
-69.4137,21.6438,116
-69.4137,22.8263,5
-69.4137,25.1915,115
-69.4137,26.374,145
-69.4137,27.5566,160
-69.4137,28.7392,14
-69.4137,31.1043,174
-69.4137,32.2868,58
-69.4137,33.4694,116
-69.4137,34.652,87
-69.4137,35.8345,87
-69.4137,37.0171,87
-69.4137,38.1997,174
-69.4137,42.9299,174
-69.4137,47.6602,34
-69.4137,48.8428,82
-69.4137,50.0253,116
-69.4137,53.573,174
-69.4137,55.9381,174
-69.4137,59.4858,174
-69.4137,63.0335,116
-69.4137,64.2161,116
-69.4137,67.7638,116
-69.4137,70.1289,116
-69.4137,71.3115,3
-69.4137,72.4941,113
-69.4137,73.6766,26
-69.4137,74.8592,69
-69.4137,78.4069,174
-69.4137,80.772,174
-69.4137,85.5023,174
-69.4137,87.8674,116
-69.4137,96.1453,174
-68.2312,-109.6209,116
-68.2312,-104.8907,87
-68.2312,-102.5255,116
-68.2312,-98.9779,127
-68.2312,-94.2476,174
-68.2312,-88.3348,58
-68.2312,-85.9696,45
-68.2312,-82.4219,32
-68.2312,-81.2394,76
-68.2312,-78.8742,116
-68.2312,-76.5091,168
-68.2312,-72.9614,174
-68.2312,-69.4137,174
-68.2312,-64.6835,56
-68.2312,-63.5009,118
-68.2312,-62.3183,86
-68.2312,-61.1358,1
-68.2312,-57.5881,181
-68.2312,-56.4055,80
-68.2312,-55.223,116
-68.2312,-51.6753,87
-68.2312,-48.1276,116
-68.2312,-46.945,67
-68.2312,-45.7624,107
-68.2312,-43.3973,59
-68.2312,-41.0322,26
-68.2312,-39.8496,116
-68.2312,-33.9368,116
-68.2312,-32.7542,116
-68.2312,-29.2065,116
-68.2312,-28.024,174
-68.2312,-25.6588,116
-68.2312,-22.1111,174
-68.2312,-20.9286,174
-68.2312,-18.5634,116
-68.2312,-17.3809,174
-68.2312,-16.1983,49
-68.2312,-15.0157,179
-68.2312,-12.6506,150
-68.2312,-11.4681,111
-68.2312,-9.1029,58
-68.2312,-7.9204,77
-68.2312,-6.7378,174
-68.2312,-4.3727,174
-68.2312,-3.1901,174
-68.2312,-0.825,54
-68.2312,0.3576,174
-68.2312,2.7227,194
-68.2312,3.9053,116
-68.2312,5.0879,116
-68.2312,8.6355,174
-68.2312,9.8181,33
-68.2312,11.0007,79
-68.2312,12.1832,1
-68.2312,13.3658,87
-68.2312,15.7309,174
-68.2312,20.4612,174
-68.2312,22.8263,141
-68.2312,24.0089,115
-68.2312,26.374,1
-68.2312,29.9217,174
-68.2312,33.4694,24
-68.2312,34.652,86
-68.2312,37.0171,85
-68.2312,40.5648,181
-68.2312,41.7474,80
-68.2312,42.9299,87
-68.2312,44.1125,174
-68.2312,46.4776,174
-68.2312,48.8428,116
-68.2312,50.0253,58
-68.2312,52.3904,87
-68.2312,55.9381,116
-68.2312,57.1207,116
-68.2312,60.6684,174
-68.2312,64.2161,116
-68.2312,66.5812,174
-68.2312,70.1289,174
-68.2312,72.4941,174
-68.2312,74.8592,87
-68.2312,76.0417,174
-68.2312,81.9546,41
-68.2312,83.1371,133
-68.2312,90.2325,179
-68.2312,91.4151,82
-68.2312,93.7802,116
-68.2312,102.0582,24
-68.2312,104.4233,115
-68.2312,105.6059,59
-68.2312,107.971,87
-67.0486,-107.2558,2
-67.0486,-96.6127,138
-67.0486,-89.5173,116
-67.0486,-85.9696,129
-67.0486,-83.6045,116
-67.0486,-82.4219,58
-67.0486,-81.2394,62
-67.0486,-80.0568,43
-67.0486,-78.8742,116
-67.0486,-77.6917,58
-67.0486,-76.5091,6
-67.0486,-74.144,116
-67.0486,-67.0486,174
-67.0486,-65.866,90
-67.0486,-64.6835,26
-67.0486,-63.5009,87
-67.0486,-62.3183,24
-67.0486,-61.1358,150
-67.0486,-59.9532,174
-67.0486,-55.223,87
-67.0486,-54.0404,173
-67.0486,-52.8578,60
-67.0486,-50.4927,87
-67.0486,-49.3101,116
-67.0486,-48.1276,1
-67.0486,-45.7624,4
-67.0486,-44.5799,55
-67.0486,-43.3973,115
-67.0486,-41.0322,235
-67.0486,-38.667,116
-67.0486,-36.3019,261
-67.0486,-33.9368,43
-67.0486,-32.7542,130
-67.0486,-31.5717,88
-67.0486,-30.3891,86
-67.0486,-28.024,174
-67.0486,-24.4763,174
-67.0486,-19.746,73
-67.0486,-18.5634,187
-67.0486,-16.1983,97
-67.0486,-13.8332,174
-67.0486,-10.2855,174
-67.0486,-9.1029,116
-67.0486,-7.9204,1
-67.0486,-4.3727,159
-67.0486,-2.0075,145
-67.0486,-0.825,116
-67.0486,2.7227,29
-67.0486,5.0879,167
-67.0486,6.2704,174
-67.0486,9.8181,61
-67.0486,11.0007,1
-67.0486,12.1832,168
-67.0486,13.3658,141
-67.0486,14.5484,33
-67.0486,15.7309,174
-67.0486,18.0961,174
-67.0486,19.2786,116
-67.0486,21.6438,116
-67.0486,25.1915,261
-67.0486,27.5566,261
-67.0486,31.1043,127
-67.0486,32.2868,134
-67.0486,34.652,151
-67.0486,37.0171,176
-67.0486,38.1997,13
-67.0486,39.3822,220
-67.0486,41.7474,58
-67.0486,44.1125,116
-67.0486,45.2951,116
-67.0486,47.6602,58
-67.0486,51.2079,174
-67.0486,53.573,116
-67.0486,58.3033,116
-67.0486,59.4858,116
-67.0486,63.0335,116
-67.0486,67.7638,35
-67.0486,68.9464,139
-67.0486,78.4069,116
-67.0486,79.5894,172
-67.0486,80.772,2
-67.0486,84.3197,87
-67.0486,86.6848,177
-67.0486,87.8674,84
-67.0486,96.1453,174
-67.0486,98.5105,174
-67.0486,102.0582,150
-65.866,-107.2558,114
-65.866,-100.1604,174
-65.866,-96.6127,36
-65.866,-95.4302,103
-65.866,-94.2476,71
-65.866,-91.8825,174
-65.866,-87.1522,92
-65.866,-81.2394,69
-65.866,-76.5091,154
-65.866,-72.9614,87
-65.866,-71.7789,71
-65.866,-70.5963,103
-65.866,-68.2312,174
-65.866,-61.1358,111
-65.866,-59.9532,5
-65.866,-57.5881,261
-65.866,-55.223,112
-65.866,-52.8578,28
-65.866,-51.6753,116
-65.866,-49.3101,174
-65.866,-48.1276,57
-65.866,-46.945,116
-65.866,-45.7624,115
-65.866,-43.3973,252
-65.866,-42.2147,9
-65.866,-39.8496,174
-65.866,-37.4845,174
-65.866,-35.1193,174
-65.866,-32.7542,88
-65.866,-29.2065,116
-65.866,-25.6588,174
-65.866,-24.4763,87
-65.866,-23.2937,116
-65.866,-20.9286,174
-65.866,-18.5634,1
-65.866,-17.3809,49
-65.866,-16.1983,202
-65.866,-13.8332,24
-65.866,-12.6506,116
-65.866,-9.1029,115
-65.866,-7.9204,115
-65.866,-5.5552,174
-65.866,-4.3727,15
-65.866,0.3576,174
-65.866,2.7227,232
-65.866,5.0879,7
-65.866,7.453,13
-65.866,8.6355,116
-65.866,9.8181,116
-65.866,11.0007,52
-65.866,12.1832,6
-65.866,13.3658,48
-65.866,14.5484,117
-65.866,16.9135,51
-65.866,18.0961,116
-65.866,19.2786,145
-65.866,21.6438,116
-65.866,22.8263,174
-65.866,28.7392,63
-65.866,29.9217,198
-65.866,33.4694,234
-65.866,35.8345,116
-65.866,38.1997,28
-65.866,41.7474,200
-65.866,42.9299,3
-65.866,44.1125,58
-65.866,45.2951,58
-65.866,46.4776,86
-65.866,47.6602,120
-65.866,48.8428,62
-65.866,50.0253,116
-65.866,52.3904,116
-65.866,53.573,1
-65.866,54.7556,87
-65.866,57.1207,116
-65.866,60.6684,58
-65.866,61.851,24
-65.866,64.2161,116
-65.866,65.3987,49
-65.866,66.5812,125
-65.866,70.1289,116
-65.866,71.3115,174
-65.866,73.6766,93
-65.866,74.8592,27
-65.866,76.0417,87
-65.866,81.9546,174
-65.866,89.05,36
-65.866,90.2325,47
-65.866,92.5977,174
-65.866,111.5187,116
-64.6835,-110.8035,116
-64.6835,-103.7081,174
-64.6835,-89.5173,116
-64.6835,-87.1522,82
-64.6835,-84.7871,174
-64.6835,-82.4219,174
-64.6835,-80.0568,87
-64.6835,-78.8742,174
-64.6835,-76.5091,20
-64.6835,-74.144,174
-64.6835,-70.5963,45
-64.6835,-69.4137,1
-64.6835,-65.866,174
-64.6835,-64.6835,67
-64.6835,-63.5009,107
-64.6835,-62.3183,116
-64.6835,-58.7706,116
-64.6835,-56.4055,12
-64.6835,-55.223,120
-64.6835,-52.8578,174
-64.6835,-50.4927,116
-64.6835,-48.1276,136
-64.6835,-45.7624,116
-64.6835,-41.0322,174
-64.6835,-36.3019,174
-64.6835,-32.7542,116
-64.6835,-31.5717,174
-64.6835,-30.3891,87
-64.6835,-29.2065,50
-64.6835,-28.024,124
-64.6835,-26.8414,66
-64.6835,-24.4763,58
-64.6835,-23.2937,87
-64.6835,-22.1111,115
-64.6835,-19.746,174
-64.6835,-18.5634,174
-64.6835,-15.0157,100
-64.6835,-13.8332,295
-64.6835,-12.6506,19
-64.6835,-11.4681,174
-64.6835,-9.1029,146
-64.6835,-6.7378,99
-64.6835,-4.3727,174
-64.6835,-3.1901,116
-64.6835,-2.0075,58
-64.6835,-0.825,174
-64.6835,1.5402,174
-64.6835,3.9053,116
-64.6835,6.2704,236
-64.6835,7.453,12
-64.6835,8.6355,211
-64.6835,11.0007,122
-64.6835,13.3658,126
-64.6835,14.5484,75
-64.6835,15.7309,69
-64.6835,16.9135,94
-64.6835,20.4612,146
-64.6835,22.8263,174
-64.6835,25.1915,174
-64.6835,26.374,174
-64.6835,28.7392,174
-64.6835,31.1043,174
-64.6835,33.4694,27
-64.6835,35.8345,58
-64.6835,37.0171,122
-64.6835,38.1997,52
-64.6835,39.3822,145
-64.6835,40.5648,116
-64.6835,44.1125,176
-64.6835,46.4776,116
-64.6835,47.6602,22
-64.6835,48.8428,116
-64.6835,51.2079,116
-64.6835,53.573,115
-64.6835,54.7556,58
-64.6835,55.9381,174
-64.6835,58.3033,174
-64.6835,60.6684,130
-64.6835,61.851,107
-64.6835,64.2161,89
-64.6835,67.7638,174
-64.6835,73.6766,141
-64.6835,78.4069,174
-64.6835,80.772,116
-64.6835,84.3197,133
-64.6835,85.5023,41
-64.6835,86.6848,116
-64.6835,89.05,178
-64.6835,93.7802,57
-64.6835,94.9628,116
-64.6835,97.3279,58
-64.6835,98.5105,116
-64.6835,100.8756,47
-64.6835,104.4233,174
-64.6835,107.971,116
-63.5009,-107.2558,116
-63.5009,-101.343,58
-63.5009,-97.7953,116
-63.5009,-95.4302,116
-63.5009,-93.065,116
-63.5009,-90.6999,118
-63.5009,-88.3348,58
-63.5009,-85.9696,116
-63.5009,-76.5091,5
-63.5009,-72.9614,58
-63.5009,-71.7789,116
-63.5009,-70.5963,128
-63.5009,-68.2312,174
-63.5009,-64.6835,116
-63.5009,-62.3183,174
-63.5009,-61.1358,118
-63.5009,-59.9532,56
-63.5009,-58.7706,41
-63.5009,-57.5881,133
-63.5009,-56.4055,75
-63.5009,-49.3101,116
-63.5009,-48.1276,125
-63.5009,-44.5799,174
-63.5009,-42.2147,174
-63.5009,-38.667,174
-63.5009,-37.4845,87
-63.5009,-35.1193,116
-63.5009,-31.5717,116
-63.5009,-30.3891,90
-63.5009,-29.2065,161
-63.5009,-26.8414,195
-63.5009,-24.4763,116
-63.5009,-22.1111,59
-63.5009,-20.9286,1
-63.5009,-17.3809,31
-63.5009,-16.1983,230
-63.5009,-13.8332,84
-63.5009,-12.6506,82
-63.5009,-11.4681,41
-63.5009,-10.2855,58
-63.5009,-9.1029,116
-63.5009,-7.9204,87
-63.5009,-6.7378,162
-63.5009,-3.1901,174
-63.5009,-2.0075,166
-63.5009,-0.825,8
-63.5009,0.3576,116
-63.5009,2.7227,145
-63.5009,3.9053,116
-63.5009,5.0879,116
-63.5009,7.453,84
-63.5009,8.6355,50
-63.5009,9.8181,87
-63.5009,12.1832,174
-63.5009,13.3658,116
-63.5009,14.5484,58
-63.5009,15.7309,151
-63.5009,18.0961,236
-63.5009,19.2786,25
-63.5009,20.4612,115
-63.5009,21.6438,3
-63.5009,24.0089,114
-63.5009,26.374,163
-63.5009,29.9217,174
-63.5009,33.4694,116
-63.5009,34.652,174
-63.5009,35.8345,58
-63.5009,37.0171,58
-63.5009,38.1997,165
-63.5009,41.7474,231
-63.5009,44.1125,85
-63.5009,47.6602,113
-63.5009,50.0253,28
-63.5009,52.3904,231
-63.5009,54.7556,166
-63.5009,58.3033,116
-63.5009,59.4858,118
-63.5009,60.6684,56
-63.5009,64.2161,85
-63.5009,65.3987,116
-63.5009,66.5812,58
-63.5009,70.1289,116
-63.5009,71.3115,119
-63.5009,72.4941,55
-63.5009,76.0417,174
-63.5009,80.772,58
-63.5009,83.1371,174
-63.5009,85.5023,87
-63.5009,91.4151,116
-63.5009,93.7802,1
-63.5009,100.8756,69
-63.5009,102.0582,58
-62.3183,-103.7081,116
-62.3183,-101.343,42
-62.3183,-100.1604,74
-62.3183,-97.7953,58
-62.3183,-90.6999,56
-62.3183,-88.3348,116
-62.3183,-84.7871,87
-62.3183,-83.6045,158
-62.3183,-82.4219,16
-62.3183,-81.2394,116
-62.3183,-78.8742,84
-62.3183,-76.5091,226
-62.3183,-75.3266,30
-62.3183,-74.144,174
-62.3183,-69.4137,174
-62.3183,-67.0486,153
-62.3183,-58.7706,127
-62.3183,-55.223,116
-62.3183,-54.0404,174
-62.3183,-51.6753,174
-62.3183,-49.3101,58
-62.3183,-48.1276,58
-62.3183,-46.945,54
-62.3183,-45.7624,120
-62.3183,-44.5799,103
-62.3183,-43.3973,71
-62.3183,-41.0322,36
-62.3183,-39.8496,138
-62.3183,-38.667,173
-62.3183,-37.4845,1
-62.3183,-36.3019,211
-62.3183,-35.1193,8
-62.3183,-33.9368,170
-62.3183,-32.7542,91
-62.3183,-31.5717,82
-62.3183,-29.2065,10
-62.3183,-28.024,116
-62.3183,-25.6588,174
-62.3183,-23.2937,116
-62.3183,-22.1111,174
-62.3183,-20.9286,117
-62.3183,-19.746,56
-62.3183,-18.5634,174
-62.3183,-15.0157,174
-62.3183,-13.8332,116
-62.3183,-11.4681,138
-62.3183,-9.1029,56
-62.3183,-6.7378,118
-62.3183,-5.5552,174
-62.3183,-2.0075,116
-62.3183,-0.825,174
-62.3183,1.5402,174
-62.3183,5.0879,174
-62.3183,7.453,177
-62.3183,8.6355,144
-62.3183,9.8181,117
-62.3183,11.0007,116
-62.3183,13.3658,174
-62.3183,15.7309,110
-62.3183,16.9135,28
-62.3183,18.0961,81
-62.3183,19.2786,2
-62.3183,20.4612,259
-62.3183,21.6438,84
-62.3183,24.0089,60
-62.3183,26.374,98
-62.3183,27.5566,88
-62.3183,28.7392,173
-62.3183,32.2868,87
-62.3183,33.4694,153
-62.3183,34.652,51
-62.3183,35.8345,58
-62.3183,38.1997,9
-62.3183,39.3822,87
-62.3183,41.7474,30
-62.3183,42.9299,174
-62.3183,45.2951,174
-62.3183,47.6602,148
-62.3183,50.0253,233
-62.3183,52.3904,30
-62.3183,54.7556,8
-62.3183,57.1207,87
-62.3183,61.851,174
-62.3183,64.2161,174
-62.3183,66.5812,116
-62.3183,67.7638,174
-62.3183,70.1289,174
-62.3183,72.4941,173
-62.3183,73.6766,116
-62.3183,78.4069,116
-62.3183,79.5894,2
-62.3183,86.6848,87
-62.3183,89.05,174
-62.3183,93.7802,116
-62.3183,96.1453,147
-62.3183,97.3279,27
-62.3183,99.693,58
-62.3183,111.5187,116
-61.1358,-113.1686,116
-61.1358,-109.6209,116
-61.1358,-96.6127,116
-61.1358,-93.065,174
-61.1358,-90.6999,87
-61.1358,-85.9696,174
-61.1358,-81.2394,29
-61.1358,-78.8742,90
-61.1358,-76.5091,87
-61.1358,-71.7789,174
-61.1358,-67.0486,108
-61.1358,-64.6835,87
-61.1358,-63.5009,174
-61.1358,-61.1358,174
-61.1358,-58.7706,47
-61.1358,-57.5881,174
-61.1358,-56.4055,87
-61.1358,-55.223,174
-61.1358,-52.8578,116
-61.1358,-51.6753,116
-61.1358,-50.4927,87
-61.1358,-48.1276,116
-61.1358,-46.945,87
-61.1358,-45.7624,116
-61.1358,-42.2147,174
-61.1358,-39.8496,87
-61.1358,-35.1193,42
-61.1358,-31.5717,150
-61.1358,-30.3891,29
-61.1358,-29.2065,172
-61.1358,-26.8414,174
-61.1358,-23.2937,174
-61.1358,-22.1111,113
-61.1358,-20.9286,87
-61.1358,-18.5634,174
-61.1358,-17.3809,233
-61.1358,-16.1983,28
-61.1358,-13.8332,174
-61.1358,-12.6506,174
-61.1358,-10.2855,174
-61.1358,-9.1029,89
-61.1358,-7.9204,116
-61.1358,-6.7378,56
-61.1358,-5.5552,103
-61.1358,-4.3727,118
-61.1358,-3.1901,56
-61.1358,2.7227,116
-61.1358,8.6355,116
-61.1358,11.0007,31
-61.1358,14.5484,174
-61.1358,15.7309,23
-61.1358,16.9135,93
-61.1358,18.0961,152
-61.1358,22.8263,174
-61.1358,24.0089,37
-61.1358,25.1915,224
-61.1358,26.374,174
-61.1358,29.9217,174
-61.1358,32.2868,87
-61.1358,34.652,57
-61.1358,35.8345,116
-61.1358,37.0171,174
-61.1358,39.3822,87
-61.1358,40.5648,116
-61.1358,41.7474,58
-61.1358,45.2951,116
-61.1358,46.4776,116
-61.1358,47.6602,58
-61.1358,48.8428,116
-61.1358,50.0253,8
-61.1358,52.3904,87
-61.1358,53.573,174
-61.1358,55.9381,174
-61.1358,58.3033,174
-61.1358,60.6684,116
-61.1358,61.851,63
-61.1358,63.0335,111
-61.1358,67.7638,116
-61.1358,72.4941,1
-61.1358,76.0417,174
-61.1358,79.5894,104
-61.1358,80.772,155
-61.1358,84.3197,174
-61.1358,91.4151,66
-61.1358,98.5105,66
-61.1358,99.693,50
-61.1358,100.8756,83
-61.1358,102.0582,4
-61.1358,104.4233,174
-61.1358,107.971,174
-61.1358,115.0664,116
-59.9532,-106.0732,116
-59.9532,-103.7081,58
-59.9532,-102.5255,116
-59.9532,-98.9779,174
-59.9532,-96.6127,58
-59.9532,-89.5173,174
-59.9532,-84.7871,23
-59.9532,-83.6045,120
-59.9532,-81.2394,229
-59.9532,-78.8742,74
-59.9532,-75.3266,112
-59.9532,-74.144,149
-59.9532,-72.9614,87
-59.9532,-70.5963,174
-59.9532,-68.2312,174
-59.9532,-65.866,36
-59.9532,-62.3183,60
-59.9532,-59.9532,174
-59.9532,-49.3101,116
-59.9532,-48.1276,116
-59.9532,-45.7624,58
-59.9532,-44.5799,58
-59.9532,-43.3973,87
-59.9532,-42.2147,116
-59.9532,-41.0322,87
-59.9532,-38.667,174
-59.9532,-37.4845,174
-59.9532,-36.3019,28
-59.9532,-33.9368,174
-59.9532,-32.7542,174
-59.9532,-29.2065,89
-59.9532,-26.8414,116
-59.9532,-25.6588,174
-59.9532,-22.1111,3
-59.9532,-20.9286,174
-59.9532,-16.1983,109
-59.9532,-11.4681,36
-59.9532,-10.2855,116
-59.9532,-6.7378,116
-59.9532,-5.5552,71
-59.9532,-4.3727,58
-59.9532,-2.0075,261
-59.9532,0.3576,174
-59.9532,2.7227,174
-59.9532,3.9053,261
-59.9532,6.2704,250
-59.9532,7.453,11
-59.9532,9.8181,116
-59.9532,11.0007,56
-59.9532,12.1832,174
-59.9532,14.5484,87
-59.9532,15.7309,1
-59.9532,16.9135,145
-59.9532,19.2786,132
-59.9532,20.4612,42
-59.9532,21.6438,116
-59.9532,22.8263,138
-59.9532,24.0089,16
-59.9532,28.7392,261
-59.9532,31.1043,174
-59.9532,33.4694,174
-59.9532,34.652,174
-59.9532,37.0171,137
-59.9532,39.3822,174
-59.9532,40.5648,115
-59.9532,41.7474,87
-59.9532,42.9299,174
-59.9532,46.4776,116
-59.9532,48.8428,58
-59.9532,50.0253,108
-59.9532,51.2079,116
-59.9532,53.573,116
-59.9532,54.7556,174
-59.9532,57.1207,174
-59.9532,59.4858,174
-59.9532,64.2161,174
-59.9532,66.5812,116
-59.9532,70.1289,66
-59.9532,71.3115,116
-59.9532,73.6766,174
-59.9532,78.4069,174
-59.9532,81.9546,174
-59.9532,85.5023,26
-59.9532,86.6848,235
-59.9532,91.4151,108
-59.9532,93.7802,171
-59.9532,97.3279,116
-58.7706,-111.9861,116
-58.7706,-108.4384,116
-58.7706,-97.7953,6
-58.7706,-95.4302,52
-58.7706,-94.2476,122
-58.7706,-91.8825,137
-58.7706,-90.6999,37
-58.7706,-87.1522,174
-58.7706,-84.7871,118
-58.7706,-81.2394,3
-58.7706,-78.8742,187
-58.7706,-76.5091,116
-58.7706,-71.7789,116
-58.7706,-65.866,225
-58.7706,-63.5009,174
-58.7706,-62.3183,57
-58.7706,-61.1358,57
-58.7706,-57.5881,174
-58.7706,-55.223,261
-58.7706,-54.0404,35
-58.7706,-52.8578,226
-58.7706,-51.6753,34
-58.7706,-50.4927,227
-58.7706,-49.3101,58
-58.7706,-48.1276,114
-58.7706,-45.7624,116
-58.7706,-44.5799,116
-58.7706,-41.0322,174
-58.7706,-37.4845,116
-58.7706,-36.3019,168
-58.7706,-35.1193,65
-58.7706,-33.9368,168
-58.7706,-32.7542,66
-58.7706,-30.3891,174
-58.7706,-29.2065,116
-58.7706,-28.024,87
-58.7706,-24.4763,174
-58.7706,-22.1111,116
-58.7706,-18.5634,174
-58.7706,-17.3809,116
-58.7706,-16.1983,15
-58.7706,-15.0157,137
-58.7706,-13.8332,7
-58.7706,-12.6506,167
-58.7706,-11.4681,138
-58.7706,-10.2855,116
-58.7706,-7.9204,116
-58.7706,-6.7378,116
-58.7706,-5.5552,174
-58.7706,-4.3727,116
-58.7706,-0.825,171
-58.7706,1.5402,174
-58.7706,2.7227,64
-58.7706,5.0879,116
-58.7706,8.6355,261
-58.7706,11.0007,174
-58.7706,13.3658,174
-58.7706,14.5484,120
-58.7706,15.7309,86
-58.7706,16.9135,116
-58.7706,18.0961,174
-58.7706,20.4612,109
-58.7706,21.6438,74
-58.7706,22.8263,107
-58.7706,25.1915,219
-58.7706,26.374,42
-58.7706,27.5566,87
-58.7706,29.9217,81
-58.7706,32.2868,87
-58.7706,33.4694,17
-58.7706,37.0171,124
-58.7706,39.3822,159
-58.7706,40.5648,1
-58.7706,44.1125,87
-58.7706,47.6602,174
-58.7706,50.0253,136
-58.7706,61.851,87
-58.7706,65.3987,139
-58.7706,67.7638,174
-58.7706,70.1289,108
-58.7706,72.4941,174
-58.7706,76.0417,174
-58.7706,79.5894,161
-58.7706,80.772,13
-58.7706,84.3197,116
-58.7706,89.05,174
-58.7706,93.7802,62
-58.7706,94.9628,28
-58.7706,97.3279,58
-58.7706,99.693,58
-58.7706,102.0582,116
-58.7706,103.2407,58
-58.7706,105.6059,118
-58.7706,111.5187,116
-57.5881,-115.5338,116
-57.5881,-104.8907,116
-57.5881,-102.5255,87
-57.5881,-100.1604,58
-57.5881,-97.7953,69
-57.5881,-96.6127,99
-57.5881,-93.065,86
-57.5881,-89.5173,116
-57.5881,-88.3348,58
-57.5881,-82.4219,174
-57.5881,-77.6917,116
-57.5881,-75.3266,143
-57.5881,-72.9614,174
-57.5881,-69.4137,77
-57.5881,-68.2312,172
-57.5881,-64.6835,116
-57.5881,-62.3183,131
-57.5881,-61.1358,116
-57.5881,-58.7706,87
-57.5881,-56.4055,27
-57.5881,-54.0404,58
-57.5881,-52.8578,116
-57.5881,-49.3101,1
-57.5881,-48.1276,2
-57.5881,-46.945,116
-57.5881,-45.7624,58
-57.5881,-44.5799,116
-57.5881,-43.3973,116
-57.5881,-42.2147,58
-57.5881,-39.8496,87
-57.5881,-38.667,1
-57.5881,-36.3019,174
-57.5881,-32.7542,27
-57.5881,-31.5717,116
-57.5881,-30.3891,87
-57.5881,-28.024,174
-57.5881,-25.6588,174
-57.5881,-23.2937,87
-57.5881,-20.9286,174
-57.5881,-18.5634,174
-57.5881,-16.1983,116
-57.5881,-15.0157,174
-57.5881,-13.8332,174
-57.5881,-11.4681,174
-57.5881,-9.1029,116
-57.5881,-5.5552,116
-57.5881,-4.3727,174
-57.5881,-3.1901,62
-57.5881,-2.0075,112
-57.5881,-0.825,90
-57.5881,0.3576,96
-57.5881,2.7227,110
-57.5881,3.9053,148
-57.5881,5.0879,113
-57.5881,6.2704,174
-57.5881,9.8181,81
-57.5881,12.1832,174
-57.5881,14.5484,54
-57.5881,16.9135,116
-57.5881,19.2786,116
-57.5881,20.4612,78
-57.5881,22.8263,174
-57.5881,24.0089,116
-57.5881,26.374,145
-57.5881,28.7392,174
-57.5881,29.9217,180
-57.5881,32.2868,116
-57.5881,33.4694,157
-57.5881,35.8345,174
-57.5881,37.0171,174
-57.5881,39.3822,15
-57.5881,41.7474,174
-57.5881,42.9299,87
-57.5881,44.1125,174
-57.5881,45.2951,116
-57.5881,47.6602,62
-57.5881,48.8428,37
-57.5881,50.0253,88
-57.5881,51.2079,66
-57.5881,52.3904,108
-57.5881,53.573,63
-57.5881,54.7556,111
-57.5881,55.9381,116
-57.5881,57.1207,58
-57.5881,58.3033,174
-57.5881,60.6684,174
-57.5881,63.0335,174
-57.5881,65.3987,35
-57.5881,68.9464,116
-57.5881,70.1289,117
-57.5881,74.8592,116
-57.5881,78.4069,174
-57.5881,81.9546,116
-57.5881,84.3197,58
-57.5881,86.6848,174
-57.5881,91.4151,174
-57.5881,96.1453,10
-57.5881,98.5105,116
-57.5881,105.6059,56
-57.5881,109.1536,116
-56.4055,-109.6209,87
-56.4055,-107.2558,58
-56.4055,-100.1604,5
-56.4055,-98.9779,111
-56.4055,-95.4302,174
-56.4055,-93.065,1
-56.4055,-90.6999,87
-56.4055,-85.9696,174
-56.4055,-84.7871,60
-56.4055,-83.6045,56
-56.4055,-80.0568,174
-56.4055,-77.6917,58
-56.4055,-75.3266,31
-56.4055,-71.7789,119
-56.4055,-69.4137,99
-56.4055,-67.0486,174
-56.4055,-63.5009,4
-56.4055,-62.3183,126
-56.4055,-61.1358,122
-56.4055,-58.7706,174
-56.4055,-56.4055,234
-56.4055,-54.0404,116
-56.4055,-51.6753,174
-56.4055,-49.3101,115
-56.4055,-48.1276,116
-56.4055,-46.945,116
-56.4055,-43.3973,150
-56.4055,-41.0322,116
-56.4055,-39.8496,174
-56.4055,-38.667,115
-56.4055,-35.1193,230
-56.4055,-33.9368,31
-56.4055,-32.7542,116
-56.4055,-30.3891,116
-56.4055,-29.2065,116
-56.4055,-26.8414,116
-56.4055,-24.4763,261
-56.4055,-23.2937,116
-56.4055,-19.746,174
-56.4055,-17.3809,58
-56.4055,-16.1983,116
-56.4055,-12.6506,21
-56.4055,-11.4681,116
-56.4055,-10.2855,116
-56.4055,-9.1029,116
-56.4055,-7.9204,116
-56.4055,-3.1901,174
-56.4055,-0.825,174
-56.4055,0.3576,78
-56.4055,2.7227,174
-56.4055,6.2704,174
-56.4055,7.453,111
-56.4055,8.6355,63
-56.4055,9.8181,155
-56.4055,11.0007,25
-56.4055,13.3658,116
-56.4055,14.5484,58
-56.4055,15.7309,174
-56.4055,18.0961,59
-56.4055,20.4612,133
-56.4055,21.6438,116
-56.4055,24.0089,37
-56.4055,26.374,116
-56.4055,27.5566,102
-56.4055,28.7392,159
-56.4055,31.1043,116
-56.4055,33.4694,156
-56.4055,34.652,79
-56.4055,35.8345,82
-56.4055,39.3822,116
-56.4055,40.5648,116
-56.4055,41.7474,174
-56.4055,45.2951,87
-56.4055,47.6602,112
-56.4055,48.8428,174
-56.4055,51.2079,174
-56.4055,52.3904,1
-56.4055,53.573,173
-56.4055,54.7556,75
-56.4055,55.9381,99
-56.4055,57.1207,142
-56.4055,58.3033,48
-56.4055,59.4858,174
-56.4055,61.851,117
-56.4055,63.0335,57
-56.4055,64.2161,174
-56.4055,66.5812,123
-56.4055,67.7638,51
-56.4055,70.1289,57
-56.4055,72.4941,174
-56.4055,74.8592,116
-56.4055,76.0417,174
-56.4055,79.5894,75
-56.4055,80.772,111
-56.4055,83.1371,116
-56.4055,84.3197,81
-56.4055,85.5023,6
-56.4055,89.05,174
-56.4055,93.7802,174
-56.4055,96.1453,164
-56.4055,99.693,53
-56.4055,100.8756,121
-56.4055,115.0664,116
-55.223,-113.1686,116
-55.223,-106.0732,116
-55.223,-103.7081,58
-55.223,-100.1604,58
-55.223,-97.7953,125
-55.223,-93.065,174
-55.223,-89.5173,87
-55.223,-88.3348,27
-55.223,-87.1522,60
-55.223,-83.6045,58
-55.223,-82.4219,116
-55.223,-80.0568,174
-55.223,-77.6917,97
-55.223,-76.5091,141
-55.223,-74.144,261
-55.223,-71.7789,55
-55.223,-70.5963,173
-55.223,-69.4137,1
-55.223,-68.2312,174
-55.223,-64.6835,174
-55.223,-61.1358,52
-55.223,-55.223,130
-55.223,-52.8578,174
-55.223,-49.3101,116
-55.223,-45.7624,143
-55.223,-44.5799,1
-55.223,-43.3973,111
-55.223,-41.0322,116
-55.223,-39.8496,33
-55.223,-38.667,83
-55.223,-37.4845,116
-55.223,-36.3019,116
-55.223,-32.7542,116
-55.223,-31.5717,116
-55.223,-30.3891,14
-55.223,-29.2065,102
-55.223,-28.024,1
-55.223,-26.8414,145
-55.223,-23.2937,174
-55.223,-22.1111,116
-55.223,-19.746,174
-55.223,-18.5634,174
-55.223,-15.0157,116
-55.223,-12.6506,240
-55.223,-10.2855,87
-55.223,-7.9204,5
-55.223,-6.7378,174
-55.223,-5.5552,87
-55.223,-4.3727,174
-55.223,-2.0075,3
-55.223,-0.825,26
-55.223,0.3576,174
-55.223,3.9053,174
-55.223,5.0879,87
-55.223,7.453,116
-55.223,8.6355,174
-55.223,11.0007,174
-55.223,12.1832,174
-55.223,13.3658,116
-55.223,14.5484,116
-55.223,15.7309,58
-55.223,16.9135,116
-55.223,18.0961,115
-55.223,20.4612,128
-55.223,21.6438,26
-55.223,24.0089,224
-55.223,25.1915,37
-55.223,26.374,224
-55.223,29.9217,174
-55.223,33.4694,26
-55.223,35.8345,179
-55.223,38.1997,87
-55.223,39.3822,116
-55.223,41.7474,116
-55.223,44.1125,116
-55.223,45.2951,160
-55.223,46.4776,14
-55.223,47.6602,77
-55.223,50.0253,58
-55.223,51.2079,52
-55.223,53.573,27
-55.223,58.3033,71
-55.223,64.2161,56
-55.223,65.3987,52
-55.223,66.5812,121
-55.223,68.9464,261
-55.223,71.3115,117
-55.223,76.0417,116
-55.223,77.2243,56
-55.223,78.4069,118
-55.223,80.772,75
-55.223,85.5023,174
-55.223,87.8674,116
-55.223,90.2325,26
-55.223,91.4151,235
-55.223,98.5105,40
-55.223,103.2407,85
-55.223,104.4233,89
-55.223,106.7884,116
-55.223,111.5187,116
-54.0404,-117.8989,116
-54.0404,-108.4384,87
-54.0404,-103.7081,3
-54.0404,-102.5255,113
-54.0404,-100.1604,116
-54.0404,-97.7953,49
-54.0404,-95.4302,118
-54.0404,-88.3348,174
-54.0404,-85.9696,116
-54.0404,-84.7871,174
-54.0404,-82.4219,58
-54.0404,-77.6917,23
-54.0404,-72.9614,18
-54.0404,-71.7789,98
-54.0404,-65.866,174
-54.0404,-62.3183,174
-54.0404,-59.9532,261
-54.0404,-57.5881,174
-54.0404,-55.223,131
-54.0404,-51.6753,174
-54.0404,-49.3101,116
-54.0404,-48.1276,174
-54.0404,-44.5799,117
-54.0404,-43.3973,119
-54.0404,-42.2147,29
-54.0404,-41.0322,174
-54.0404,-39.8496,50
-54.0404,-38.667,8
-54.0404,-37.4845,230
-54.0404,-36.3019,31
-54.0404,-35.1193,261
-54.0404,-30.3891,208
-54.0404,-28.024,115
-54.0404,-26.8414,116
-54.0404,-25.6588,174
-54.0404,-22.1111,174
-54.0404,-19.746,29
-54.0404,-17.3809,174
-54.0404,-16.1983,174
-54.0404,-13.8332,174
-54.0404,-11.4681,249
-54.0404,-10.2855,12
-54.0404,-9.1029,87
-54.0404,-7.9204,111
-54.0404,-6.7378,116
-54.0404,-3.1901,261
-54.0404,-0.825,232
-54.0404,2.7227,174
-54.0404,6.2704,116
-54.0404,7.453,174
-54.0404,9.8181,27
-54.0404,12.1832,174
-54.0404,14.5484,261
-54.0404,18.0961,116
-54.0404,19.2786,116
-54.0404,20.4612,174
-54.0404,21.6438,148
-54.0404,24.0089,116
-54.0404,28.7392,260
-54.0404,32.2868,261
-54.0404,34.652,174
-54.0404,37.0171,116
-54.0404,38.1997,27
-54.0404,39.3822,147
-54.0404,42.9299,234
-54.0404,44.1125,27
-54.0404,45.2951,116
-54.0404,47.6602,184
-54.0404,50.0253,116
-54.0404,51.2079,106
-54.0404,52.3904,103
-54.0404,53.573,158
-54.0404,54.7556,76
-54.0404,55.9381,204
-54.0404,57.1207,57
-54.0404,58.3033,107
-54.0404,59.4858,116
-54.0404,60.6684,86
-54.0404,61.851,175
-54.0404,64.2161,118
-54.0404,66.5812,1
-54.0404,70.1289,53
-54.0404,71.3115,4
-54.0404,73.6766,174
-54.0404,77.2243,116
-54.0404,81.9546,174
-54.0404,83.1371,5
-54.0404,84.3197,53
-54.0404,87.8674,58
-54.0404,93.7802,85
-54.0404,94.9628,176
-54.0404,97.3279,142
-54.0404,98.5105,79
-54.0404,102.0582,83
-54.0404,105.6059,87
-54.0404,117.4315,116
-52.8578,-114.3512,87
-52.8578,-110.8035,116
-52.8578,-104.8907,116
-52.8578,-98.9779,116
-52.8578,-95.4302,12
-52.8578,-94.2476,44
-52.8578,-93.065,20
-52.8578,-90.6999,174
-52.8578,-87.1522,1
-52.8578,-85.9696,57
-52.8578,-81.2394,174
-52.8578,-78.8742,116
-52.8578,-77.6917,116
-52.8578,-75.3266,174
-52.8578,-72.9614,145
-52.8578,-70.5963,174
-52.8578,-68.2312,174
-52.8578,-65.866,174
-52.8578,-64.6835,116
-52.8578,-63.5009,58
-52.8578,-62.3183,174
-52.8578,-57.5881,102
-52.8578,-56.4055,87
-52.8578,-52.8578,174
-52.8578,-48.1276,174
-52.8578,-46.945,174
-52.8578,-44.5799,164
-52.8578,-43.3973,113
-52.8578,-38.667,174
-52.8578,-32.7542,240
-52.8578,-31.5717,21
-52.8578,-30.3891,53
-52.8578,-28.024,174
-52.8578,-25.6588,116
-52.8578,-24.4763,77
-52.8578,-23.2937,184
-52.8578,-19.746,232
-52.8578,-16.1983,178
-52.8578,-15.0157,83
-52.8578,-12.6506,116
-52.8578,-10.2855,116
-52.8578,-7.9204,116
-52.8578,-6.7378,116
-52.8578,-5.5552,174
-52.8578,-2.0075,174
-52.8578,0.3576,85
-52.8578,1.5402,174
-52.8578,2.7227,174
-52.8578,3.9053,116
-52.8578,5.0879,58
-52.8578,6.2704,116
-52.8578,8.6355,148
-52.8578,9.8181,86
-52.8578,11.0007,116
-52.8578,16.9135,116
-52.8578,19.2786,116
-52.8578,21.6438,174
-52.8578,24.0089,58
-52.8578,25.1915,174
-52.8578,26.374,7
-52.8578,27.5566,187
-52.8578,28.7392,1
-52.8578,31.1043,174
-52.8578,33.4694,49
-52.8578,34.652,174
-52.8578,35.8345,68
-52.8578,37.0171,77
-52.8578,38.1997,15
-52.8578,40.5648,261
-52.8578,42.9299,13
-52.8578,44.1125,116
-52.8578,46.4776,174
-52.8578,48.8428,88
-52.8578,51.2079,174
-52.8578,52.3904,54
-52.8578,53.573,4
-52.8578,54.7556,48
-52.8578,58.3033,38
-52.8578,60.6684,121
-52.8578,63.0335,92
-52.8578,65.3987,174
-52.8578,66.5812,47
-52.8578,67.7638,127
-52.8578,68.9464,116
-52.8578,70.1289,58
-52.8578,71.3115,57
-52.8578,72.4941,117
-52.8578,73.6766,3
-52.8578,74.8592,116
-52.8578,78.4069,72
-52.8578,79.5894,189
-52.8578,83.1371,109
-52.8578,84.3197,7
-52.8578,85.5023,23
-52.8578,86.6848,93
-52.8578,89.05,174
-52.8578,91.4151,115
-52.8578,92.5977,46
-52.8578,100.8756,174
-52.8578,102.0582,4
-52.8578,104.4233,58
-52.8578,109.1536,174
-52.8578,113.8838,116
-51.6753,-107.2558,116
-51.6753,-102.5255,111
-51.6753,-101.343,63
-51.6753,-100.1604,58
-51.6753,-96.6127,87
-51.6753,-95.4302,41
-51.6753,-94.2476,1
-51.6753,-93.065,67
-51.6753,-89.5173,174
-51.6753,-87.1522,78
-51.6753,-85.9696,38
-51.6753,-84.7871,69
-51.6753,-83.6045,192
-51.6753,-80.0568,122
-51.6753,-78.8742,52
-51.6753,-76.5091,72
-51.6753,-74.144,174
-51.6753,-71.7789,116
-51.6753,-68.2312,174
-51.6753,-64.6835,116
-51.6753,-59.9532,193
-51.6753,-58.7706,41
-51.6753,-57.5881,118
-51.6753,-55.223,261
-51.6753,-52.8578,174
-51.6753,-51.6753,82
-51.6753,-50.4927,179
-51.6753,-46.945,174
-51.6753,-44.5799,10
-51.6753,-43.3973,83
-51.6753,-42.2147,116
-51.6753,-41.0322,116
-51.6753,-37.4845,174
-51.6753,-36.3019,174
-51.6753,-33.9368,116
-51.6753,-32.7542,133
-51.6753,-31.5717,116
-51.6753,-29.2065,116
-51.6753,-28.024,4
-51.6753,-26.8414,116
-51.6753,-25.6588,116
-51.6753,-22.1111,174
-51.6753,-19.746,174
-51.6753,-18.5634,174
-51.6753,-13.8332,193
-51.6753,-12.6506,39
-51.6753,-11.4681,174
-51.6753,-9.1029,116
-51.6753,-7.9204,116
-51.6753,-5.5552,174
-51.6753,-4.3727,58
-51.6753,-3.1901,116
-51.6753,-0.825,108
-51.6753,0.3576,68
-51.6753,3.9053,116
-51.6753,7.453,261
-51.6753,11.0007,174
-51.6753,13.3658,174
-51.6753,14.5484,130
-51.6753,15.7309,131
-51.6753,16.9135,83
-51.6753,18.0961,146
-51.6753,20.4612,261
-51.6753,24.0089,174
-51.6753,25.1915,174
-51.6753,27.5566,67
-51.6753,28.7392,232
-51.6753,29.9217,4
-51.6753,31.1043,87
-51.6753,32.2868,119
-51.6753,33.4694,64
-51.6753,35.8345,87
-51.6753,37.0171,174
-51.6753,38.1997,72
-51.6753,39.3822,174
-51.6753,42.9299,161
-51.6753,45.2951,58
-51.6753,48.8428,173
-51.6753,51.2079,87
-51.6753,53.573,116
-51.6753,54.7556,126
-51.6753,57.1207,116
-51.6753,58.3033,116
-51.6753,59.4858,44
-51.6753,60.6684,53
-51.6753,63.0335,169
-51.6753,66.5812,62
-51.6753,67.7638,174
-51.6753,71.3115,116
-51.6753,73.6766,84
-51.6753,77.2243,174
-51.6753,79.5894,24
-51.6753,80.772,103
-51.6753,81.9546,116
-51.6753,85.5023,116
-51.6753,87.8674,174
-51.6753,91.4151,13
-51.6753,93.7802,116
-51.6753,96.1453,174
-51.6753,98.5105,174
-51.6753,104.4233,116
-51.6753,106.7884,87
-51.6753,111.5187,56
-50.4927,-115.5338,116
-50.4927,-111.9861,116
-50.4927,-109.6209,116
-50.4927,-104.8907,94
-50.4927,-103.7081,22
-50.4927,-97.7953,11
-50.4927,-96.6127,116
-50.4927,-95.4302,14
-50.4927,-94.2476,118
-50.4927,-91.8825,174
-50.4927,-85.9696,174
-50.4927,-81.2394,174
-50.4927,-77.6917,58
-50.4927,-76.5091,152
-50.4927,-75.3266,57
-50.4927,-72.9614,87
-50.4927,-69.4137,174
-50.4927,-65.866,174
-50.4927,-62.3183,174
-50.4927,-59.9532,68
-50.4927,-58.7706,10
-50.4927,-56.4055,174
-50.4927,-55.223,174
-50.4927,-51.6753,116
-50.4927,-50.4927,87
-50.4927,-49.3101,174
-50.4927,-45.7624,116
-50.4927,-43.3973,178
-50.4927,-42.2147,58
-50.4927,-41.0322,116
-50.4927,-39.8496,174
-50.4927,-37.4845,116
-50.4927,-36.3019,116
-50.4927,-35.1193,114
-50.4927,-32.7542,128
-50.4927,-30.3891,174
-50.4927,-29.2065,14
-50.4927,-28.024,112
-50.4927,-26.8414,116
-50.4927,-25.6588,87
-50.4927,-23.2937,261
-50.4927,-22.1111,116
-50.4927,-20.9286,22
-50.4927,-18.5634,116
-50.4927,-17.3809,174
-50.4927,-15.0157,174
-50.4927,-11.4681,135
-50.4927,-10.2855,174
-50.4927,-7.9204,174
-50.4927,-6.7378,174
-50.4927,-4.3727,116
-50.4927,-2.0075,261
-50.4927,1.5402,174
-50.4927,2.7227,115
-50.4927,3.9053,59
-50.4927,5.0879,174
-50.4927,8.6355,69
-50.4927,9.8181,174
-50.4927,11.0007,87
-50.4927,12.1832,116
-50.4927,13.3658,52
-50.4927,14.5484,32
-50.4927,15.7309,48
-50.4927,16.9135,32
-50.4927,18.0961,144
-50.4927,19.2786,117
-50.4927,22.8263,174
-50.4927,26.374,116
-50.4927,27.5566,145
-50.4927,28.7392,25
-50.4927,29.9217,116
-50.4927,31.1043,2
-50.4927,32.2868,116
-50.4927,34.652,116
-50.4927,35.8345,174
-50.4927,41.7474,174
-50.4927,42.9299,116
-50.4927,45.2951,116
-50.4927,46.4776,116
-50.4927,47.6602,58
-50.4927,50.0253,174
-50.4927,52.3904,174
-50.4927,53.573,116
-50.4927,55.9381,173
-50.4927,57.1207,62
-50.4927,58.3033,116
-50.4927,59.4858,72
-50.4927,60.6684,56
-50.4927,61.851,205
-50.4927,65.3987,175
-50.4927,66.5812,24
-50.4927,70.1289,116
-50.4927,72.4941,174
-50.4927,74.8592,184
-50.4927,76.0417,77
-50.4927,79.5894,134
-50.4927,83.1371,6
-50.4927,84.3197,110
-50.4927,90.2325,174
-50.4927,100.8756,98
-50.4927,102.0582,163
-50.4927,109.1536,58
-50.4927,111.5187,118
-50.4927,115.0664,87
-49.3101,-119.0815,116
-49.3101,-106.0732,87
-49.3101,-102.5255,87
-49.3101,-100.1604,116
-49.3101,-98.9779,58
-49.3101,-97.7953,47
-49.3101,-93.065,58
-49.3101,-90.6999,162
-49.3101,-88.3348,174
-49.3101,-83.6045,133
-49.3101,-80.0568,77
-49.3101,-78.8742,184
-49.3101,-76.5091,9
-49.3101,-71.7789,233
-49.3101,-70.5963,28
-49.3101,-68.2312,174
-49.3101,-67.0486,87
-49.3101,-64.6835,54
-49.3101,-63.5009,120
-49.3101,-61.1358,174
-49.3101,-58.7706,251
-49.3101,-56.4055,116
-49.3101,-52.8578,174
-49.3101,-49.3101,116
-49.3101,-46.945,174
-49.3101,-44.5799,116
-49.3101,-43.3973,28
-49.3101,-41.0322,116
-49.3101,-36.3019,174
-49.3101,-35.1193,134
-49.3101,-33.9368,13
-49.3101,-32.7542,174
-49.3101,-29.2065,102
-49.3101,-28.024,116
-49.3101,-26.8414,174
-49.3101,-24.4763,174
-49.3101,-22.1111,6
-49.3101,-20.9286,117
-49.3101,-19.746,261
-49.3101,-17.3809,116
-49.3101,-16.1983,174
-49.3101,-13.8332,261
-49.3101,-11.4681,126
-49.3101,-10.2855,116
-49.3101,-7.9204,79
-49.3101,-5.5552,101
-49.3101,-4.3727,96
-49.3101,-3.1901,92
-49.3101,-0.825,89
-49.3101,0.3576,174
-49.3101,1.5402,87
-49.3101,2.7227,122
-49.3101,3.9053,116
-49.3101,5.0879,58
-49.3101,6.2704,174
-49.3101,8.6355,192
-49.3101,9.8181,169
-49.3101,11.0007,5
-49.3101,12.1832,116
-49.3101,14.5484,177
-49.3101,15.7309,126
-49.3101,20.4612,174
-49.3101,21.6438,80
-49.3101,24.0089,174
-49.3101,25.1915,174
-49.3101,28.7392,144
-49.3101,31.1043,114
-49.3101,33.4694,174
-49.3101,34.652,1
-49.3101,38.1997,174
-49.3101,39.3822,87
-49.3101,40.5648,235
-49.3101,42.9299,116
-49.3101,44.1125,174
-49.3101,46.4776,87
-49.3101,47.6602,87
-49.3101,48.8428,116
-49.3101,51.2079,174
-49.3101,53.573,58
-49.3101,54.7556,116
-49.3101,57.1207,26
-49.3101,64.2161,174
-49.3101,67.7638,174
-49.3101,71.3115,116
-49.3101,73.6766,174
-49.3101,77.2243,174
-49.3101,81.9546,174
-49.3101,85.5023,174
-49.3101,87.8674,174
-49.3101,91.4151,3
-49.3101,92.5977,171
-49.3101,93.7802,7
-49.3101,94.9628,116
-49.3101,97.3279,117
-49.3101,104.4233,87
-49.3101,105.6059,174
-49.3101,109.1536,116
-49.3101,118.6141,174
-48.1276,-113.1686,116
-48.1276,-110.8035,116
-48.1276,-108.4384,116
-48.1276,-103.7081,116
-48.1276,-102.5255,87
-48.1276,-97.7953,116
-48.1276,-95.4302,174
-48.1276,-93.065,116
-48.1276,-90.6999,12
-48.1276,-87.1522,174
-48.1276,-84.7871,94
-48.1276,-83.6045,34
-48.1276,-81.2394,174
-48.1276,-77.6917,88
-48.1276,-76.5091,173
-48.1276,-75.3266,15
-48.1276,-74.144,246
-48.1276,-69.4137,159
-48.1276,-65.866,174
-48.1276,-62.3183,174
-48.1276,-59.9532,174
-48.1276,-55.223,159
-48.1276,-51.6753,103
-48.1276,-50.4927,158
-48.1276,-46.945,116
-48.1276,-45.7624,87
-48.1276,-44.5799,116
-48.1276,-43.3973,94
-48.1276,-42.2147,139
-48.1276,-38.667,261
-48.1276,-35.1193,88
-48.1276,-33.9368,116
-48.1276,-30.3891,174
-48.1276,-29.2065,174
-48.1276,-25.6588,29
-48.1276,-23.2937,261
-48.1276,-20.9286,174
-48.1276,-17.3809,174
-48.1276,-16.1983,87
-48.1276,-15.0157,174
-48.1276,-12.6506,174
-48.1276,-10.2855,173
-48.1276,-9.1029,116
-48.1276,-7.9204,8
-48.1276,-6.7378,174
-48.1276,-5.5552,35
-48.1276,-4.3727,116
-48.1276,-3.1901,169
-48.1276,-0.825,85
-48.1276,0.3576,174
-48.1276,2.7227,52
-48.1276,3.9053,74
-48.1276,5.0879,133
-48.1276,7.453,174
-48.1276,8.6355,17
-48.1276,9.8181,93
-48.1276,11.0007,73
-48.1276,12.1832,35
-48.1276,13.3658,116
-48.1276,14.5484,116
-48.1276,15.7309,145
-48.1276,16.9135,174
-48.1276,19.2786,116
-48.1276,20.4612,127
-48.1276,21.6438,6
-48.1276,22.8263,175
-48.1276,25.1915,7
-48.1276,26.374,61
-48.1276,27.5566,174
-48.1276,28.7392,30
-48.1276,29.9217,87
-48.1276,32.2868,116
-48.1276,34.652,173
-48.1276,37.0171,174
-48.1276,38.1997,122
-48.1276,39.3822,52
-48.1276,40.5648,26
-48.1276,42.9299,121
-48.1276,45.2951,81
-48.1276,46.4776,93
-48.1276,47.6602,54
-48.1276,48.8428,94
-48.1276,50.0253,80
-48.1276,53.573,116
-48.1276,54.7556,2
-48.1276,55.9381,174
-48.1276,58.3033,87
-48.1276,59.4858,174
-48.1276,61.851,131
-48.1276,63.0335,43
-48.1276,65.3987,261
-48.1276,67.7638,58
-48.1276,68.9464,132
-48.1276,70.1289,129
-48.1276,76.0417,174
-48.1276,79.5894,174
-48.1276,84.3197,176
-48.1276,86.6848,116
-48.1276,90.2325,174
-48.1276,93.7802,51
-48.1276,96.1453,25
-48.1276,97.3279,119
-48.1276,99.693,174
-48.1276,113.8838,116
-46.945,-116.7163,116
-46.945,-106.0732,87
-46.945,-100.1604,116
-46.945,-98.9779,58
-46.945,-93.065,87
-46.945,-91.8825,115
-46.945,-90.6999,1
-46.945,-89.5173,174
-46.945,-80.0568,87
-46.945,-71.7789,174
-46.945,-69.4137,102
-46.945,-68.2312,57
-46.945,-67.0486,117
-46.945,-64.6835,58
-46.945,-63.5009,116
-46.945,-62.3183,35
-46.945,-57.5881,261
-46.945,-55.223,102
-46.945,-52.8578,116
-46.945,-51.6753,174
-46.945,-49.3101,212
-46.945,-48.1276,49
-46.945,-45.7624,174
-46.945,-43.3973,87
-46.945,-41.0322,234
-46.945,-39.8496,27
-46.945,-37.4845,116
-46.945,-35.1193,86
-46.945,-33.9368,7
-46.945,-32.7542,177
-46.945,-31.5717,84
-46.945,-30.3891,174
-46.945,-29.2065,58
-46.945,-26.8414,116
-46.945,-25.6588,232
-46.945,-19.746,116
-46.945,-16.1983,174
-46.945,-13.8332,116
-46.945,-10.2855,88
-46.945,-9.1029,116
-46.945,-5.5552,174
-46.945,-3.1901,144
-46.945,-2.0075,150
-46.945,-0.825,87
-46.945,0.3576,58
-46.945,1.5402,174
-46.945,3.9053,100
-46.945,5.0879,41
-46.945,6.2704,116
-46.945,8.6355,150
-46.945,9.8181,1
-46.945,11.0007,153
-46.945,13.3658,116
-46.945,16.9135,87
-46.945,18.0961,261
-46.945,20.4612,134
-46.945,22.8263,123
-46.945,24.0089,174
-46.945,25.1915,39
-46.945,26.374,70
-46.945,27.5566,116
-46.945,28.7392,174
-46.945,31.1043,87
-46.945,32.2868,116
-46.945,33.4694,174
-46.945,35.8345,116
-46.945,37.0171,116
-46.945,40.5648,116
-46.945,41.7474,116
-46.945,42.9299,53
-46.945,44.1125,116
-46.945,45.2951,58
-46.945,47.6602,62
-46.945,48.8428,58
-46.945,51.2079,192
-46.945,52.3904,69
-46.945,54.7556,172
-46.945,57.1207,116
-46.945,58.3033,116
-46.945,60.6684,259
-46.945,61.851,2
-46.945,63.0335,174
-46.945,67.7638,116
-46.945,70.1289,116
-46.945,71.3115,174
-46.945,73.6766,121
-46.945,78.4069,174
-46.945,81.9546,174
-46.945,84.3197,85
-46.945,87.8674,129
-46.945,89.05,5
-46.945,92.5977,174
-46.945,94.9628,116
-46.945,102.0582,174
-46.945,107.971,87
-46.945,110.3361,123
-46.945,111.5187,51
-45.7624,-111.9861,87
-45.7624,-109.6209,116
-45.7624,-107.2558,87
-45.7624,-103.7081,87
-45.7624,-102.5255,54
-45.7624,-101.343,72
-45.7624,-97.7953,87
-45.7624,-95.4302,58
-45.7624,-85.9696,174
-45.7624,-83.6045,174
-45.7624,-81.2394,178
-45.7624,-78.8742,174
-45.7624,-77.6917,58
-45.7624,-75.3266,174
-45.7624,-74.144,116
-45.7624,-70.5963,87
-45.7624,-68.2312,96
-45.7624,-65.866,174
-45.7624,-62.3183,8
-45.7624,-61.1358,218
-45.7624,-59.9532,116
-45.7624,-57.5881,26
-45.7624,-56.4055,216
-45.7624,-54.0404,173
-45.7624,-52.8578,88
-45.7624,-50.4927,51
-45.7624,-49.3101,65
-45.7624,-48.1276,166
-45.7624,-46.945,18
-45.7624,-44.5799,174
-45.7624,-42.2147,154
-45.7624,-38.667,231
-45.7624,-37.4845,30
-45.7624,-36.3019,174
-45.7624,-35.1193,116
-45.7624,-33.9368,51
-45.7624,-31.5717,58
-45.7624,-28.024,116
-45.7624,-26.8414,174
-45.7624,-25.6588,13
-45.7624,-23.2937,174
-45.7624,-22.1111,261
-45.7624,-19.746,116
-45.7624,-18.5634,233
-45.7624,-17.3809,28
-45.7624,-15.0157,174
-45.7624,-11.4681,174
-45.7624,-10.2855,109
-45.7624,-9.1029,152
-45.7624,-7.9204,145
-45.7624,-6.7378,77
-45.7624,-4.3727,109
-45.7624,-3.1901,8
-45.7624,-2.0075,24
-45.7624,0.3576,116
-45.7624,1.5402,58
-45.7624,2.7227,116
-45.7624,3.9053,58
-45.7624,5.0879,116
-45.7624,7.453,116
-45.7624,9.8181,174
-45.7624,11.0007,87
-45.7624,12.1832,116
-45.7624,14.5484,176
-45.7624,15.7309,85
-45.7624,16.9135,160
-45.7624,19.2786,174
-45.7624,20.4612,87
-45.7624,21.6438,129
-45.7624,22.8263,9
-45.7624,24.0089,174
-45.7624,25.1915,24
-45.7624,26.374,60
-45.7624,28.7392,116
-45.7624,29.9217,116
-45.7624,31.1043,58
-45.7624,32.2868,116
-45.7624,34.652,174
-45.7624,35.8345,87
-45.7624,39.3822,174
-45.7624,40.5648,126
-45.7624,41.7474,135
-45.7624,42.9299,174
-45.7624,46.4776,174
-45.7624,47.6602,116
-45.7624,50.0253,174
-45.7624,53.573,261
-45.7624,55.9381,174
-45.7624,58.3033,114
-45.7624,59.4858,60
-45.7624,63.0335,38
-45.7624,64.2161,116
-45.7624,66.5812,174
-45.7624,68.9464,87
-45.7624,71.3115,107
-45.7624,72.4941,67
-45.7624,73.6766,140
-45.7624,76.0417,174
-45.7624,79.5894,174
-45.7624,83.1371,174
-45.7624,85.5023,118
-45.7624,86.6848,21
-45.7624,87.8674,11
-45.7624,89.05,29
-45.7624,90.2325,174
-45.7624,94.9628,58
-45.7624,97.3279,174
-45.7624,104.4233,116
-45.7624,105.6059,58
-45.7624,113.8838,55
-45.7624,116.249,174
-45.7624,120.9792,116
-44.5799,-121.4466,116
-44.5799,-117.8989,87
-44.5799,-114.3512,116
-44.5799,-106.0732,116
-44.5799,-101.343,48
-44.5799,-98.9779,174
-44.5799,-95.4302,116
-44.5799,-91.8825,116
-44.5799,-90.6999,174
-44.5799,-88.3348,174
-44.5799,-83.6045,131
-44.5799,-81.2394,83
-44.5799,-80.0568,6
-44.5799,-77.6917,116
-44.5799,-74.144,174
-44.5799,-71.7789,116
-44.5799,-70.5963,97
-44.5799,-68.2312,165
-44.5799,-67.0486,1
-44.5799,-64.6835,116
-44.5799,-63.5009,116
-44.5799,-59.9532,116
-44.5799,-58.7706,130
-44.5799,-57.5881,105
-44.5799,-56.4055,45
-44.5799,-51.6753,174
-44.5799,-49.3101,174
-44.5799,-46.945,77
-44.5799,-45.7624,116
-44.5799,-43.3973,22
-44.5799,-42.2147,85
-44.5799,-41.0322,15
-44.5799,-39.8496,246
-44.5799,-37.4845,111
-44.5799,-35.1193,52
-44.5799,-32.7542,174
-44.5799,-31.5717,116
-44.5799,-29.2065,174
-44.5799,-28.024,174
-44.5799,-25.6588,103
-44.5799,-23.2937,174
-44.5799,-20.9286,116
-44.5799,-17.3809,85
-44.5799,-16.1983,176
-44.5799,-12.6506,174
-44.5799,-11.4681,174
-44.5799,-6.7378,39
-44.5799,-5.5552,174
-44.5799,-3.1901,174
-44.5799,-0.825,261
-44.5799,1.5402,116
-44.5799,2.7227,29
-44.5799,3.9053,110
-44.5799,5.0879,87
-44.5799,6.2704,261
-44.5799,8.6355,174
-44.5799,11.0007,27
-44.5799,12.1832,55
-44.5799,13.3658,116
-44.5799,15.7309,87
-44.5799,16.9135,14
-44.5799,21.6438,103
-44.5799,22.8263,201
-44.5799,25.1915,116
-44.5799,27.5566,116
-44.5799,28.7392,58
-44.5799,29.9217,116
-44.5799,31.1043,174
-44.5799,33.4694,116
-44.5799,35.8345,116
-44.5799,37.0171,174
-44.5799,39.3822,87
-44.5799,44.1125,58
-44.5799,45.2951,174
-44.5799,47.6602,58
-44.5799,48.8428,174
-44.5799,51.2079,234
-44.5799,54.7556,174
-44.5799,57.1207,116
-44.5799,60.6684,130
-44.5799,61.851,80
-44.5799,63.0335,143
-44.5799,66.5812,116
-44.5799,67.7638,116
-44.5799,70.1289,174
-44.5799,74.8592,174
-44.5799,77.2243,81
-44.5799,78.4069,180
-44.5799,81.9546,116
-44.5799,86.6848,122
-44.5799,87.8674,25
-44.5799,89.05,5
-44.5799,92.5977,174
-44.5799,94.9628,3
-44.5799,96.1453,55
-44.5799,100.8756,174
-44.5799,102.0582,40
-44.5799,103.2407,18
-44.5799,107.971,174
-44.5799,110.3361,58
-44.5799,112.7013,46
-44.5799,113.8838,73
-43.3973,-110.8035,1
-43.3973,-109.6209,86
-43.3973,-108.4384,87
-43.3973,-103.7081,174
-43.3973,-96.6127,174
-43.3973,-94.2476,116
-43.3973,-91.8825,57
-43.3973,-89.5173,22
-43.3973,-87.1522,162
-43.3973,-85.9696,99
-43.3973,-84.7871,87
-43.3973,-83.6045,43
-43.3973,-80.0568,81
-43.3973,-76.5091,174
-43.3973,-71.7789,58
-43.3973,-70.5963,77
-43.3973,-69.4137,87
-43.3973,-67.0486,115
-43.3973,-63.5009,174
-43.3973,-62.3183,174
-43.3973,-56.4055,174
-43.3973,-55.223,261
-43.3973,-52.8578,180
-43.3973,-48.1276,116
-43.3973,-45.7624,131
-43.3973,-44.5799,174
-43.3973,-43.3973,116
-43.3973,-41.0322,116
-43.3973,-39.8496,100
-43.3973,-38.667,51
-43.3973,-37.4845,150
-43.3973,-35.1193,209
-43.3973,-32.7542,174
-43.3973,-31.5717,116
-43.3973,-29.2065,174
-43.3973,-26.8414,160
-43.3973,-25.6588,14
-43.3973,-24.4763,116
-43.3973,-22.1111,174
-43.3973,-20.9286,116
-43.3973,-18.5634,174
-43.3973,-15.0157,174
-43.3973,-12.6506,174
-43.3973,-10.2855,116
-43.3973,-7.9204,174
-43.3973,-6.7378,174
-43.3973,-4.3727,174
-43.3973,-2.0075,184
-43.3973,0.3576,174
-43.3973,2.7227,232
-43.3973,3.9053,64
-43.3973,6.2704,58
-43.3973,7.453,174
-43.3973,9.8181,260
-43.3973,12.1832,179
-43.3973,13.3658,1
-43.3973,14.5484,173
-43.3973,15.7309,174
-43.3973,18.0961,261
-43.3973,20.4612,261
-43.3973,21.6438,33
-43.3973,22.8263,11
-43.3973,24.0089,26
-43.3973,25.1915,224
-43.3973,26.374,116
-43.3973,28.7392,174
-43.3973,33.4694,87
-43.3973,34.652,174
-43.3973,37.0171,174
-43.3973,38.1997,174
-43.3973,40.5648,174
-43.3973,41.7474,116
-43.3973,42.9299,115
-43.3973,44.1125,1
-43.3973,45.2951,135
-43.3973,46.4776,39
-43.3973,47.6602,116
-43.3973,51.2079,27
-43.3973,53.573,116
-43.3973,55.9381,122
-43.3973,57.1207,52
-43.3973,58.3033,173
-43.3973,59.4858,1
-43.3973,60.6684,44
-43.3973,61.851,117
-43.3973,63.0335,57
-43.3973,64.2161,261
-43.3973,68.9464,45
-43.3973,71.3115,174
-43.3973,73.6766,174
-43.3973,76.0417,1
-43.3973,77.2243,115
-43.3973,79.5894,4
-43.3973,80.772,112
-43.3973,84.3197,174
-43.3973,89.05,231
-43.3973,94.9628,116
-43.3973,97.3279,88
-43.3973,98.5105,173
-43.3973,103.2407,116
-43.3973,105.6059,174
-43.3973,110.3361,116
-42.2147,-115.5338,116
-42.2147,-111.9861,116
-42.2147,-106.0732,116
-42.2147,-101.343,174
-42.2147,-98.9779,173
-42.2147,-97.7953,1
-42.2147,-95.4302,87
-42.2147,-91.8825,117
-42.2147,-89.5173,152
-42.2147,-83.6045,166
-42.2147,-82.4219,27
-42.2147,-81.2394,234
-42.2147,-78.8742,180
-42.2147,-77.6917,81
-42.2147,-74.144,174
-42.2147,-71.7789,116
-42.2147,-70.5963,128
-42.2147,-69.4137,104
-42.2147,-68.2312,4
-42.2147,-67.0486,170
-42.2147,-65.866,174
-42.2147,-62.3183,81
-42.2147,-61.1358,174
-42.2147,-58.7706,174
-42.2147,-56.4055,116
-42.2147,-52.8578,81
-42.2147,-50.4927,174
-42.2147,-49.3101,116
-42.2147,-45.7624,130
-42.2147,-44.5799,160
-42.2147,-42.2147,1
-42.2147,-41.0322,232
-42.2147,-38.667,110
-42.2147,-37.4845,172
-42.2147,-35.1193,233
-42.2147,-33.9368,28
-42.2147,-31.5717,87
-42.2147,-30.3891,87
-42.2147,-28.024,174
-42.2147,-26.8414,174
-42.2147,-25.6588,87
-42.2147,-23.2937,174
-42.2147,-22.1111,97
-42.2147,-19.746,116
-42.2147,-17.3809,261
-42.2147,-16.1983,174
-42.2147,-13.8332,174
-42.2147,-11.4681,174
-42.2147,-9.1029,174
-42.2147,-7.9204,116
-42.2147,-5.5552,261
-42.2147,-3.1901,145
-42.2147,-2.0075,77
-42.2147,-0.825,136
-42.2147,1.5402,166
-42.2147,3.9053,198
-42.2147,5.0879,31
-42.2147,6.2704,85
-42.2147,9.8181,1
-42.2147,11.0007,174
-42.2147,13.3658,116
-42.2147,14.5484,174
-42.2147,16.9135,174
-42.2147,19.2786,117
-42.2147,21.6438,74
-42.2147,22.8263,187
-42.2147,25.1915,11
-42.2147,26.374,261
-42.2147,28.7392,58
-42.2147,29.9217,222
-42.2147,31.1043,39
-42.2147,32.2868,174
-42.2147,35.8345,67
-42.2147,38.1997,173
-42.2147,39.3822,1
-42.2147,41.7474,91
-42.2147,42.9299,170
-42.2147,44.1125,116
-42.2147,46.4776,116
-42.2147,48.8428,174
-42.2147,50.0253,174
-42.2147,52.3904,116
-42.2147,54.7556,116
-42.2147,57.1207,116
-42.2147,58.3033,58
-42.2147,59.4858,144
-42.2147,63.0335,58
-42.2147,66.5812,261
-42.2147,68.9464,193
-42.2147,70.1289,23
-42.2147,72.4941,70
-42.2147,74.8592,174
-42.2147,78.4069,174
-42.2147,80.772,55
-42.2147,81.9546,174
-42.2147,86.6848,174
-42.2147,91.4151,174
-42.2147,93.7802,174
-42.2147,96.1453,116
-42.2147,100.8756,174
-42.2147,107.971,58
-42.2147,113.8838,62
-42.2147,117.4315,174
-42.2147,120.9792,116
-41.0322,-121.4466,116
-41.0322,-119.0815,99
-41.0322,-117.8989,17
-41.0322,-110.8035,87
-41.0322,-108.4384,87
-41.0322,-103.7081,174
-41.0322,-96.6127,174
-41.0322,-93.065,174
-41.0322,-89.5173,87
-41.0322,-87.1522,116
-41.0322,-84.7871,90
-41.0322,-83.6045,5
-41.0322,-82.4219,98
-41.0322,-80.0568,87
-41.0322,-76.5091,174
-41.0322,-72.9614,87
-41.0322,-71.7789,116
-41.0322,-69.4137,29
-41.0322,-65.866,174
-41.0322,-64.6835,97
-41.0322,-63.5009,77
-41.0322,-62.3183,35
-41.0322,-61.1358,116
-41.0322,-59.9532,116
-41.0322,-57.5881,174
-41.0322,-54.0404,261
-41.0322,-51.6753,243
-41.0322,-49.3101,141
-41.0322,-48.1276,2
-41.0322,-46.945,114
-41.0322,-45.7624,93
-41.0322,-44.5799,25
-41.0322,-43.3973,76
-41.0322,-42.2147,115
-41.0322,-39.8496,191
-41.0322,-38.667,41
-41.0322,-37.4845,89
-41.0322,-32.7542,174
-41.0322,-30.3891,174
-41.0322,-29.2065,174
-41.0322,-28.024,87
-41.0322,-24.4763,116
-41.0322,-23.2937,116
-41.0322,-22.1111,47
-41.0322,-20.9286,117
-41.0322,-18.5634,116
-41.0322,-17.3809,116
-41.0322,-16.1983,174
-41.0322,-13.8332,261
-41.0322,-12.6506,174
-41.0322,-10.2855,261
-41.0322,-7.9204,133
-41.0322,-6.7378,59
-41.0322,-4.3727,87
-41.0322,-3.1901,116
-41.0322,-2.0075,116
-41.0322,-0.825,125
-41.0322,1.5402,8
-41.0322,3.9053,63
-41.0322,5.0879,116
-41.0322,6.2704,174
-41.0322,8.6355,116
-41.0322,9.8181,174
-41.0322,12.1832,174
-41.0322,13.3658,87
-41.0322,15.7309,116
-41.0322,18.0961,31
-41.0322,19.2786,113
-41.0322,20.4612,87
-41.0322,21.6438,87
-41.0322,24.0089,174
-41.0322,25.1915,116
-41.0322,28.7392,116
-41.0322,29.9217,87
-41.0322,31.1043,116
-41.0322,33.4694,174
-41.0322,35.8345,107
-41.0322,37.0171,116
-41.0322,40.5648,174
-41.0322,44.1125,116
-41.0322,45.2951,87
-41.0322,47.6602,174
-41.0322,48.8428,116
-41.0322,51.2079,87
-41.0322,52.3904,59
-41.0322,53.573,116
-41.0322,55.9381,174
-41.0322,59.4858,89
-41.0322,60.6684,28
-41.0322,61.851,116
-41.0322,64.2161,178
-41.0322,65.3987,83
-41.0322,68.9464,84
-41.0322,71.3115,174
-41.0322,72.4941,104
-41.0322,76.0417,121
-41.0322,77.2243,140
-41.0322,80.772,206
-41.0322,84.3197,174
-41.0322,89.05,203
-41.0322,90.2325,58
-41.0322,91.4151,48
-41.0322,92.5977,25
-41.0322,103.2407,116
-41.0322,105.6059,87
-41.0322,107.971,116
-41.0322,110.3361,58
-41.0322,111.5187,116
-41.0322,113.8838,112
-39.8496,-115.5338,87
-39.8496,-113.1686,116
-39.8496,-106.0732,174
-39.8496,-101.343,174
-39.8496,-98.9779,171
-39.8496,-95.4302,9
-39.8496,-94.2476,107
-39.8496,-90.6999,174
-39.8496,-89.5173,58
-39.8496,-88.3348,105
-39.8496,-87.1522,58
-39.8496,-83.6045,116
-39.8496,-82.4219,18
-39.8496,-80.0568,172
-39.8496,-78.8742,114
-39.8496,-77.6917,2
-39.8496,-75.3266,122
-39.8496,-74.144,139
-39.8496,-70.5963,174
-39.8496,-68.2312,261
-39.8496,-62.3183,116
-39.8496,-61.1358,45
-39.8496,-58.7706,116
-39.8496,-56.4055,116
-39.8496,-51.6753,18
-39.8496,-49.3101,120
-39.8496,-48.1276,116
-39.8496,-45.7624,168
-39.8496,-44.5799,116
-39.8496,-42.2147,174
-39.8496,-41.0322,16
-39.8496,-39.8496,29
-39.8496,-37.4845,174
-39.8496,-36.3019,261
-39.8496,-33.9368,174
-39.8496,-32.7542,174
-39.8496,-29.2065,116
-39.8496,-28.024,116
-39.8496,-25.6588,174
-39.8496,-24.4763,174
-39.8496,-22.1111,174
-39.8496,-19.746,174
-39.8496,-18.5634,174
-39.8496,-17.3809,116
-39.8496,-11.4681,116
-39.8496,-7.9204,156
-39.8496,-5.5552,116
-39.8496,-4.3727,116
-39.8496,-3.1901,174
-39.8496,-0.825,123
-39.8496,0.3576,146
-39.8496,1.5402,115
-39.8496,2.7227,174
-39.8496,5.0879,145
-39.8496,7.453,174
-39.8496,9.8181,174
-39.8496,11.0007,146
-39.8496,13.3658,174
-39.8496,15.7309,174
-39.8496,16.9135,261
-39.8496,19.2786,195
-39.8496,21.6438,174
-39.8496,24.0089,174
-39.8496,25.1915,116
-39.8496,27.5566,174
-39.8496,28.7392,174
-39.8496,29.9217,25
-39.8496,31.1043,129
-39.8496,32.2868,116
-39.8496,33.4694,58
-39.8496,34.652,174
-39.8496,37.0171,116
-39.8496,38.1997,191
-39.8496,39.3822,70
-39.8496,41.7474,174
-39.8496,42.9299,174
-39.8496,45.2951,174
-39.8496,48.8428,174
-39.8496,50.0253,174
-39.8496,52.3904,115
-39.8496,54.7556,116
-39.8496,55.9381,117
-39.8496,57.1207,144
-39.8496,58.3033,116
-39.8496,60.6684,116
-39.8496,63.0335,174
-39.8496,66.5812,174
-39.8496,68.9464,177
-39.8496,72.4941,119
-39.8496,73.6766,174
-39.8496,78.4069,174
-39.8496,83.1371,174
-39.8496,86.6848,261
-39.8496,92.5977,101
-39.8496,94.9628,174
-39.8496,97.3279,60
-39.8496,98.5105,201
-39.8496,100.8756,174
-38.667,-119.0815,87
-38.667,-116.7163,87
-38.667,-108.4384,174
-38.667,-103.7081,58
-38.667,-98.9779,3
-38.667,-96.6127,116
-38.667,-93.065,95
-38.667,-88.3348,11
-38.667,-84.7871,174
-38.667,-82.4219,115
-38.667,-81.2394,1
-38.667,-80.0568,2
-38.667,-77.6917,58
-38.667,-76.5091,116
-38.667,-72.9614,30
-38.667,-71.7789,144
-38.667,-65.866,261
-38.667,-64.6835,113
-38.667,-62.3183,3
-38.667,-61.1358,129
-38.667,-58.7706,116
-38.667,-57.5881,227
-38.667,-56.4055,34
-38.667,-55.223,174
-38.667,-52.8578,174
-38.667,-50.4927,261
-38.667,-48.1276,174
-38.667,-46.945,87
-38.667,-45.7624,55
-38.667,-42.2147,6
-38.667,-41.0322,158
-38.667,-39.8496,87
-38.667,-38.667,139
-38.667,-37.4845,116
-38.667,-33.9368,232
-38.667,-31.5717,116
-38.667,-30.3891,174
-38.667,-29.2065,1
-38.667,-28.024,86
-38.667,-25.6588,87
-38.667,-20.9286,174
-38.667,-19.746,174
-38.667,-15.0157,261
-38.667,-13.8332,15
-38.667,-12.6506,246
-38.667,-11.4681,174
-38.667,-9.1029,174
-38.667,-7.9204,116
-38.667,-6.7378,119
-38.667,-5.5552,142
-38.667,-4.3727,58
-38.667,-0.825,51
-38.667,1.5402,92
-38.667,2.7227,93
-38.667,3.9053,231
-38.667,5.0879,4
-38.667,6.2704,261
-38.667,8.6355,116
-38.667,11.0007,115
-38.667,12.1832,116
-38.667,16.9135,20
-38.667,19.2786,66
-38.667,20.4612,116
-38.667,22.8263,116
-38.667,24.0089,174
-38.667,26.374,169
-38.667,27.5566,8
-38.667,28.7392,166
-38.667,29.9217,87
-38.667,31.1043,107
-38.667,32.2868,85
-38.667,33.4694,176
-38.667,37.0171,174
-38.667,39.3822,25
-38.667,40.5648,174
-38.667,41.7474,174
-38.667,44.1125,174
-38.667,47.6602,116
-38.667,51.2079,174
-38.667,53.573,116
-38.667,54.7556,172
-38.667,58.3033,92
-38.667,59.4858,116
-38.667,61.851,116
-38.667,65.3987,174
-38.667,67.7638,115
-38.667,70.1289,256
-38.667,72.4941,55
-38.667,74.8592,87
-38.667,77.2243,174
-38.667,80.772,116
-38.667,84.3197,174
-38.667,87.8674,116
-38.667,89.05,58
-38.667,90.2325,136
-38.667,91.4151,6
-38.667,93.7802,174
-38.667,103.2407,174
-38.667,106.7884,174
-38.667,109.1536,138
-38.667,112.7013,168
-38.667,113.8838,6
-38.667,116.249,60
-38.667,119.7966,116
-38.667,123.3443,116
-37.4845,-122.6291,116
-37.4845,-114.3512,116
-37.4845,-110.8035,174
-37.4845,-106.0732,174
-37.4845,-103.7081,116
-37.4845,-101.343,174
-37.4845,-98.9779,87
-37.4845,-95.4302,58
-37.4845,-93.065,79
-37.4845,-90.6999,174
-37.4845,-89.5173,169
-37.4845,-88.3348,5
-37.4845,-87.1522,174
-37.4845,-84.7871,87
-37.4845,-83.6045,116
-37.4845,-81.2394,173
-37.4845,-80.0568,1
-37.4845,-78.8742,116
-37.4845,-77.6917,116
-37.4845,-75.3266,174
-37.4845,-74.144,116
-37.4845,-70.5963,227
-37.4845,-69.4137,14
-37.4845,-68.2312,247
-37.4845,-64.6835,148
-37.4845,-62.3183,113
-37.4845,-61.1358,174
-37.4845,-57.5881,22
-37.4845,-56.4055,142
-37.4845,-55.223,99
-37.4845,-54.0404,175
-37.4845,-51.6753,173
-37.4845,-46.945,174
-37.4845,-45.7624,47
-37.4845,-44.5799,159
-37.4845,-43.3973,139
-37.4845,-42.2147,116
-37.4845,-41.0322,174
-37.4845,-38.667,35
-37.4845,-36.3019,184
-37.4845,-35.1193,13
-37.4845,-30.3891,116
-37.4845,-29.2065,87
-37.4845,-26.8414,174
-37.4845,-24.4763,87
-37.4845,-23.2937,229
-37.4845,-22.1111,32
-37.4845,-18.5634,116
-37.4845,-17.3809,174
-37.4845,-16.1983,174
-37.4845,-13.8332,174
-37.4845,-12.6506,116
-37.4845,-10.2855,116
-37.4845,-9.1029,116
-37.4845,-6.7378,116
-37.4845,-4.3727,174
-37.4845,-3.1901,1
-37.4845,-2.0075,173
-37.4845,-0.825,116
-37.4845,0.3576,174
-37.4845,1.5402,76
-37.4845,2.7227,87
-37.4845,5.0879,26
-37.4845,6.2704,116
-37.4845,7.453,116
-37.4845,9.8181,174
-37.4845,12.1832,174
-37.4845,13.3658,116
-37.4845,14.5484,145
-37.4845,16.9135,154
-37.4845,18.0961,116
-37.4845,19.2786,116
-37.4845,21.6438,116
-37.4845,22.8263,116
-37.4845,25.1915,86
-37.4845,26.374,6
-37.4845,31.1043,261
-37.4845,34.652,174
-37.4845,38.1997,164
-37.4845,39.3822,72
-37.4845,40.5648,115
-37.4845,44.1125,174
-37.4845,45.2951,113
-37.4845,46.4776,61
-37.4845,47.6602,116
-37.4845,50.0253,174
-37.4845,52.3904,37
-37.4845,53.573,137
-37.4845,54.7556,2
-37.4845,55.9381,116
-37.4845,58.3033,169
-37.4845,60.6684,174
-37.4845,63.0335,2
-37.4845,64.2161,172
-37.4845,65.3987,122
-37.4845,67.7638,59
-37.4845,70.1289,5
-37.4845,71.3115,116
-37.4845,72.4941,58
-37.4845,73.6766,174
-37.4845,76.0417,87
-37.4845,78.4069,127
-37.4845,79.5894,47
-37.4845,80.772,116
-37.4845,81.9546,174
-37.4845,86.6848,174
-37.4845,90.2325,1
-37.4845,91.4151,118
-37.4845,96.1453,170
-37.4845,97.3279,4
-37.4845,99.693,174
-37.4845,102.0582,58
-37.4845,109.1536,32
-37.4845,110.3361,4
-37.4845,116.249,114
-36.3019,-108.4384,87
-36.3019,-98.9779,87
-36.3019,-96.6127,174
-36.3019,-94.2476,116
-36.3019,-93.065,58
-36.3019,-83.6045,31
-36.3019,-82.4219,22
-36.3019,-78.8742,116
-36.3019,-74.144,116
-36.3019,-72.9614,174
-36.3019,-70.5963,34
-36.3019,-69.4137,6
-36.3019,-67.0486,12
-36.3019,-65.866,246
-36.3019,-64.6835,116
-36.3019,-62.3183,231
-36.3019,-59.9532,87
-36.3019,-57.5881,152
-36.3019,-56.4055,20
-36.3019,-54.0404,86
-36.3019,-51.6753,1
-36.3019,-49.3101,261
-36.3019,-45.7624,88
-36.3019,-44.5799,148
-36.3019,-43.3973,174
-36.3019,-41.0322,59
-36.3019,-39.8496,28
-36.3019,-38.667,232
-36.3019,-37.4845,29
-36.3019,-36.3019,64
-36.3019,-35.1193,2
-36.3019,-33.9368,114
-36.3019,-32.7542,234
-36.3019,-31.5717,27
-36.3019,-30.3891,43
-36.3019,-29.2065,99
-36.3019,-28.024,162
-36.3019,-26.8414,84
-36.3019,-25.6588,177
-36.3019,-24.4763,174
-36.3019,-22.1111,116
-36.3019,-20.9286,261
-36.3019,-19.746,116
-36.3019,-17.3809,174
-36.3019,-11.4681,174
-36.3019,-7.9204,116
-36.3019,-6.7378,60
-36.3019,-5.5552,116
-36.3019,-4.3727,116
-36.3019,-3.1901,174
-36.3019,-0.825,119
-36.3019,0.3576,174
-36.3019,2.7227,174
-36.3019,5.0879,174
-36.3019,6.2704,73
-36.3019,7.453,47
-36.3019,8.6355,116
-36.3019,9.8181,174
-36.3019,12.1832,87
-36.3019,13.3658,95
-36.3019,14.5484,12
-36.3019,15.7309,249
-36.3019,16.9135,116
-36.3019,19.2786,116
-36.3019,20.4612,116
-36.3019,21.6438,116
-36.3019,24.0089,174
-36.3019,26.374,116
-36.3019,27.5566,174
-36.3019,28.7392,174
-36.3019,33.4694,261
-36.3019,34.652,52
-36.3019,35.8345,34
-36.3019,37.0171,227
-36.3019,38.1997,47
-36.3019,39.3822,11
-36.3019,40.5648,146
-36.3019,41.7474,116
-36.3019,45.2951,174
-36.3019,47.6602,174
-36.3019,48.8428,174
-36.3019,51.2079,178
-36.3019,52.3904,58
-36.3019,54.7556,194
-36.3019,57.1207,174
-36.3019,59.4858,174
-36.3019,61.851,174
-36.3019,64.2161,174
-36.3019,65.3987,52
-36.3019,67.7638,116
-36.3019,68.9464,116
-36.3019,70.1289,116
-36.3019,73.6766,116
-36.3019,74.8592,174
-36.3019,77.2243,174
-36.3019,84.3197,174
-36.3019,87.8674,174
-36.3019,90.2325,116
-36.3019,92.5977,116
-36.3019,94.9628,234
-36.3019,97.3279,58
-36.3019,102.0582,116
-36.3019,104.4233,123
-36.3019,105.6059,51
-36.3019,106.7884,5
-36.3019,107.971,169
-36.3019,111.5187,116
-36.3019,119.7966,116
-35.1193,-120.264,87
-35.1193,-116.7163,174
-35.1193,-113.1686,116
-35.1193,-110.8035,60
-35.1193,-109.6209,114
-35.1193,-103.7081,174
-35.1193,-101.343,174
-35.1193,-94.2476,87
-35.1193,-93.065,116
-35.1193,-90.6999,174
-35.1193,-88.3348,174
-35.1193,-85.9696,152
-35.1193,-84.7871,109
-35.1193,-82.4219,208
-35.1193,-80.0568,174
-35.1193,-77.6917,174
-35.1193,-76.5091,116
-35.1193,-72.9614,174
-35.1193,-71.7789,174
-35.1193,-69.4137,107
-35.1193,-68.2312,148
-35.1193,-65.866,3
-35.1193,-62.3183,30
-35.1193,-59.9532,174
-35.1193,-58.7706,116
-35.1193,-56.4055,174
-35.1193,-55.223,174
-35.1193,-52.8578,121
-35.1193,-50.4927,232
-35.1193,-48.1276,82
-35.1193,-46.945,179
-35.1193,-44.5799,25
-35.1193,-42.2147,87
-35.1193,-39.8496,87
-35.1193,-36.3019,237
-35.1193,-35.1193,24
-35.1193,-33.9368,116
-35.1193,-31.5717,174
-35.1193,-30.3891,131
-35.1193,-26.8414,139
-35.1193,-25.6588,174
-35.1193,-23.2937,174
-35.1193,-22.1111,116
-35.1193,-19.746,87
-35.1193,-15.0157,174
-35.1193,-13.8332,171
-35.1193,-12.6506,90
-35.1193,-11.4681,174
-35.1193,-10.2855,116
-35.1193,-7.9204,116
-35.1193,-6.7378,56
-35.1193,-5.5552,116
-35.1193,-4.3727,116
-35.1193,-3.1901,87
-35.1193,-0.825,55
-35.1193,0.3576,116
-35.1193,1.5402,174
-35.1193,3.9053,174
-35.1193,6.2704,141
-35.1193,8.6355,174
-35.1193,12.1832,145
-35.1193,13.3658,166
-35.1193,14.5484,29
-35.1193,16.9135,89
-35.1193,18.0961,172
-35.1193,19.2786,116
-35.1193,21.6438,181
-35.1193,22.8263,116
-35.1193,25.1915,174
-35.1193,26.374,116
-35.1193,28.7392,174
-35.1193,29.9217,174
-35.1193,32.2868,116
-35.1193,34.652,122
-35.1193,37.0171,232
-35.1193,38.1997,29
-35.1193,39.3822,116
-35.1193,41.7474,174
-35.1193,42.9299,137
-35.1193,44.1125,81
-35.1193,50.0253,87
-35.1193,51.2079,83
-35.1193,53.573,116
-35.1193,54.7556,67
-35.1193,57.1207,71
-35.1193,60.6684,116
-35.1193,66.5812,174
-35.1193,67.7638,109
-35.1193,68.9464,6
-35.1193,71.3115,116
-35.1193,78.4069,1
-35.1193,79.5894,173
-35.1193,80.772,20
-35.1193,81.9546,241
-35.1193,85.5023,127
-35.1193,86.6848,49
-35.1193,94.9628,27
-35.1193,97.3279,116
-35.1193,99.693,116
-35.1193,100.8756,58
-35.1193,109.1536,6
-35.1193,111.5187,58
-35.1193,113.8838,116
-35.1193,115.0664,58
-35.1193,117.4315,116
-35.1193,123.3443,116
-33.9368,-124.9943,87
-33.9368,-107.2558,65
-33.9368,-106.0732,109
-33.9368,-98.9779,174
-33.9368,-96.6127,174
-33.9368,-91.8825,87
-33.9368,-83.6045,81
-33.9368,-82.4219,58
-33.9368,-75.3266,88
-33.9368,-70.5963,70
-33.9368,-69.4137,96
-33.9368,-67.0486,116
-33.9368,-64.6835,116
-33.9368,-63.5009,116
-33.9368,-62.3183,117
-33.9368,-61.1358,27
-33.9368,-59.9532,116
-33.9368,-57.5881,87
-33.9368,-56.4055,174
-33.9368,-54.0404,27
-33.9368,-52.8578,111
-33.9368,-50.4927,29
-33.9368,-49.3101,116
-33.9368,-45.7624,234
-33.9368,-43.3973,261
-33.9368,-41.0322,174
-33.9368,-38.667,174
-33.9368,-37.4845,174
-33.9368,-35.1193,174
-33.9368,-32.7542,174
-33.9368,-30.3891,174
-33.9368,-29.2065,174
-33.9368,-26.8414,122
-33.9368,-22.1111,116
-33.9368,-20.9286,87
-33.9368,-19.746,51
-33.9368,-18.5634,174
-33.9368,-16.1983,174
-33.9368,-15.0157,116
-33.9368,-13.8332,116
-33.9368,-12.6506,116
-33.9368,-10.2855,174
-33.9368,-6.7378,174
-33.9368,-5.5552,87
-33.9368,-3.1901,87
-33.9368,-2.0075,145
-33.9368,-0.825,116
-33.9368,5.0879,261
-33.9368,7.453,116
-33.9368,8.6355,26
-33.9368,9.8181,174
-33.9368,11.0007,75
-33.9368,12.1832,41
-33.9368,13.3658,116
-33.9368,14.5484,77
-33.9368,15.7309,155
-33.9368,16.9135,87
-33.9368,18.0961,79
-33.9368,19.2786,58
-33.9368,21.6438,80
-33.9368,24.0089,116
-33.9368,25.1915,116
-33.9368,27.5566,148
-33.9368,29.9217,58
-33.9368,31.1043,174
-33.9368,33.4694,261
-33.9368,35.8345,116
-33.9368,39.3822,174
-33.9368,42.9299,94
-33.9368,44.1125,36
-33.9368,46.4776,174
-33.9368,47.6602,144
-33.9368,48.8428,117
-33.9368,50.0253,67
-33.9368,51.2079,53
-33.9368,52.3904,116
-33.9368,53.573,13
-33.9368,54.7556,103
-33.9368,55.9381,174
-33.9368,57.1207,16
-33.9368,58.3033,174
-33.9368,60.6684,174
-33.9368,61.851,174
-33.9368,64.2161,261
-33.9368,67.7638,146
-33.9368,70.1289,174
-33.9368,72.4941,41
-33.9368,73.6766,220
-33.9368,76.0417,174
-33.9368,78.4069,174
-33.9368,79.5894,116
-33.9368,81.9546,116
-33.9368,84.3197,213
-33.9368,86.6848,85
-33.9368,89.05,116
-33.9368,91.4151,174
-33.9368,93.7802,174
-33.9368,96.1453,85
-33.9368,98.5105,87
-33.9368,103.2407,174
-33.9368,105.6059,174
-33.9368,109.1536,168
-32.7542,-121.4466,116
-32.7542,-117.8989,87
-32.7542,-115.5338,166
-32.7542,-114.3512,8
-32.7542,-111.9861,174
-32.7542,-108.4384,174
-32.7542,-103.7081,116
-32.7542,-101.343,116
-32.7542,-94.2476,116
-32.7542,-93.065,58
-32.7542,-89.5173,174
-32.7542,-87.1522,116
-32.7542,-85.9696,116
-32.7542,-83.6045,93
-32.7542,-81.2394,116
-32.7542,-78.8742,174
-32.7542,-76.5091,174
-32.7542,-75.3266,173
-32.7542,-72.9614,116
-32.7542,-71.7789,116
-32.7542,-69.4137,95
-32.7542,-68.2312,116
-32.7542,-65.866,261
-32.7542,-63.5009,116
-32.7542,-61.1358,117
-32.7542,-57.5881,174
-32.7542,-54.0404,234
-32.7542,-52.8578,55
-32.7542,-51.6753,206
-32.7542,-50.4927,88
-32.7542,-49.3101,173
-32.7542,-48.1276,149
-32.7542,-46.945,112
-32.7542,-45.7624,27
-32.7542,-43.3973,82
-32.7542,-42.2147,96
-32.7542,-39.8496,174
-32.7542,-38.667,174
-32.7542,-36.3019,261
-32.7542,-33.9368,62
-32.7542,-31.5717,174
-32.7542,-28.024,174
-32.7542,-26.8414,80
-32.7542,-25.6588,181
-32.7542,-24.4763,174
-32.7542,-23.2937,15
-32.7542,-22.1111,72
-32.7542,-20.9286,47
-32.7542,-19.746,123
-32.7542,-17.3809,261
-32.7542,-16.1983,174
-32.7542,-15.0157,1
-32.7542,-12.6506,116
-32.7542,-11.4681,174
-32.7542,-10.2855,174
-32.7542,-7.9204,174
-32.7542,-6.7378,116
-32.7542,-5.5552,116
-32.7542,-4.3727,116
-32.7542,-3.1901,174
-32.7542,-2.0075,2
-32.7542,-0.825,50
-32.7542,0.3576,174
-32.7542,1.5402,25
-32.7542,2.7227,261
-32.7542,3.9053,58
-32.7542,6.2704,261
-32.7542,8.6355,235
-32.7542,9.8181,174
-32.7542,12.1832,261
-32.7542,14.5484,174
-32.7542,15.7309,154
-32.7542,16.9135,97
-32.7542,18.0961,182
-32.7542,20.4612,261
-32.7542,22.8263,174
-32.7542,24.0089,87
-32.7542,25.1915,58
-32.7542,27.5566,113
-32.7542,28.7392,116
-32.7542,29.9217,122
-32.7542,32.2868,205
-32.7542,33.4694,56
-32.7542,34.652,174
-32.7542,37.0171,174
-32.7542,38.1997,174
-32.7542,40.5648,27
-32.7542,41.7474,174
-32.7542,42.9299,174
-32.7542,45.2951,174
-32.7542,47.6602,174
-32.7542,48.8428,174
-32.7542,51.2079,54
-32.7542,52.3904,174
-32.7542,53.573,116
-32.7542,54.7556,29
-32.7542,57.1207,174
-32.7542,59.4858,174
-32.7542,61.851,116
-32.7542,63.0335,116
-32.7542,66.5812,261
-32.7542,68.9464,87
-32.7542,71.3115,174
-32.7542,74.8592,174
-32.7542,77.2243,116
-32.7542,84.3197,19
-32.7542,85.5023,116
-32.7542,87.8674,116
-32.7542,89.05,54
-32.7542,90.2325,120
-32.7542,92.5977,116
-32.7542,96.1453,176
-32.7542,100.8756,174
-32.7542,111.5187,174
-32.7542,115.0664,174
-32.7542,119.7966,1
-32.7542,120.9792,86
-31.5717,-106.0732,116
-31.5717,-104.8907,58
-31.5717,-103.7081,58
-31.5717,-101.343,58
-31.5717,-98.9779,47
-31.5717,-97.7953,127
-31.5717,-95.4302,174
-31.5717,-91.8825,174
-31.5717,-89.5173,44
-31.5717,-87.1522,116
-31.5717,-84.7871,174
-31.5717,-82.4219,174
-31.5717,-81.2394,58
-31.5717,-80.0568,116
-31.5717,-77.6917,174
-31.5717,-75.3266,199
-31.5717,-72.9614,116
-31.5717,-70.5963,90
-31.5717,-68.2312,221
-31.5717,-67.0486,40
-31.5717,-64.6835,3
-31.5717,-62.3183,174
-31.5717,-59.9532,261
-31.5717,-56.4055,174
-31.5717,-50.4927,116
-31.5717,-48.1276,96
-31.5717,-45.7624,240
-31.5717,-43.3973,179
-31.5717,-42.2147,94
-31.5717,-41.0322,71
-31.5717,-39.8496,116
-31.5717,-35.1193,116
-31.5717,-33.9368,199
-31.5717,-30.3891,173
-31.5717,-29.2065,88
-31.5717,-28.024,116
-31.5717,-24.4763,87
-31.5717,-23.2937,174
-31.5717,-20.9286,127
-31.5717,-19.746,116
-31.5717,-16.1983,44
-31.5717,-15.0157,173
-31.5717,-11.4681,174
-31.5717,-7.9204,57
-31.5717,-5.5552,116
-31.5717,-4.3727,134
-31.5717,-3.1901,127
-31.5717,-2.0075,172
-31.5717,-0.825,19
-31.5717,0.3576,105
-31.5717,1.5402,149
-31.5717,2.7227,174
-31.5717,3.9053,58
-31.5717,5.0879,58
-31.5717,6.2704,16
-31.5717,7.453,116
-31.5717,8.6355,26
-31.5717,9.8181,56
-31.5717,11.0007,77
-31.5717,14.5484,174
-31.5717,16.9135,10
-31.5717,18.0961,174
-31.5717,19.2786,163
-31.5717,20.4612,98
-31.5717,21.6438,3
-31.5717,22.8263,85
-31.5717,24.0089,174
-31.5717,26.374,116
-31.5717,28.7392,174
-31.5717,29.9217,52
-31.5717,35.8345,122
-31.5717,38.1997,174
-31.5717,39.3822,126
-31.5717,40.5648,108
-31.5717,41.7474,29
-31.5717,44.1125,116
-31.5717,45.2951,174
-31.5717,48.8428,116
-31.5717,50.0253,114
-31.5717,53.573,116
-31.5717,54.7556,204
-31.5717,55.9381,28
-31.5717,58.3033,116
-31.5717,63.0335,9
-31.5717,64.2161,174
-31.5717,65.3987,87
-31.5717,68.9464,174
-31.5717,72.4941,113
-31.5717,73.6766,138
-31.5717,78.4069,169
-31.5717,79.5894,5
-31.5717,80.772,174
-31.5717,83.1371,87
-31.5717,87.8674,174
-31.5717,91.4151,87
-31.5717,93.7802,174
-31.5717,98.5105,152
-31.5717,103.2407,174
-31.5717,105.6059,174
-31.5717,107.971,174
-31.5717,117.4315,122
-31.5717,123.3443,116
-30.3891,-124.9943,116
-30.3891,-120.264,116
-30.3891,-117.8989,1
-30.3891,-116.7163,115
-30.3891,-114.3512,116
-30.3891,-110.8035,174
-30.3891,-107.2558,174
-30.3891,-102.5255,58
-30.3891,-100.1604,60
-30.3891,-97.7953,174
-30.3891,-94.2476,63
-30.3891,-93.065,198
-30.3891,-89.5173,179
-30.3891,-88.3348,38
-30.3891,-76.5091,32
-30.3891,-75.3266,30
-30.3891,-74.144,87
-30.3891,-71.7789,116
-30.3891,-70.5963,62
-30.3891,-69.4137,109
-30.3891,-65.866,116
-30.3891,-64.6835,171
-30.3891,-61.1358,174
-30.3891,-57.5881,174
-30.3891,-56.4055,174
-30.3891,-54.0404,174
-30.3891,-52.8578,174
-30.3891,-49.3101,116
-30.3891,-48.1276,165
-30.3891,-45.7624,21
-30.3891,-44.5799,174
-30.3891,-42.2147,116
-30.3891,-41.0322,106
-30.3891,-38.667,174
-30.3891,-37.4845,174
-30.3891,-33.9368,174
-30.3891,-31.5717,174
-30.3891,-28.024,174
-30.3891,-25.6588,174
-30.3891,-24.4763,174
-30.3891,-22.1111,174
-30.3891,-20.9286,174
-30.3891,-18.5634,174
-30.3891,-16.1983,217
-30.3891,-15.0157,174
-30.3891,-13.8332,162
-30.3891,-12.6506,12
-30.3891,-10.2855,174
-30.3891,-7.9204,204
-30.3891,-6.7378,116
-30.3891,-5.5552,116
-30.3891,-2.0075,174
-30.3891,-0.825,174
-30.3891,0.3576,30
-30.3891,1.5402,142
-30.3891,3.9053,116
-30.3891,6.2704,245
-30.3891,8.6355,92
-30.3891,11.0007,184
-30.3891,13.3658,116
-30.3891,15.7309,174
-30.3891,21.6438,173
-30.3891,24.0089,116
-30.3891,25.1915,174
-30.3891,27.5566,87
-30.3891,28.7392,29
-30.3891,29.9217,199
-30.3891,31.1043,123
-30.3891,32.2868,138
-30.3891,33.4694,174
-30.3891,35.8345,52
-30.3891,37.0171,85
-30.3891,39.3822,116
-30.3891,40.5648,115
-30.3891,41.7474,204
-30.3891,45.2951,174
-30.3891,47.6602,174
-30.3891,48.8428,9
-30.3891,50.0253,1
-30.3891,51.2079,146
-30.3891,54.7556,145
-30.3891,57.1207,174
-30.3891,60.6684,261
-30.3891,63.0335,107
-30.3891,66.5812,116
-30.3891,67.7638,174
-30.3891,71.3115,174
-30.3891,72.4941,10
-30.3891,74.8592,174
-30.3891,76.0417,116
-30.3891,77.2243,142
-30.3891,78.4069,26
-30.3891,79.5894,116
-30.3891,81.9546,58
-30.3891,84.3197,174
-30.3891,86.6848,174
-30.3891,92.5977,58
-30.3891,96.1453,58
-30.3891,97.3279,27
-30.3891,98.5105,82
-30.3891,100.8756,149
-30.3891,112.7013,116
-30.3891,117.4315,52
-29.2065,-114.3512,58
-29.2065,-110.8035,87
-29.2065,-104.8907,174
-29.2065,-102.5255,116
-29.2065,-100.1604,114
-29.2065,-95.4302,116
-29.2065,-91.8825,104
-29.2065,-90.6999,156
-29.2065,-87.1522,174
-29.2065,-85.9696,87
-29.2065,-84.7871,104
-29.2065,-83.6045,70
-29.2065,-82.4219,69
-29.2065,-81.2394,105
-29.2065,-78.8742,261
-29.2065,-77.6917,87
-29.2065,-76.5091,82
-29.2065,-75.3266,43
-29.2065,-74.144,3
-29.2065,-72.9614,171
-29.2065,-70.5963,174
-29.2065,-69.4137,116
-29.2065,-67.0486,174
-29.2065,-65.866,18
-29.2065,-64.6835,98
-29.2065,-63.5009,174
-29.2065,-59.9532,174
-29.2065,-57.5881,116
-29.2065,-54.0404,174
-29.2065,-52.8578,23
-29.2065,-51.6753,116
-29.2065,-48.1276,174
-29.2065,-46.945,116
-29.2065,-45.7624,116
-29.2065,-42.2147,102
-29.2065,-41.0322,155
-29.2065,-37.4845,261
-29.2065,-35.1193,174
-29.2065,-33.9368,87
-29.2065,-32.7542,174
-29.2065,-30.3891,261
-29.2065,-26.8414,174
-29.2065,-25.6588,109
-29.2065,-23.2937,116
-29.2065,-22.1111,115
-29.2065,-20.9286,146
-29.2065,-19.746,174
-29.2065,-17.3809,174
-29.2065,-16.1983,162
-29.2065,-15.0157,5
-29.2065,-13.8332,174
-29.2065,-12.6506,25
-29.2065,-11.4681,236
-29.2065,-9.1029,174
-29.2065,-7.9204,142
-29.2065,-5.5552,99
-29.2065,-4.3727,116
-29.2065,1.5402,89
-29.2065,2.7227,178
-29.2065,3.9053,83
-29.2065,5.0879,73
-29.2065,7.453,261
-29.2065,9.8181,116
-29.2065,11.0007,174
-29.2065,12.1832,116
-29.2065,13.3658,142
-29.2065,14.5484,119
-29.2065,15.7309,174
-29.2065,16.9135,174
-29.2065,19.2786,116
-29.2065,20.4612,87
-29.2065,21.6438,174
-29.2065,22.8263,116
-29.2065,24.0089,116
-29.2065,26.374,261
-29.2065,27.5566,14
-29.2065,28.7392,247
-29.2065,29.9217,33
-29.2065,31.1043,118
-29.2065,32.2868,49
-29.2065,33.4694,97
-29.2065,34.652,261
-29.2065,37.0171,176
-29.2065,39.3822,174
-29.2065,41.7474,87
-29.2065,42.9299,174
-29.2065,46.4776,174
-29.2065,48.8428,252
-29.2065,51.2079,174
-29.2065,52.3904,261
-29.2065,54.7556,116
-29.2065,55.9381,173
-29.2065,58.3033,235
-29.2065,59.4858,26
-29.2065,60.6684,105
-29.2065,61.851,174
-29.2065,64.2161,116
-29.2065,65.3987,116
-29.2065,66.5812,116
-29.2065,68.9464,200
-29.2065,70.1289,61
-29.2065,71.3115,116
-29.2065,72.4941,116
-29.2065,76.0417,116
-29.2065,78.4069,93
-29.2065,81.9546,116
-29.2065,84.3197,87
-29.2065,87.8674,174
-29.2065,90.2325,174
-29.2065,92.5977,116
-29.2065,93.7802,47
-29.2065,94.9628,7
-29.2065,96.1453,116
-29.2065,99.693,68
-29.2065,100.8756,44
-29.2065,103.2407,174
-29.2065,106.7884,174
-29.2065,110.3361,174
-29.2065,115.0664,174
-29.2065,119.7966,58
-29.2065,120.9792,116
-29.2065,125.7095,116
-28.024,-122.6291,116
-28.024,-119.0815,116
-28.024,-116.7163,45
-28.024,-109.6209,87
-28.024,-106.0732,87
-28.024,-102.5255,55
-28.024,-100.1604,58
-28.024,-97.7953,174
-28.024,-95.4302,58
-28.024,-93.065,78
-28.024,-91.8825,1
-28.024,-89.5173,174
-28.024,-84.7871,116
-28.024,-83.6045,116
-28.024,-81.2394,174
-28.024,-77.6917,116
-28.024,-75.3266,136
-28.024,-72.9614,108
-28.024,-71.7789,8
-28.024,-69.4137,116
-28.024,-68.2312,116
-28.024,-65.866,81
-28.024,-64.6835,174
-28.024,-62.3183,116
-28.024,-59.9532,116
-28.024,-58.7706,87
-28.024,-56.4055,174
-28.024,-55.223,116
-28.024,-52.8578,153
-28.024,-51.6753,85
-28.024,-50.4927,174
-28.024,-46.945,237
-28.024,-45.7624,24
-28.024,-44.5799,116
-28.024,-43.3973,148
-28.024,-42.2147,11
-28.024,-41.0322,116
-28.024,-39.8496,261
-28.024,-36.3019,34
-28.024,-35.1193,227
-28.024,-32.7542,12
-28.024,-30.3891,161
-28.024,-29.2065,174
-28.024,-26.8414,37
-28.024,-25.6588,152
-28.024,-23.2937,261
-28.024,-19.746,116
-28.024,-18.5634,174
-28.024,-15.0157,94
-28.024,-13.8332,116
-28.024,-12.6506,174
-28.024,-10.2855,174
-28.024,-7.9204,119
-28.024,-5.5552,151
-28.024,-4.3727,175
-28.024,-3.1901,116
-28.024,-2.0075,174
-28.024,0.3576,174
-28.024,1.5402,147
-28.024,2.7227,27
-28.024,5.0879,106
-28.024,6.2704,82
-28.024,7.453,72
-28.024,8.6355,116
-28.024,9.8181,116
-28.024,12.1832,174
-28.024,16.9135,174
-28.024,18.0961,87
-28.024,19.2786,116
-28.024,22.8263,234
-28.024,24.0089,27
-28.024,25.1915,29
-28.024,27.5566,206
-28.024,29.9217,51
-28.024,31.1043,56
-28.024,33.4694,115
-28.024,35.8345,174
-28.024,38.1997,174
-28.024,40.5648,59
-28.024,42.9299,174
-28.024,45.2951,174
-28.024,48.8428,58
-28.024,52.3904,116
-28.024,53.573,174
-28.024,55.9381,1
-28.024,58.3033,27
-28.024,60.6684,11
-28.024,61.851,29
-28.024,63.0335,116
-28.024,64.2161,58
-28.024,70.1289,116
-28.024,73.6766,174
-28.024,77.2243,116
-28.024,79.5894,232
-28.024,80.772,116
-28.024,83.1371,174
-28.024,85.5023,116
-28.024,89.05,174
-28.024,91.4151,116
-28.024,93.7802,120
-28.024,97.3279,80
-28.024,98.5105,155
-28.024,100.8756,58
-28.024,105.6059,174
-28.024,111.5187,174
-28.024,117.4315,116
-26.8414,-116.7163,129
-26.8414,-114.3512,86
-26.8414,-113.1686,175
-26.8414,-109.6209,144
-26.8414,-107.2558,87
-26.8414,-102.5255,119
-26.8414,-100.1604,116
-26.8414,-96.6127,116
-26.8414,-94.2476,74
-26.8414,-93.065,109
-26.8414,-90.6999,174
-26.8414,-87.1522,174
-26.8414,-84.7871,58
-26.8414,-83.6045,116
-26.8414,-80.0568,113
-26.8414,-78.8742,58
-26.8414,-77.6917,58
-26.8414,-76.5091,170
-26.8414,-75.3266,2
-26.8414,-74.144,174
-26.8414,-70.5963,109
-26.8414,-67.0486,77
-26.8414,-65.866,103
-26.8414,-63.5009,71
-26.8414,-62.3183,45
-26.8414,-61.1358,94
-26.8414,-57.5881,116
-26.8414,-54.0404,116
-26.8414,-50.4927,174
-26.8414,-48.1276,174
-26.8414,-44.5799,174
-26.8414,-42.2147,174
-26.8414,-41.0322,11
-26.8414,-39.8496,16
-26.8414,-37.4845,174
-26.8414,-33.9368,118
-26.8414,-32.7542,284
-26.8414,-30.3891,100
-26.8414,-29.2065,130
-26.8414,-26.8414,224
-26.8414,-25.6588,119
-26.8414,-22.1111,180
-26.8414,-17.3809,174
-26.8414,-15.0157,116
-26.8414,-11.4681,174
-26.8414,-9.1029,261
-26.8414,-6.7378,174
-26.8414,-4.3727,97
-26.8414,-3.1901,87
-26.8414,-2.0075,168
-26.8414,-0.825,174
-26.8414,1.5402,87
-26.8414,3.9053,174
-26.8414,5.0879,174
-26.8414,7.453,189
-26.8414,8.6355,86
-26.8414,11.0007,261
-26.8414,13.3658,174
-26.8414,14.5484,87
-26.8414,15.7309,174
-26.8414,19.2786,174
-26.8414,20.4612,174
-26.8414,21.6438,116
-26.8414,25.1915,232
-26.8414,27.5566,55
-26.8414,29.9217,210
-26.8414,31.1043,160
-26.8414,32.2868,188
-26.8414,34.652,174
-26.8414,37.0171,116
-26.8414,39.3822,174
-26.8414,40.5648,115
-26.8414,42.9299,174
-26.8414,44.1125,115
-26.8414,46.4776,174
-26.8414,47.6602,116
-26.8414,50.0253,174
-26.8414,51.2079,52
-26.8414,52.3904,116
-26.8414,55.9381,174
-26.8414,57.1207,56
-26.8414,58.3033,178
-26.8414,59.4858,174
-26.8414,61.851,145
-26.8414,65.3987,158
-26.8414,66.5812,103
-26.8414,67.7638,102
-26.8414,68.9464,159
-26.8414,72.4941,174
-26.8414,76.0417,174
-26.8414,77.2243,74
-26.8414,78.4069,86
-26.8414,81.9546,63
-26.8414,84.3197,174
-26.8414,86.6848,174
-26.8414,92.5977,173
-26.8414,93.7802,1
-26.8414,94.9628,53
-26.8414,96.1453,121
-26.8414,97.3279,26
-26.8414,100.8756,116
-26.8414,103.2407,169
-26.8414,107.971,174
-26.8414,115.0664,58
-26.8414,123.3443,87
-25.6588,-126.1768,116
-25.6588,-120.264,116
-25.6588,-109.6209,30
-25.6588,-104.8907,174
-25.6588,-98.9779,174
-25.6588,-96.6127,58
-25.6588,-89.5173,1
-25.6588,-88.3348,62
-25.6588,-85.9696,116
-25.6588,-82.4219,20
-25.6588,-81.2394,154
-25.6588,-80.0568,3
-25.6588,-77.6917,116
-25.6588,-76.5091,2
-25.6588,-75.3266,97
-25.6588,-72.9614,174
-25.6588,-70.5963,152
-25.6588,-69.4137,57
-25.6588,-68.2312,204
-25.6588,-64.6835,261
-25.6588,-61.1358,80
-25.6588,-59.9532,98
-25.6588,-58.7706,163
-25.6588,-57.5881,174
-25.6588,-56.4055,174
-25.6588,-54.0404,116
-25.6588,-52.8578,116
-25.6588,-51.6753,174
-25.6588,-49.3101,116
-25.6588,-46.945,174
-25.6588,-45.7624,174
-25.6588,-43.3973,116
-25.6588,-41.0322,234
-25.6588,-38.667,116
-25.6588,-36.3019,174
-25.6588,-35.1193,116
-25.6588,-33.9368,5
-25.6588,-32.7542,103
-25.6588,-30.3891,174
-25.6588,-29.2065,131
-25.6588,-26.8414,29
-25.6588,-25.6588,142
-25.6588,-23.2937,174
-25.6588,-22.1111,81
-25.6588,-19.746,261
-25.6588,-17.3809,87
-25.6588,-16.1983,87
-25.6588,-15.0157,109
-25.6588,-13.8332,150
-25.6588,-12.6506,111
-25.6588,-10.2855,174
-25.6588,-7.9204,174
-25.6588,-5.5552,116
-25.6588,-4.3727,174
-25.6588,-2.0075,6
-25.6588,-0.825,91
-25.6588,0.3576,174
-25.6588,2.7227,261
-25.6588,3.9053,113
-25.6588,5.0879,61
-25.6588,6.2704,167
-25.6588,7.453,94
-25.6588,8.6355,175
-25.6588,12.1832,232
-25.6588,13.3658,87
-25.6588,14.5484,35
-25.6588,15.7309,11
-25.6588,16.9135,236
-25.6588,18.0961,25
-25.6588,19.2786,87
-25.6588,20.4612,174
-25.6588,22.8263,116
-25.6588,24.0089,116
-25.6588,25.1915,116
-25.6588,26.374,106
-25.6588,27.5566,155
-25.6588,31.1043,261
-25.6588,33.4694,88
-25.6588,34.652,45
-25.6588,35.8345,174
-25.6588,38.1997,174
-25.6588,39.3822,87
-25.6588,40.5648,174
-25.6588,44.1125,146
-25.6588,46.4776,174
-25.6588,47.6602,116
-25.6588,48.8428,58
-25.6588,50.0253,72
-25.6588,51.2079,122
-25.6588,54.7556,174
-25.6588,55.9381,45
-25.6588,57.1207,102
-25.6588,59.4858,116
-25.6588,60.6684,71
-25.6588,61.851,166
-25.6588,63.0335,122
-25.6588,64.2161,52
-25.6588,65.3987,174
-25.6588,66.5812,136
-25.6588,70.1289,174
-25.6588,73.6766,174
-25.6588,77.2243,11
-25.6588,78.4069,3
-25.6588,79.5894,116
-25.6588,81.9546,229
-25.6588,83.1371,56
-25.6588,89.05,174
-25.6588,91.4151,174
-25.6588,97.3279,82
-25.6588,99.693,87
-25.6588,103.2407,5
-25.6588,105.6059,174
-25.6588,110.3361,116
-25.6588,113.8838,116
-25.6588,117.4315,5
-25.6588,119.7966,174
-25.6588,125.7095,116
-24.4763,-123.8117,116
-24.4763,-117.8989,63
-24.4763,-116.7163,53
-24.4763,-114.3512,116
-24.4763,-111.9861,120
-24.4763,-110.8035,1
-24.4763,-107.2558,174
-24.4763,-102.5255,174
-24.4763,-101.343,54
-24.4763,-100.1604,120
-24.4763,-96.6127,135
-24.4763,-94.2476,174
-24.4763,-91.8825,174
-24.4763,-90.6999,87
-24.4763,-88.3348,111
-24.4763,-87.1522,116
-24.4763,-84.7871,54
-24.4763,-83.6045,120
-24.4763,-82.4219,87
-24.4763,-80.0568,116
-24.4763,-78.8742,29
-24.4763,-76.5091,116
-24.4763,-75.3266,77
-24.4763,-71.7789,105
-24.4763,-69.4137,116
-24.4763,-67.0486,231
-24.4763,-65.866,30
-24.4763,-62.3183,174
-24.4763,-61.1358,120
-24.4763,-59.9532,141
-24.4763,-55.223,174
-24.4763,-51.6753,174
-24.4763,-50.4927,116
-24.4763,-48.1276,116
-24.4763,-46.945,174
-24.4763,-44.5799,116
-24.4763,-42.2147,116
-24.4763,-41.0322,61
-24.4763,-39.8496,4
-24.4763,-38.667,83
-24.4763,-37.4845,174
-24.4763,-36.3019,116
-24.4763,-33.9368,174
-24.4763,-31.5717,174
-24.4763,-29.2065,116
-24.4763,-26.8414,232
-24.4763,-25.6588,116
-24.4763,-24.4763,116
-24.4763,-23.2937,92
-24.4763,-22.1111,82
-24.4763,-20.9286,174
-24.4763,-19.746,116
-24.4763,-18.5634,87
-24.4763,-17.3809,116
-24.4763,-15.0157,152
-24.4763,-13.8332,110
-24.4763,-11.4681,261
-24.4763,-7.9204,91
-24.4763,-6.7378,116
-24.4763,-5.5552,116
-24.4763,-3.1901,116
-24.4763,-2.0075,27
-24.4763,-0.825,143
-24.4763,0.3576,96
-24.4763,1.5402,165
-24.4763,2.7227,116
-24.4763,5.0879,40
-24.4763,8.6355,174
-24.4763,9.8181,116
-24.4763,11.0007,58
-24.4763,12.1832,29
-24.4763,13.3658,174
-24.4763,15.7309,215
-24.4763,18.0961,87
-24.4763,19.2786,174
-24.4763,21.6438,116
-24.4763,24.0089,131
-24.4763,25.1915,43
-24.4763,26.374,174
-24.4763,28.7392,254
-24.4763,29.9217,7
-24.4763,32.2868,101
-24.4763,33.4694,68
-24.4763,34.652,128
-24.4763,35.8345,116
-24.4763,37.0171,85
-24.4763,39.3822,174
-24.4763,40.5648,87
-24.4763,42.9299,174
-24.4763,44.1125,100
-24.4763,45.2951,139
-24.4763,47.6602,116
-24.4763,48.8428,58
-24.4763,50.0253,102
-24.4763,51.2079,116
-24.4763,52.3904,174
-24.4763,54.7556,116
-24.4763,57.1207,114
-24.4763,59.4858,145
-24.4763,61.851,24
-24.4763,63.0335,106
-24.4763,66.5812,120
-24.4763,67.7638,5
-24.4763,68.9464,116
-24.4763,72.4941,174
-24.4763,74.8592,28
-24.4763,76.0417,174
-24.4763,78.4069,174
-24.4763,80.772,174
-24.4763,84.3197,174
-24.4763,86.6848,174
-24.4763,92.5977,174
-24.4763,94.9628,174
-24.4763,97.3279,179
-24.4763,100.8756,174
-24.4763,103.2407,25
-24.4763,107.971,174
-24.4763,111.5187,174
-24.4763,117.4315,169
-23.2937,-115.5338,58
-23.2937,-111.9861,53
-23.2937,-109.6209,116
-23.2937,-104.8907,174
-23.2937,-98.9779,84
-23.2937,-96.6127,39
-23.2937,-91.8825,174
-23.2937,-89.5173,87
-23.2937,-87.1522,58
-23.2937,-84.7871,174
-23.2937,-83.6045,1
-23.2937,-82.4219,28
-23.2937,-81.2394,70
-23.2937,-80.0568,104
-23.2937,-78.8742,104
-23.2937,-77.6917,128
-23.2937,-76.5091,116
-23.2937,-74.144,261
-23.2937,-71.7789,69
-23.2937,-69.4137,79
-23.2937,-68.2312,87
-23.2937,-64.6835,244
-23.2937,-63.5009,44
-23.2937,-58.7706,261
-23.2937,-56.4055,225
-23.2937,-52.8578,174
-23.2937,-50.4927,174
-23.2937,-45.7624,148
-23.2937,-44.5799,26
-23.2937,-43.3973,174
-23.2937,-42.2147,116
-23.2937,-41.0322,116
-23.2937,-39.8496,84
-23.2937,-38.667,87
-23.2937,-37.4845,116
-23.2937,-35.1193,174
-23.2937,-32.7542,121
-23.2937,-31.5717,116
-23.2937,-30.3891,116
-23.2937,-28.024,174
-23.2937,-26.8414,35
-23.2937,-24.4763,180
-23.2937,-23.2937,81
-23.2937,-22.1111,175
-23.2937,-20.9286,86
-23.2937,-18.5634,168
-23.2937,-17.3809,87
-23.2937,-16.1983,116
-23.2937,-15.0157,116
-23.2937,-13.8332,151
-23.2937,-12.6506,116
-23.2937,-10.2855,261
-23.2937,-7.9204,170
-23.2937,-6.7378,116
-23.2937,-5.5552,116
-23.2937,-4.3727,116
-23.2937,-2.0075,174
-23.2937,-0.825,174
-23.2937,3.9053,58
-23.2937,5.0879,221
-23.2937,6.2704,60
-23.2937,7.453,114
-23.2937,9.8181,116
-23.2937,11.0007,102
-23.2937,12.1832,159
-23.2937,15.7309,128
-23.2937,16.9135,174
-23.2937,18.0961,116
-23.2937,20.4612,1
-23.2937,21.6438,116
-23.2937,22.8263,116
-23.2937,25.1915,116
-23.2937,27.5566,85
-23.2937,28.7392,176
-23.2937,29.9217,83
-23.2937,31.1043,178
-23.2937,33.4694,92
-23.2937,34.652,116
-23.2937,37.0171,176
-23.2937,39.3822,41
-23.2937,41.7474,174
-23.2937,44.1125,22
-23.2937,46.4776,223
-23.2937,50.0253,174
-23.2937,52.3904,87
-23.2937,53.573,190
-23.2937,55.9381,174
-23.2937,57.1207,87
-23.2937,58.3033,116
-23.2937,59.4858,10
-23.2937,60.6684,251
-23.2937,63.0335,121
-23.2937,64.2161,34
-23.2937,65.3987,175
-23.2937,66.5812,86
-23.2937,67.7638,116
-23.2937,70.1289,183
-23.2937,71.3115,78
-23.2937,74.8592,233
-23.2937,77.2243,116
-23.2937,81.9546,137
-23.2937,83.1371,37
-23.2937,87.8674,116
-23.2937,90.2325,174
-23.2937,99.693,174
-23.2937,103.2407,149
-23.2937,115.0664,87
-23.2937,122.1618,116
-23.2937,123.3443,58
-22.1111,-121.4466,87
-22.1111,-119.0815,116
-22.1111,-117.8989,116
-22.1111,-114.3512,58
-22.1111,-113.1686,116
-22.1111,-107.2558,174
-22.1111,-101.343,174
-22.1111,-98.9779,85
-22.1111,-97.7953,92
-22.1111,-95.4302,174
-22.1111,-94.2476,25
-22.1111,-93.065,149
-22.1111,-89.5173,174
-22.1111,-87.1522,72
-22.1111,-83.6045,232
-22.1111,-76.5091,29
-22.1111,-72.9614,80
-22.1111,-71.7789,64
-22.1111,-70.5963,174
-22.1111,-69.4137,8
-22.1111,-67.0486,174
-22.1111,-65.866,23
-22.1111,-64.6835,211
-22.1111,-62.3183,218
-22.1111,-61.1358,43
-22.1111,-59.9532,199
-22.1111,-56.4055,36
-22.1111,-55.223,87
-22.1111,-51.6753,174
-22.1111,-50.4927,87
-22.1111,-48.1276,174
-22.1111,-46.945,174
-22.1111,-43.3973,183
-22.1111,-41.0322,229
-22.1111,-39.8496,114
-22.1111,-38.667,2
-22.1111,-37.4845,116
-22.1111,-36.3019,116
-22.1111,-35.1193,116
-22.1111,-33.9368,109
-22.1111,-32.7542,31
-22.1111,-31.5717,174
-22.1111,-30.3891,129
-22.1111,-29.2065,129
-22.1111,-26.8414,198
-22.1111,-25.6588,28
-22.1111,-19.746,174
-22.1111,-18.5634,6
-22.1111,-17.3809,174
-22.1111,-13.8332,139
-22.1111,-11.4681,116
-22.1111,-9.1029,116
-22.1111,-7.9204,4
-22.1111,-6.7378,257
-22.1111,-5.5552,116
-22.1111,-3.1901,174
-22.1111,-2.0075,45
-22.1111,-0.825,83
-22.1111,0.3576,174
-22.1111,2.7227,174
-22.1111,3.9053,174
-22.1111,5.0879,95
-22.1111,6.2704,166
-22.1111,7.453,59
-22.1111,8.6355,202
-22.1111,9.8181,58
-22.1111,11.0007,116
-22.1111,13.3658,174
-22.1111,15.7309,133
-22.1111,16.9135,174
-22.1111,19.2786,87
-22.1111,20.4612,86
-22.1111,21.6438,116
-22.1111,22.8263,55
-22.1111,24.0089,206
-22.1111,25.1915,87
-22.1111,26.374,116
-22.1111,29.9217,115
-22.1111,32.2868,121
-22.1111,33.4694,140
-22.1111,35.8345,174
-22.1111,38.1997,131
-22.1111,39.3822,136
-22.1111,40.5648,40
-22.1111,41.7474,87
-22.1111,42.9299,116
-22.1111,45.2951,174
-22.1111,46.4776,38
-22.1111,48.8428,174
-22.1111,50.0253,116
-22.1111,51.2079,87
-22.1111,52.3904,35
-22.1111,53.573,49
-22.1111,54.7556,22
-22.1111,58.3033,116
-22.1111,61.851,239
-22.1111,63.0335,22
-22.1111,64.2161,81
-22.1111,67.7638,116
-22.1111,68.9464,116
-22.1111,72.4941,261
-22.1111,76.0417,174
-22.1111,79.5894,174
-22.1111,80.772,129
-22.1111,81.9546,45
-22.1111,83.1371,174
-22.1111,85.5023,187
-22.1111,86.6848,57
-22.1111,89.05,174
-22.1111,91.4151,116
-22.1111,92.5977,64
-22.1111,93.7802,52
-22.1111,94.9628,174
-22.1111,97.3279,116
-22.1111,102.0582,174
-22.1111,105.6059,174
-22.1111,110.3361,116
-22.1111,112.7013,174
-22.1111,116.249,47
-22.1111,118.6141,116
-22.1111,119.7966,58
-20.9286,-127.3594,87
-20.9286,-123.8117,87
-20.9286,-110.8035,174
-20.9286,-106.0732,116
-20.9286,-103.7081,174
-20.9286,-91.8825,174
-20.9286,-90.6999,87
-20.9286,-87.1522,189
-20.9286,-84.7871,125
-20.9286,-81.2394,174
-20.9286,-78.8742,174
-20.9286,-77.6917,1
-20.9286,-76.5091,231
-20.9286,-75.3266,116
-20.9286,-74.144,58
-20.9286,-71.7789,117
-20.9286,-70.5963,87
-20.9286,-69.4137,12
-20.9286,-68.2312,162
-20.9286,-67.0486,57
-20.9286,-65.866,42
-20.9286,-63.5009,116
-20.9286,-61.1358,89
-20.9286,-59.9532,62
-20.9286,-57.5881,261
-20.9286,-55.223,174
-20.9286,-54.0404,140
-20.9286,-52.8578,34
-20.9286,-51.6753,174
-20.9286,-49.3101,174
-20.9286,-48.1276,121
-20.9286,-46.945,53
-20.9286,-45.7624,232
-20.9286,-43.3973,78
-20.9286,-41.0322,32
-20.9286,-39.8496,92
-20.9286,-38.667,169
-20.9286,-37.4845,116
-20.9286,-36.3019,174
-20.9286,-33.9368,117
-20.9286,-32.7542,144
-20.9286,-30.3891,3
-20.9286,-28.024,261
-20.9286,-26.8414,116
-20.9286,-24.4763,261
-20.9286,-23.2937,174
-20.9286,-20.9286,87
-20.9286,-19.746,116
-20.9286,-18.5634,261
-20.9286,-15.0157,174
-20.9286,-13.8332,122
-20.9286,-11.4681,116
-20.9286,-10.2855,116
-20.9286,-9.1029,18
-20.9286,-7.9204,214
-20.9286,-6.7378,118
-20.9286,-5.5552,49
-20.9286,-4.3727,116
-20.9286,-3.1901,174
-20.9286,-0.825,46
-20.9286,0.3576,116
-20.9286,1.5402,144
-20.9286,2.7227,117
-20.9286,3.9053,112
-20.9286,7.453,119
-20.9286,9.8181,116
-20.9286,11.0007,116
-20.9286,12.1832,174
-20.9286,14.5484,174
-20.9286,15.7309,116
-20.9286,18.0961,174
-20.9286,20.4612,235
-20.9286,21.6438,26
-20.9286,22.8263,87
-20.9286,24.0089,116
-20.9286,25.1915,51
-20.9286,26.374,123
-20.9286,27.5566,218
-20.9286,28.7392,43
-20.9286,29.9217,146
-20.9286,32.2868,227
-20.9286,33.4694,34
-20.9286,34.652,174
-20.9286,37.0171,174
-20.9286,40.5648,174
-20.9286,42.9299,261
-20.9286,46.4776,174
-20.9286,48.8428,116
-20.9286,52.3904,226
-20.9286,54.7556,174
-20.9286,57.1207,261
-20.9286,59.4858,116
-20.9286,60.6684,116
-20.9286,64.2161,93
-20.9286,66.5812,174
-20.9286,68.9464,116
-20.9286,70.1289,259
-20.9286,71.3115,2
-20.9286,74.8592,164
-20.9286,78.4069,116
-20.9286,79.5894,174
-20.9286,85.5023,43
-20.9286,86.6848,235
-20.9286,92.5977,90
-20.9286,93.7802,116
-20.9286,98.5105,87
-20.9286,99.693,87
-20.9286,104.4233,174
-20.9286,107.971,174
-20.9286,116.249,127
-20.9286,125.7095,112
-20.9286,126.892,4
-19.746,-121.4466,87
-19.746,-115.5338,118
-19.746,-114.3512,56
-19.746,-111.9861,174
-19.746,-108.4384,174
-19.746,-101.343,174
-19.746,-98.9779,174
-19.746,-97.7953,53
-19.746,-96.6127,121
-19.746,-94.2476,174
-19.746,-89.5173,174
-19.746,-84.7871,136
-19.746,-82.4219,59
-19.746,-80.0568,116
-19.746,-78.8742,87
-19.746,-75.3266,174
-19.746,-74.144,44
-19.746,-72.9614,130
-19.746,-69.4137,116
-19.746,-67.0486,162
-19.746,-64.6835,116
-19.746,-63.5009,22
-19.746,-61.1358,172
-19.746,-59.9532,6
-19.746,-58.7706,179
-19.746,-56.4055,86
-19.746,-55.223,30
-19.746,-54.0404,87
-19.746,-52.8578,116
-19.746,-50.4927,174
-19.746,-49.3101,174
-19.746,-45.7624,29
-19.746,-43.3973,116
-19.746,-42.2147,116
-19.746,-41.0322,174
-19.746,-37.4845,116
-19.746,-35.1193,116
-19.746,-31.5717,116
-19.746,-29.2065,261
-19.746,-25.6588,174
-19.746,-23.2937,261
-19.746,-22.1111,174
-19.746,-19.746,87
-19.746,-16.1983,174
-19.746,-15.0157,174
-19.746,-12.6506,261
-19.746,-10.2855,174
-19.746,-9.1029,29
-19.746,-5.5552,94
-19.746,-3.1901,116
-19.746,-0.825,174
-19.746,0.3576,38
-19.746,1.5402,87
-19.746,3.9053,149
-19.746,6.2704,174
-19.746,7.453,142
-19.746,9.8181,116
-19.746,12.1832,6
-19.746,13.3658,116
-19.746,15.7309,116
-19.746,16.9135,174
-19.746,19.2786,174
-19.746,20.4612,116
-19.746,22.8263,174
-19.746,24.0089,111
-19.746,25.1915,107
-19.746,26.374,125
-19.746,28.7392,174
-19.746,31.1043,174
-19.746,34.652,174
-19.746,35.8345,174
-19.746,38.1997,30
-19.746,39.3822,318
-19.746,41.7474,174
-19.746,45.2951,87
-19.746,46.4776,116
-19.746,47.6602,174
-19.746,50.0253,84
-19.746,51.2079,177
-19.746,52.3904,29
-19.746,53.573,173
-19.746,54.7556,1
-19.746,58.3033,124
-19.746,60.6684,116
-19.746,61.851,82
-19.746,63.0335,179
-19.746,64.2161,162
-19.746,65.3987,12
-19.746,67.7638,174
-19.746,72.4941,174
-19.746,74.8592,97
-19.746,77.2243,174
-19.746,81.9546,116
-19.746,84.3197,116
-19.746,90.2325,174
-19.746,92.5977,84
-19.746,96.1453,261
-19.746,99.693,116
-19.746,102.0582,174
-19.746,105.6059,174
-19.746,110.3361,103
-19.746,111.5187,71
-19.746,120.9792,87
-18.5634,-123.8117,116
-18.5634,-117.8989,116
-18.5634,-107.2558,58
-18.5634,-106.0732,116
-18.5634,-103.7081,174
-18.5634,-95.4302,116
-18.5634,-93.065,145
-18.5634,-90.6999,116
-18.5634,-87.1522,197
-18.5634,-85.9696,64
-18.5634,-82.4219,202
-18.5634,-77.6917,174
-18.5634,-74.144,174
-18.5634,-71.7789,174
-18.5634,-68.2312,116
-18.5634,-67.0486,82
-18.5634,-65.866,131
-18.5634,-64.6835,43
-18.5634,-63.5009,237
-18.5634,-62.3183,2
-18.5634,-59.9532,76
-18.5634,-57.5881,116
-18.5634,-56.4055,116
-18.5634,-54.0404,174
-18.5634,-51.6753,174
-18.5634,-46.945,238
-18.5634,-45.7624,23
-18.5634,-44.5799,174
-18.5634,-42.2147,174
-18.5634,-39.8496,174
-18.5634,-36.3019,174
-18.5634,-35.1193,116
-18.5634,-33.9368,116
-18.5634,-32.7542,174
-18.5634,-30.3891,87
-18.5634,-28.024,232
-18.5634,-26.8414,29
-18.5634,-24.4763,174
-18.5634,-22.1111,116
-18.5634,-19.746,174
-18.5634,-17.3809,116
-18.5634,-16.1983,169
-18.5634,-15.0157,92
-18.5634,-13.8332,116
-18.5634,-11.4681,174
-18.5634,-9.1029,261
-18.5634,-7.9204,10
-18.5634,-6.7378,251
-18.5634,-5.5552,143
-18.5634,-4.3727,118
-18.5634,-2.0075,174
-18.5634,0.3576,136
-18.5634,2.7227,261
-18.5634,5.0879,170
-18.5634,7.453,174
-18.5634,8.6355,174
-18.5634,11.0007,117
-18.5634,12.1832,138
-18.5634,13.3658,143
-18.5634,14.5484,118
-18.5634,15.7309,233
-18.5634,16.9135,28
-18.5634,18.0961,202
-18.5634,20.4612,116
-18.5634,21.6438,174
-18.5634,25.1915,43
-18.5634,26.374,136
-18.5634,28.7392,87
-18.5634,29.9217,116
-18.5634,32.2868,144
-18.5634,33.4694,117
-18.5634,34.652,26
-18.5634,37.0171,174
-18.5634,40.5648,117
-18.5634,42.9299,116
-18.5634,44.1125,174
-18.5634,46.4776,58
-18.5634,47.6602,116
-18.5634,48.8428,174
-18.5634,51.2079,94
-18.5634,52.3904,138
-18.5634,53.573,37
-18.5634,54.7556,25
-18.5634,55.9381,261
-18.5634,58.3033,137
-18.5634,60.6684,116
-18.5634,64.2161,78
-18.5634,65.3987,174
-18.5634,68.9464,174
-18.5634,71.3115,174
-18.5634,73.6766,174
-18.5634,76.0417,174
-18.5634,78.4069,261
-18.5634,80.772,174
-18.5634,83.1371,43
-18.5634,85.5023,174
-18.5634,87.8674,261
-18.5634,91.4151,174
-18.5634,93.7802,154
-18.5634,98.5105,76
-18.5634,103.2407,116
-18.5634,104.4233,10
-18.5634,109.1536,116
-18.5634,113.8838,174
-18.5634,116.249,116
-18.5634,118.6141,116
-18.5634,123.3443,115
-18.5634,124.5269,1
-18.5634,128.0746,116
-17.3809,-127.3594,114
-17.3809,-126.1768,2
-17.3809,-120.264,87
-17.3809,-117.8989,116
-17.3809,-114.3512,116
-17.3809,-109.6209,174
-17.3809,-102.5255,116
-17.3809,-100.1604,164
-17.3809,-98.9779,19
-17.3809,-97.7953,220
-17.3809,-93.065,116
-17.3809,-90.6999,58
-17.3809,-88.3348,197
-17.3809,-84.7871,174
-17.3809,-80.0568,232
-17.3809,-78.8742,29
-17.3809,-77.6917,116
-17.3809,-75.3266,174
-17.3809,-71.7789,174
-17.3809,-70.5963,161
-17.3809,-69.4137,13
-17.3809,-68.2312,116
-17.3809,-67.0486,179
-17.3809,-64.6835,174
-17.3809,-61.1358,174
-17.3809,-59.9532,116
-17.3809,-57.5881,117
-17.3809,-56.4055,115
-17.3809,-55.223,174
-17.3809,-52.8578,174
-17.3809,-50.4927,261
-17.3809,-48.1276,116
-17.3809,-46.945,116
-17.3809,-45.7624,116
-17.3809,-43.3973,261
-17.3809,-41.0322,174
-17.3809,-39.8496,9
-17.3809,-37.4845,174
-17.3809,-36.3019,174
-17.3809,-32.7542,116
-17.3809,-31.5717,116
-17.3809,-30.3891,174
-17.3809,-28.024,117
-17.3809,-26.8414,174
-17.3809,-22.1111,212
-17.3809,-20.9286,116
-17.3809,-18.5634,174
-17.3809,-17.3809,87
-17.3809,-15.0157,116
-17.3809,-13.8332,87
-17.3809,-12.6506,116
-17.3809,-11.4681,116
-17.3809,-10.2855,24
-17.3809,-7.9204,114
-17.3809,-6.7378,116
-17.3809,-3.1901,116
-17.3809,-2.0075,116
-17.3809,-0.825,261
-17.3809,1.5402,174
-17.3809,2.7227,58
-17.3809,3.9053,68
-17.3809,5.0879,91
-17.3809,6.2704,87
-17.3809,8.6355,116
-17.3809,9.8181,174
-17.3809,12.1832,174
-17.3809,14.5484,144
-17.3809,18.0961,59
-17.3809,19.2786,116
-17.3809,20.4612,116
-17.3809,24.0089,174
-17.3809,25.1915,166
-17.3809,26.374,95
-17.3809,27.5566,87
-17.3809,28.7392,258
-17.3809,29.9217,3
-17.3809,31.1043,174
-17.3809,32.2868,87
-17.3809,34.652,86
-17.3809,35.8345,149
-17.3809,37.0171,87
-17.3809,38.1997,174
-17.3809,40.5648,144
-17.3809,41.7474,53
-17.3809,42.9299,92
-17.3809,44.1125,116
-17.3809,45.2951,116
-17.3809,46.4776,58
-17.3809,50.0253,116
-17.3809,53.573,199
-17.3809,55.9381,116
-17.3809,57.1207,261
-17.3809,59.4858,116
-17.3809,61.851,174
-17.3809,64.2161,183
-17.3809,66.5812,87
-17.3809,67.7638,116
-17.3809,68.9464,165
-17.3809,71.3115,87
-17.3809,77.2243,32
-17.3809,80.772,72
-17.3809,83.1371,305
-17.3809,85.5023,111
-17.3809,90.2325,174
-17.3809,93.7802,107
-17.3809,96.1453,174
-17.3809,98.5105,185
-17.3809,100.8756,174
-17.3809,104.4233,48
-17.3809,107.971,174
-17.3809,110.3361,11
-17.3809,111.5187,5
-17.3809,120.9792,59
-16.1983,-122.6291,116
-16.1983,-114.3512,58
-16.1983,-111.9861,174
-16.1983,-107.2558,90
-16.1983,-104.8907,174
-16.1983,-102.5255,58
-16.1983,-100.1604,50
-16.1983,-98.9779,28
-16.1983,-97.7953,41
-16.1983,-95.4302,174
-16.1983,-91.8825,174
-16.1983,-88.3348,64
-16.1983,-87.1522,48
-16.1983,-85.9696,126
-16.1983,-82.4219,261
-16.1983,-80.0568,116
-16.1983,-76.5091,174
-16.1983,-74.144,174
-16.1983,-70.5963,145
-16.1983,-65.866,174
-16.1983,-62.3183,174
-16.1983,-59.9532,174
-16.1983,-58.7706,174
-16.1983,-51.6753,174
-16.1983,-48.1276,174
-16.1983,-46.945,87
-16.1983,-44.5799,174
-16.1983,-41.0322,174
-16.1983,-39.8496,221
-16.1983,-38.667,31
-16.1983,-37.4845,174
-16.1983,-33.9368,174
-16.1983,-32.7542,116
-16.1983,-31.5717,116
-16.1983,-29.2065,174
-16.1983,-28.024,144
-16.1983,-26.8414,87
-16.1983,-25.6588,174
-16.1983,-23.2937,174
-16.1983,-22.1111,136
-16.1983,-19.746,174
-16.1983,-18.5634,116
-16.1983,-17.3809,87
-16.1983,-16.1983,174
-16.1983,-13.8332,87
-16.1983,-12.6506,116
-16.1983,-10.2855,209
-16.1983,-9.1029,28
-16.1983,-7.9204,147
-16.1983,-6.7378,116
-16.1983,-4.3727,232
-16.1983,-3.1901,58
-16.1983,-0.825,143
-16.1983,0.3576,116
-16.1983,1.5402,134
-16.1983,2.7227,29
-16.1983,3.9053,48
-16.1983,5.0879,186
-16.1983,6.2704,94
-16.1983,7.453,80
-16.1983,8.6355,8
-16.1983,9.8181,108
-16.1983,11.0007,174
-16.1983,13.3658,87
-16.1983,15.7309,117
-16.1983,16.9135,187
-16.1983,18.0961,74
-16.1983,20.4612,116
-16.1983,21.6438,175
-16.1983,22.8263,86
-16.1983,24.0089,174
-16.1983,26.374,47
-16.1983,27.5566,175
-16.1983,29.9217,50
-16.1983,32.2868,116
-16.1983,33.4694,227
-16.1983,34.652,34
-16.1983,35.8345,123
-16.1983,38.1997,174
-16.1983,39.3822,174
-16.1983,41.7474,232
-16.1983,42.9299,116
-16.1983,45.2951,128
-16.1983,46.4776,133
-16.1983,47.6602,58
-16.1983,48.8428,203
-16.1983,50.0253,87
-16.1983,51.2079,43
-16.1983,52.3904,218
-16.1983,54.7556,174
-16.1983,60.6684,219
-16.1983,63.0335,116
-16.1983,65.3987,116
-16.1983,67.7638,174
-16.1983,68.9464,67
-16.1983,71.3115,174
-16.1983,72.4941,261
-16.1983,74.8592,174
-16.1983,77.2243,227
-16.1983,78.4069,2
-16.1983,79.5894,116
-16.1983,80.772,160
-16.1983,85.5023,63
-16.1983,87.8674,174
-16.1983,91.4151,11
-16.1983,92.5977,145
-16.1983,102.0582,2
-16.1983,103.2407,103
-16.1983,105.6059,174
-16.1983,110.3361,203
-16.1983,111.5187,96
-16.1983,112.7013,33
-16.1983,115.0664,174
-16.1983,118.6141,116
-16.1983,120.9792,115
-16.1983,124.5269,116
-15.0157,-126.1768,2
-15.0157,-124.9943,114
-15.0157,-120.264,116
-15.0157,-116.7163,174
-15.0157,-107.2558,84
-15.0157,-106.0732,1
-15.0157,-103.7081,118
-15.0157,-101.343,174
-15.0157,-98.9779,67
-15.0157,-96.6127,58
-15.0157,-93.065,123
-15.0157,-89.5173,174
-15.0157,-87.1522,174
-15.0157,-84.7871,234
-15.0157,-83.6045,27
-15.0157,-82.4219,58
-15.0157,-81.2394,58
-15.0157,-78.8742,186
-15.0157,-77.6917,75
-15.0157,-71.7789,174
-15.0157,-70.5963,3
-15.0157,-69.4137,113
-15.0157,-68.2312,173
-15.0157,-67.0486,1
-15.0157,-63.5009,116
-15.0157,-62.3183,174
-15.0157,-61.1358,85
-15.0157,-56.4055,174
-15.0157,-54.0404,261
-15.0157,-50.4927,174
-15.0157,-48.1276,116
-15.0157,-45.7624,61
-15.0157,-43.3973,174
-15.0157,-39.8496,174
-15.0157,-36.3019,179
-15.0157,-35.1193,82
-15.0157,-33.9368,174
-15.0157,-31.5717,174
-15.0157,-28.024,168
-15.0157,-25.6588,174
-15.0157,-24.4763,174
-15.0157,-20.9286,174
-15.0157,-19.746,174
-15.0157,-17.3809,174
-15.0157,-15.0157,87
-15.0157,-13.8332,87
-15.0157,-12.6506,116
-15.0157,-11.4681,87
-15.0157,-10.2855,116
-15.0157,-9.1029,261
-15.0157,-6.7378,142
-15.0157,-5.5552,116
-15.0157,-3.1901,116
-15.0157,-2.0075,58
-15.0157,-0.825,118
-15.0157,0.3576,174
-15.0157,1.5402,98
-15.0157,3.9053,174
-15.0157,5.0879,75
-15.0157,8.6355,174
-15.0157,9.8181,116
-15.0157,11.0007,116
-15.0157,12.1832,116
-15.0157,14.5484,174
-15.0157,15.7309,174
-15.0157,19.2786,261
-15.0157,20.4612,116
-15.0157,24.0089,174
-15.0157,25.1915,174
-15.0157,26.374,39
-15.0157,28.7392,116
-15.0157,29.9217,67
-15.0157,31.1043,144
-15.0157,32.2868,96
-15.0157,34.652,116
-15.0157,35.8345,138
-15.0157,39.3822,23
-15.0157,40.5648,75
-15.0157,41.7474,29
-15.0157,42.9299,174
-15.0157,44.1125,116
-15.0157,45.2951,54
-15.0157,47.6602,174
-15.0157,48.8428,174
-15.0157,51.2079,116
-15.0157,52.3904,9
-15.0157,53.573,87
-15.0157,55.9381,211
-15.0157,57.1207,50
-15.0157,58.3033,174
-15.0157,60.6684,42
-15.0157,61.851,53
-15.0157,64.2161,261
-15.0157,66.5812,116
-15.0157,74.8592,174
-15.0157,76.0417,174
-15.0157,78.4069,116
-15.0157,81.9546,174
-15.0157,84.3197,174
-15.0157,86.6848,116
-15.0157,90.2325,174
-15.0157,91.4151,105
-15.0157,94.9628,174
-15.0157,97.3279,116
-15.0157,99.693,261
-15.0157,102.0582,153
-15.0157,103.2407,3
-15.0157,107.971,120
-15.0157,109.1536,54
-13.8332,-114.3512,89
-13.8332,-113.1686,85
-13.8332,-111.9861,64
-13.8332,-109.6209,174
-13.8332,-106.0732,173
-13.8332,-103.7081,56
-13.8332,-98.9779,49
-13.8332,-97.7953,58
-13.8332,-96.6127,115
-13.8332,-95.4302,1
-13.8332,-93.065,51
-13.8332,-91.8825,174
-13.8332,-85.9696,116
-13.8332,-83.6045,87
-13.8332,-82.4219,116
-13.8332,-81.2394,6
-13.8332,-80.0568,119
-13.8332,-76.5091,87
-13.8332,-75.3266,65
-13.8332,-74.144,196
-13.8332,-72.9614,114
-13.8332,-70.5963,156
-13.8332,-68.2312,174
-13.8332,-67.0486,93
-13.8332,-65.866,168
-13.8332,-64.6835,116
-13.8332,-61.1358,2
-13.8332,-59.9532,174
-13.8332,-57.5881,174
-13.8332,-56.4055,139
-13.8332,-55.223,35
-13.8332,-52.8578,116
-13.8332,-51.6753,174
-13.8332,-49.3101,174
-13.8332,-45.7624,200
-13.8332,-44.5799,174
-13.8332,-41.0322,174
-13.8332,-38.667,87
-13.8332,-37.4845,174
-13.8332,-36.3019,110
-13.8332,-35.1193,174
-13.8332,-32.7542,116
-13.8332,-30.3891,261
-13.8332,-28.024,180
-13.8332,-26.8414,116
-13.8332,-24.4763,174
-13.8332,-22.1111,174
-13.8332,-20.9286,174
-13.8332,-17.3809,174
-13.8332,-15.0157,174
-13.8332,-13.8332,87
-13.8332,-11.4681,116
-13.8332,-10.2855,132
-13.8332,-6.7378,119
-13.8332,-5.5552,87
-13.8332,-4.3727,116
-13.8332,-2.0075,116
-13.8332,-0.825,174
-13.8332,1.5402,86
-13.8332,2.7227,175
-13.8332,5.0879,174
-13.8332,6.2704,174
-13.8332,7.453,87
-13.8332,8.6355,116
-13.8332,9.8181,116
-13.8332,12.1832,111
-13.8332,13.3658,150
-13.8332,14.5484,174
-13.8332,15.7309,87
-13.8332,16.9135,116
-13.8332,20.4612,116
-13.8332,21.6438,174
-13.8332,25.1915,116
-13.8332,26.374,116
-13.8332,27.5566,174
-13.8332,28.7392,79
-13.8332,29.9217,95
-13.8332,31.1043,31
-13.8332,32.2868,165
-13.8332,35.8345,174
-13.8332,37.0171,8
-13.8332,38.1997,289
-13.8332,40.5648,163
-13.8332,44.1125,95
-13.8332,45.2951,120
-13.8332,46.4776,87
-13.8332,51.2079,22
-13.8332,52.3904,165
-13.8332,54.7556,174
-13.8332,58.3033,174
-13.8332,59.4858,116
-13.8332,61.851,208
-13.8332,65.3987,106
-13.8332,66.5812,3
-13.8332,67.7638,113
-13.8332,68.9464,193
-13.8332,70.1289,68
-13.8332,71.3115,75
-13.8332,72.4941,186
-13.8332,79.5894,58
-13.8332,80.772,116
-13.8332,83.1371,114
-13.8332,87.8674,150
-13.8332,91.4151,2
-13.8332,92.5977,2
-13.8332,93.7802,114
-13.8332,96.1453,114
-13.8332,97.3279,116
-13.8332,104.4233,124
-13.8332,106.7884,87
-13.8332,110.3361,110
-13.8332,112.7013,48
-13.8332,113.8838,126
-13.8332,116.249,152
-13.8332,117.4315,22
-13.8332,119.7966,116
-13.8332,123.3443,54
-13.8332,128.0746,116
-12.6506,-128.542,87
-12.6506,-124.9943,58
-12.6506,-122.6291,116
-12.6506,-119.0815,58
-12.6506,-117.8989,116
-12.6506,-113.1686,58
-12.6506,-111.9861,52
-12.6506,-104.8907,33
-12.6506,-102.5255,174
-12.6506,-100.1604,116
-12.6506,-98.9779,58
-12.6506,-97.7953,87
-12.6506,-94.2476,174
-12.6506,-93.065,45
-12.6506,-89.5173,164
-12.6506,-88.3348,10
-12.6506,-87.1522,87
-12.6506,-81.2394,49
-12.6506,-77.6917,174
-12.6506,-76.5091,30
-12.6506,-75.3266,144
-12.6506,-72.9614,2
-12.6506,-70.5963,105
-12.6506,-68.2312,174
-12.6506,-64.6835,174
-12.6506,-63.5009,116
-12.6506,-61.1358,261
-12.6506,-58.7706,174
-12.6506,-57.5881,116
-12.6506,-54.0404,261
-12.6506,-51.6753,174
-12.6506,-50.4927,116
-12.6506,-48.1276,174
-12.6506,-45.7624,174
-12.6506,-42.2147,261
-12.6506,-39.8496,261
-12.6506,-36.3019,6
-12.6506,-33.9368,116
-12.6506,-32.7542,29
-12.6506,-31.5717,208
-12.6506,-29.2065,116
-12.6506,-28.024,174
-12.6506,-25.6588,116
-12.6506,-23.2937,87
-12.6506,-22.1111,104
-12.6506,-19.746,1
-12.6506,-18.5634,115
-12.6506,-17.3809,174
-12.6506,-16.1983,87
-12.6506,-15.0157,212
-12.6506,-13.8332,49
-12.6506,-12.6506,233
-12.6506,-11.4681,28
-12.6506,-10.2855,129
-12.6506,-7.9204,116
-12.6506,-6.7378,119
-12.6506,-5.5552,174
-12.6506,-3.1901,116
-12.6506,-2.0075,116
-12.6506,0.3576,174
-12.6506,3.9053,95
-12.6506,6.2704,174
-12.6506,7.453,174
-12.6506,9.8181,116
-12.6506,11.0007,116
-12.6506,13.3658,126
-12.6506,14.5484,7
-12.6506,15.7309,174
-12.6506,16.9135,116
-12.6506,19.2786,174
-12.6506,21.6438,116
-12.6506,22.8263,261
-12.6506,25.1915,116
-12.6506,26.374,116
-12.6506,27.5566,145
-12.6506,28.7392,106
-12.6506,29.9217,68
-12.6506,31.1043,230
-12.6506,33.4694,176
-12.6506,34.652,85
-12.6506,37.0171,93
-12.6506,38.1997,132
-12.6506,39.3822,174
-12.6506,41.7474,261
-12.6506,44.1125,166
-12.6506,45.2951,173
-12.6506,46.4776,1
-12.6506,47.6602,174
-12.6506,50.0253,87
-12.6506,51.2079,152
-12.6506,52.3904,41
-12.6506,53.573,220
-12.6506,55.9381,116
-12.6506,58.3033,58
-12.6506,59.4858,116
-12.6506,60.6684,116
-12.6506,63.0335,174
-12.6506,64.2161,87
-12.6506,65.3987,68
-12.6506,67.7638,116
-12.6506,71.3115,123
-12.6506,73.6766,174
-12.6506,76.0417,116
-12.6506,77.2243,174
-12.6506,79.5894,174
-12.6506,81.9546,174
-12.6506,83.1371,2
-12.6506,84.3197,58
-12.6506,85.5023,174
-12.6506,87.8674,87
-12.6506,89.05,24
-12.6506,90.2325,75
-12.6506,91.4151,184
-12.6506,94.9628,147
-12.6506,99.693,116
-12.6506,100.8756,111
-12.6506,102.0582,150
-12.6506,104.4233,50
-12.6506,110.3361,64
-12.6506,119.7966,58
-12.6506,122.1618,66
-12.6506,123.3443,54
-11.4681,-115.5338,116
-11.4681,-110.8035,174
-11.4681,-107.2558,208
-11.4681,-104.8907,228
-11.4681,-96.6127,174
-11.4681,-93.065,129
-11.4681,-90.6999,174
-11.4681,-87.1522,174
-11.4681,-84.7871,261
-11.4681,-82.4219,196
-11.4681,-81.2394,65
-11.4681,-80.0568,174
-11.4681,-76.5091,87
-11.4681,-74.144,116
-11.4681,-72.9614,2
-11.4681,-71.7789,172
-11.4681,-69.4137,174
-11.4681,-65.866,174
-11.4681,-62.3183,174
-11.4681,-59.9532,174
-11.4681,-57.5881,174
-11.4681,-56.4055,87
-11.4681,-55.223,116
-11.4681,-50.4927,116
-11.4681,-49.3101,174
-11.4681,-46.945,261
-11.4681,-43.3973,174
-11.4681,-42.2147,86
-11.4681,-41.0322,174
-11.4681,-39.8496,1
-11.4681,-38.667,24
-11.4681,-37.4845,174
-11.4681,-36.3019,236
-11.4681,-35.1193,25
-11.4681,-33.9368,116
-11.4681,-31.5717,24
-11.4681,-30.3891,174
-11.4681,-28.024,174
-11.4681,-26.8414,174
-11.4681,-24.4763,174
-11.4681,-22.1111,157
-11.4681,-19.746,174
-11.4681,-16.1983,116
-11.4681,-13.8332,99
-11.4681,-12.6506,11
-11.4681,-11.4681,87
-11.4681,-9.1029,261
-11.4681,-6.7378,142
-11.4681,-5.5552,116
-11.4681,-4.3727,261
-11.4681,-3.1901,116
-11.4681,-0.825,261
-11.4681,0.3576,38
-11.4681,2.7227,174
-11.4681,3.9053,166
-11.4681,5.0879,55
-11.4681,6.2704,1
-11.4681,7.453,173
-11.4681,8.6355,174
-11.4681,9.8181,116
-11.4681,12.1832,174
-11.4681,14.5484,128
-11.4681,18.0961,174
-11.4681,19.2786,174
-11.4681,21.6438,116
-11.4681,25.1915,1
-11.4681,26.374,173
-11.4681,27.5566,116
-11.4681,31.1043,116
-11.4681,32.2868,120
-11.4681,35.8345,174
-11.4681,37.0171,60
-11.4681,39.3822,119
-11.4681,40.5648,87
-11.4681,42.9299,87
-11.4681,46.4776,85
-11.4681,47.6602,176
-11.4681,48.8428,7
-11.4681,50.0253,167
-11.4681,51.2079,174
-11.4681,54.7556,113
-11.4681,55.9381,3
-11.4681,57.1207,174
-11.4681,59.4858,116
-11.4681,61.851,170
-11.4681,64.2161,66
-11.4681,65.3987,50
-11.4681,66.5812,116
-11.4681,68.9464,174
-11.4681,71.3115,138
-11.4681,72.4941,87
-11.4681,76.0417,174
-11.4681,80.772,58
-11.4681,83.1371,174
-11.4681,84.3197,38
-11.4681,85.5023,120
-11.4681,86.6848,174
-11.4681,89.05,174
-11.4681,92.5977,53
-11.4681,93.7802,121
-11.4681,97.3279,174
-11.4681,105.6059,174
-11.4681,107.971,174
-11.4681,112.7013,87
-11.4681,115.0664,133
-11.4681,125.7095,116
-10.2855,-124.9943,116
-10.2855,-120.264,116
-10.2855,-116.7163,58
-10.2855,-114.3512,3
-10.2855,-113.1686,171
-10.2855,-107.2558,53
-10.2855,-103.7081,58
-10.2855,-101.343,174
-10.2855,-98.9779,174
-10.2855,-94.2476,174
-10.2855,-89.5173,174
-10.2855,-85.9696,120
-10.2855,-83.6045,20
-10.2855,-80.0568,89
-10.2855,-78.8742,26
-10.2855,-77.6917,61
-10.2855,-75.3266,174
-10.2855,-72.9614,175
-10.2855,-70.5963,174
-10.2855,-68.2312,22
-10.2855,-67.0486,94
-10.2855,-64.6835,207
-10.2855,-63.5009,54
-10.2855,-61.1358,174
-10.2855,-58.7706,116
-10.2855,-56.4055,208
-10.2855,-52.8578,174
-10.2855,-51.6753,174
-10.2855,-49.3101,232
-10.2855,-44.5799,116
-10.2855,-43.3973,174
-10.2855,-42.2147,1
-10.2855,-39.8496,236
-10.2855,-37.4845,261
-10.2855,-35.1193,1
-10.2855,-32.7542,174
-10.2855,-31.5717,179
-10.2855,-25.6588,261
-10.2855,-23.2937,261
-10.2855,-20.9286,174
-10.2855,-19.746,116
-10.2855,-18.5634,116
-10.2855,-17.3809,174
-10.2855,-15.0157,174
-10.2855,-12.6506,151
-10.2855,-11.4681,174
-10.2855,-9.1029,174
-10.2855,-7.9204,87
-10.2855,-6.7378,116
-10.2855,-5.5552,22
-10.2855,-2.0075,221
-10.2855,-0.825,116
-10.2855,0.3576,49
-10.2855,1.5402,174
-10.2855,2.7227,111
-10.2855,3.9053,150
-10.2855,5.0879,119
-10.2855,7.453,174
-10.2855,9.8181,116
-10.2855,11.0007,174
-10.2855,13.3658,203
-10.2855,14.5484,97
-10.2855,15.7309,19
-10.2855,16.9135,116
-10.2855,19.2786,116
-10.2855,20.4612,116
-10.2855,21.6438,145
-10.2855,24.0089,174
-10.2855,25.1915,27
-10.2855,27.5566,146
-10.2855,28.7392,174
-10.2855,31.1043,140
-10.2855,32.2868,112
-10.2855,33.4694,55
-10.2855,34.652,206
-10.2855,37.0171,201
-10.2855,39.3822,142
-10.2855,40.5648,116
-10.2855,42.9299,174
-10.2855,44.1125,94
-10.2855,45.2951,167
-10.2855,47.6602,16
-10.2855,48.8428,245
-10.2855,50.0253,116
-10.2855,52.3904,174
-10.2855,54.7556,174
-10.2855,55.9381,174
-10.2855,58.3033,174
-10.2855,61.851,91
-10.2855,63.0335,96
-10.2855,64.2161,78
-10.2855,65.3987,174
-10.2855,67.7638,174
-10.2855,68.9464,116
-10.2855,71.3115,87
-10.2855,72.4941,174
-10.2855,73.6766,116
-10.2855,77.2243,85
-10.2855,78.4069,176
-10.2855,80.772,116
-10.2855,84.3197,12
-10.2855,85.5023,4
-10.2855,91.4151,174
-10.2855,94.9628,178
-10.2855,98.5105,116
-10.2855,100.8756,174
-10.2855,103.2407,174
-10.2855,110.3361,116
-10.2855,115.0664,41
-10.2855,117.4315,174
-10.2855,120.9792,121
-10.2855,129.2572,116
-9.1029,-127.3594,116
-9.1029,-122.6291,87
-9.1029,-119.0815,31
-9.1029,-117.8989,85
-9.1029,-110.8035,144
-9.1029,-109.6209,30
-9.1029,-104.8907,174
-9.1029,-102.5255,116
-9.1029,-96.6127,232
-9.1029,-94.2476,87
-9.1029,-91.8825,219
-9.1029,-90.6999,42
-9.1029,-88.3348,62
-9.1029,-87.1522,57
-9.1029,-85.9696,54
-9.1029,-84.7871,87
-9.1029,-83.6045,154
-9.1029,-82.4219,173
-9.1029,-81.2394,1
-9.1029,-80.0568,146
-9.1029,-78.8742,26
-9.1029,-77.6917,157
-9.1029,-76.5091,104
-9.1029,-75.3266,174
-9.1029,-72.9614,86
-9.1029,-70.5963,87
-9.1029,-69.4137,174
-9.1029,-67.0486,116
-9.1029,-65.866,116
-9.1029,-63.5009,1
-9.1029,-62.3183,173
-9.1029,-59.9532,87
-9.1029,-58.7706,87
-9.1029,-56.4055,53
-9.1029,-54.0404,261
-9.1029,-52.8578,108
-9.1029,-51.6753,8
-9.1029,-50.4927,174
-9.1029,-48.1276,97
-9.1029,-46.945,19
-9.1029,-45.7624,116
-9.1029,-44.5799,87
-9.1029,-42.2147,108
-9.1029,-41.0322,153
-9.1029,-39.8496,159
-9.1029,-38.667,102
-9.1029,-35.1193,260
-9.1029,-33.9368,116
-9.1029,-32.7542,118
-9.1029,-31.5717,82
-9.1029,-29.2065,174
-9.1029,-28.024,148
-9.1029,-26.8414,113
-9.1029,-24.4763,174
-9.1029,-22.1111,159
-9.1029,-19.746,174
-9.1029,-18.5634,214
-9.1029,-17.3809,47
-9.1029,-16.1983,119
-9.1029,-13.8332,174
-9.1029,-12.6506,261
-9.1029,-10.2855,261
-9.1029,-7.9204,116
-9.1029,-6.7378,116
-9.1029,-5.5552,94
-9.1029,-4.3727,116
-9.1029,-3.1901,116
-9.1029,-2.0075,40
-9.1029,0.3576,154
-9.1029,1.5402,174
-9.1029,5.0879,174
-9.1029,6.2704,116
-9.1029,7.453,116
-9.1029,8.6355,116
-9.1029,9.8181,116
-9.1029,12.1832,116
-9.1029,13.3658,116
-9.1029,14.5484,179
-9.1029,15.7309,116
-9.1029,18.0961,174
-9.1029,19.2786,116
-9.1029,20.4612,116
-9.1029,22.8263,261
-9.1029,25.1915,234
-9.1029,26.374,104
-9.1029,27.5566,11
-9.1029,28.7392,116
-9.1029,29.9217,106
-9.1029,31.1043,15
-9.1029,32.2868,116
-9.1029,33.4694,58
-9.1029,35.8345,174
-9.1029,38.1997,169
-9.1029,39.3822,116
-9.1029,41.7474,135
-9.1029,42.9299,116
-9.1029,45.2951,174
-9.1029,46.4776,174
-9.1029,51.2079,87
-9.1029,53.573,116
-9.1029,54.7556,116
-9.1029,57.1207,116
-9.1029,59.4858,175
-9.1029,60.6684,86
-9.1029,61.851,174
-9.1029,64.2161,26
-9.1029,65.3987,90
-9.1029,66.5812,174
-9.1029,68.9464,59
-9.1029,70.1289,115
-9.1029,71.3115,1
-9.1029,73.6766,174
-9.1029,76.0417,116
-9.1029,77.2243,26
-9.1029,79.5894,152
-9.1029,81.9546,174
-9.1029,83.1371,39
-9.1029,84.3197,135
-9.1029,86.6848,174
-9.1029,87.8674,116
-9.1029,90.2325,116
-9.1029,92.5977,116
-9.1029,94.9628,83
-9.1029,97.3279,87
-9.1029,105.6059,174
-9.1029,107.971,174
-9.1029,110.3361,10
-9.1029,112.7013,241
-9.1029,120.9792,53
-9.1029,123.3443,10
-9.1029,124.5269,106
-7.9204,-120.264,116
-7.9204,-116.7163,57
-7.9204,-115.5338,117
-7.9204,-113.1686,87
-7.9204,-108.4384,55
-7.9204,-107.2558,119
-7.9204,-101.343,174
-7.9204,-98.9779,161
-7.9204,-97.7953,13
-7.9204,-96.6127,29
-7.9204,-93.065,53
-7.9204,-91.8825,9
-7.9204,-90.6999,58
-7.9204,-89.5173,116
-7.9204,-88.3348,55
-7.9204,-85.9696,174
-7.9204,-82.4219,116
-7.9204,-81.2394,174
-7.9204,-78.8742,87
-7.9204,-74.144,105
-7.9204,-72.9614,11
-7.9204,-71.7789,174
-7.9204,-69.4137,174
-7.9204,-65.866,54
-7.9204,-64.6835,207
-7.9204,-61.1358,261
-7.9204,-57.5881,116
-7.9204,-56.4055,261
-7.9204,-52.8578,116
-7.9204,-49.3101,87
-7.9204,-48.1276,174
-7.9204,-46.945,174
-7.9204,-45.7624,87
-7.9204,-43.3973,261
-7.9204,-41.0322,135
-7.9204,-37.4845,232
-7.9204,-33.9368,174
-7.9204,-32.7542,56
-7.9204,-31.5717,98
-7.9204,-30.3891,87
-7.9204,-29.2065,261
-7.9204,-26.8414,54
-7.9204,-25.6588,207
-7.9204,-23.2937,116
-7.9204,-22.1111,102
-7.9204,-16.1983,142
-7.9204,-13.8332,261
-7.9204,-9.1029,90
-7.9204,-7.9204,171
-7.9204,-6.7378,87
-7.9204,-5.5552,116
-7.9204,-4.3727,145
-7.9204,-3.1901,116
-7.9204,-0.825,174
-7.9204,0.3576,20
-7.9204,1.5402,27
-7.9204,2.7227,79
-7.9204,3.9053,182
-7.9204,5.0879,13
-7.9204,6.2704,174
-7.9204,9.8181,116
-7.9204,11.0007,116
-7.9204,12.1832,108
-7.9204,13.3658,67
-7.9204,14.5484,82
-7.9204,15.7309,145
-7.9204,16.9135,116
-7.9204,18.0961,127
-7.9204,20.4612,116
-7.9204,21.6438,116
-7.9204,24.0089,116
-7.9204,25.1915,137
-7.9204,26.374,124
-7.9204,27.5566,174
-7.9204,29.9217,174
-7.9204,31.1043,176
-7.9204,32.2868,85
-7.9204,33.4694,2
-7.9204,34.652,259
-7.9204,37.0171,87
-7.9204,38.1997,92
-7.9204,40.5648,187
-7.9204,41.7474,126
-7.9204,44.1125,96
-7.9204,46.4776,24
-7.9204,47.6602,174
-7.9204,50.0253,261
-7.9204,52.3904,174
-7.9204,53.573,174
-7.9204,55.9381,113
-7.9204,57.1207,3
-7.9204,58.3033,174
-7.9204,60.6684,174
-7.9204,61.851,81
-7.9204,63.0335,122
-7.9204,65.3987,116
-7.9204,68.9464,202
-7.9204,72.4941,235
-7.9204,74.8592,116
-7.9204,77.2243,235
-7.9204,79.5894,108
-7.9204,80.772,1
-7.9204,81.9546,98
-7.9204,87.8674,116
-7.9204,91.4151,185
-7.9204,92.5977,76
-7.9204,93.7802,15
-7.9204,94.9628,95
-7.9204,97.3279,174
-7.9204,99.693,159
-7.9204,100.8756,15
-7.9204,102.0582,174
-7.9204,110.3361,106
-7.9204,112.7013,20
-7.9204,115.0664,1
-7.9204,116.249,173
-7.9204,118.6141,174
-6.7378,-126.1768,87
-6.7378,-123.8117,87
-6.7378,-117.8989,116
-6.7378,-111.9861,174
-6.7378,-109.6209,87
-6.7378,-104.8907,174
-6.7378,-103.7081,115
-6.7378,-102.5255,1
-6.7378,-96.6127,58
-6.7378,-95.4302,102
-6.7378,-94.2476,159
-6.7378,-91.8825,112
-6.7378,-88.3348,228
-6.7378,-87.1522,7
-6.7378,-84.7871,59
-6.7378,-83.6045,115
-6.7378,-78.8742,174
-6.7378,-76.5091,261
-6.7378,-74.144,87
-6.7378,-71.7789,87
-6.7378,-70.5963,116
-6.7378,-67.0486,261
-6.7378,-63.5009,159
-6.7378,-62.3183,102
-6.7378,-58.7706,261
-6.7378,-54.0404,261
-6.7378,-51.6753,174
-6.7378,-49.3101,116
-6.7378,-46.945,174
-6.7378,-44.5799,174
-6.7378,-41.0322,126
-6.7378,-39.8496,145
-6.7378,-38.667,27
-6.7378,-36.3019,174
-6.7378,-35.1193,11
-6.7378,-32.7542,174
-6.7378,-31.5717,76
-6.7378,-28.024,261
-6.7378,-25.6588,116
-6.7378,-24.4763,116
-6.7378,-22.1111,174
-6.7378,-20.9286,174
-6.7378,-19.746,73
-6.7378,-18.5634,101
-6.7378,-17.3809,261
-6.7378,-15.0157,94
-6.7378,-11.4681,174
-6.7378,-10.2855,261
-6.7378,-5.5552,174
-6.7378,-4.3727,116
-6.7378,-2.0075,116
-6.7378,-0.825,113
-6.7378,0.3576,3
-6.7378,1.5402,234
-6.7378,5.0879,248
-6.7378,6.2704,34
-6.7378,7.453,110
-6.7378,8.6355,64
-6.7378,11.0007,116
-6.7378,12.1832,86
-6.7378,14.5484,261
-6.7378,16.9135,116
-6.7378,18.0961,134
-6.7378,19.2786,116
-6.7378,20.4612,116
-6.7378,22.8263,148
-6.7378,26.374,102
-6.7378,28.7392,116
-6.7378,29.9217,116
-6.7378,31.1043,174
-6.7378,33.4694,261
-6.7378,35.8345,261
-6.7378,37.0171,116
-6.7378,39.3822,116
-6.7378,40.5648,74
-6.7378,41.7474,113
-6.7378,44.1125,165
-6.7378,46.4776,237
-6.7378,47.6602,87
-6.7378,48.8428,116
-6.7378,51.2079,145
-6.7378,52.3904,116
-6.7378,55.9381,116
-6.7378,57.1207,174
-6.7378,59.4858,87
-6.7378,64.2161,174
-6.7378,66.5812,133
-6.7378,67.7638,128
-6.7378,70.1289,174
-6.7378,72.4941,26
-6.7378,78.4069,174
-6.7378,80.772,87
-6.7378,81.9546,82
-6.7378,83.1371,81
-6.7378,84.3197,160
-6.7378,85.5023,14
-6.7378,86.6848,174
-6.7378,89.05,116
-6.7378,94.9628,151
-6.7378,98.5105,116
-6.7378,100.8756,58
-6.7378,104.4233,104
-6.7378,105.6059,39
-6.7378,107.971,235
-6.7378,111.5187,87
-6.7378,122.1618,87
-6.7378,126.892,116
-5.5552,-128.542,87
-5.5552,-117.8989,58
-5.5552,-115.5338,156
-5.5552,-114.3512,18
-5.5552,-110.8035,84
-5.5552,-107.2558,174
-5.5552,-101.343,116
-5.5552,-98.9779,174
-5.5552,-96.6127,116
-5.5552,-93.065,113
-5.5552,-91.8825,61
-5.5552,-90.6999,174
-5.5552,-87.1522,26
-5.5552,-85.9696,174
-5.5552,-82.4219,174
-5.5552,-80.0568,116
-5.5552,-77.6917,116
-5.5552,-72.9614,116
-5.5552,-71.7789,87
-5.5552,-69.4137,176
-5.5552,-68.2312,85
-5.5552,-65.866,28
-5.5552,-64.6835,233
-5.5552,-61.1358,234
-5.5552,-57.5881,174
-5.5552,-55.223,174
-5.5552,-52.8578,261
-5.5552,-50.4927,261
-5.5552,-48.1276,174
-5.5552,-43.3973,174
-5.5552,-41.0322,174
-5.5552,-39.8496,89
-5.5552,-37.4845,174
-5.5552,-36.3019,116
-5.5552,-35.1193,163
-5.5552,-32.7542,174
-5.5552,-31.5717,174
-5.5552,-29.2065,174
-5.5552,-26.8414,174
-5.5552,-24.4763,133
-5.5552,-23.2937,128
-5.5552,-20.9286,174
-5.5552,-18.5634,261
-5.5552,-17.3809,116
-5.5552,-15.0157,167
-5.5552,-13.8332,173
-5.5552,-12.6506,1
-5.5552,-11.4681,174
-5.5552,-9.1029,261
-5.5552,-6.7378,174
-5.5552,-4.3727,116
-5.5552,-3.1901,116
-5.5552,-2.0075,116
-5.5552,-0.825,52
-5.5552,0.3576,122
-5.5552,1.5402,174
-5.5552,2.7227,174
-5.5552,6.2704,227
-5.5552,7.453,174
-5.5552,9.8181,174
-5.5552,11.0007,116
-5.5552,12.1832,234
-5.5552,15.7309,174
-5.5552,18.0961,160
-5.5552,20.4612,174
-5.5552,22.8263,113
-5.5552,24.0089,109
-5.5552,25.1915,152
-5.5552,26.374,159
-5.5552,28.7392,73
-5.5552,34.652,87
-5.5552,38.1997,169
-5.5552,40.5648,178
-5.5552,41.7474,148
-5.5552,42.9299,2
-5.5552,44.1125,114
-5.5552,45.2951,116
-5.5552,47.6602,116
-5.5552,50.0253,28
-5.5552,51.2079,88
-5.5552,53.573,78
-5.5552,54.7556,183
-5.5552,55.9381,116
-5.5552,58.3033,174
-5.5552,60.6684,116
-5.5552,61.851,116
-5.5552,63.0335,116
-5.5552,65.3987,184
-5.5552,68.9464,174
-5.5552,71.3115,170
-5.5552,72.4941,6
-5.5552,73.6766,164
-5.5552,74.8592,97
-5.5552,76.0417,174
-5.5552,78.4069,87
-5.5552,81.9546,174
-5.5552,84.3197,174
-5.5552,87.8674,174
-5.5552,90.2325,171
-5.5552,92.5977,116
-5.5552,96.1453,174
-5.5552,98.5105,58
-5.5552,100.8756,116
-5.5552,103.2407,87
-5.5552,105.6059,118
-5.5552,107.971,26
-5.5552,110.3361,58
-5.5552,111.5187,29
-5.5552,113.8838,116
-5.5552,116.249,100
-5.5552,117.4315,9
-5.5552,124.5269,116
-4.3727,-123.8117,55
-4.3727,-121.4466,174
-4.3727,-110.8035,3
-4.3727,-109.6209,5
-4.3727,-106.0732,5
-4.3727,-104.8907,169
-4.3727,-103.7081,146
-4.3727,-102.5255,28
-4.3727,-101.343,58
-4.3727,-100.1604,116
-4.3727,-94.2476,174
-4.3727,-88.3348,174
-4.3727,-83.6045,174
-4.3727,-81.2394,174
-4.3727,-78.8742,116
-4.3727,-75.3266,261
-4.3727,-72.9614,81
-4.3727,-71.7789,174
-4.3727,-69.4137,87
-4.3727,-67.0486,116
-4.3727,-65.866,122
-4.3727,-63.5009,178
-4.3727,-62.3183,83
-4.3727,-61.1358,27
-4.3727,-58.7706,261
-4.3727,-57.5881,1
-4.3727,-56.4055,115
-4.3727,-54.0404,116
-4.3727,-49.3101,174
-4.3727,-46.945,116
-4.3727,-45.7624,174
-4.3727,-43.3973,261
-4.3727,-39.8496,174
-4.3727,-38.667,174
-4.3727,-36.3019,174
-4.3727,-35.1193,142
-4.3727,-33.9368,91
-4.3727,-30.3891,174
-4.3727,-28.024,261
-4.3727,-25.6588,116
-4.3727,-24.4763,58
-4.3727,-22.1111,174
-4.3727,-19.746,261
-4.3727,-17.3809,116
-4.3727,-16.1983,174
-4.3727,-13.8332,174
-4.3727,-12.6506,116
-4.3727,-10.2855,261
-4.3727,-7.9204,174
-4.3727,-5.5552,116
-4.3727,-4.3727,174
-4.3727,-3.1901,116
-4.3727,-2.0075,116
-4.3727,-0.825,116
-4.3727,0.3576,116
-4.3727,2.7227,174
-4.3727,3.9053,40
-4.3727,5.0879,134
-4.3727,6.2704,147
-4.3727,9.8181,221
-4.3727,11.0007,116
-4.3727,12.1832,27
-4.3727,14.5484,116
-4.3727,15.7309,113
-4.3727,16.9135,148
-4.3727,18.0961,28
-4.3727,19.2786,73
-4.3727,20.4612,116
-4.3727,21.6438,179
-4.3727,24.0089,116
-4.3727,25.1915,261
-4.3727,27.5566,88
-4.3727,28.7392,161
-4.3727,29.9217,27
-4.3727,31.1043,116
-4.3727,32.2868,174
-4.3727,34.652,174
-4.3727,35.8345,116
-4.3727,37.0171,116
-4.3727,38.1997,92
-4.3727,40.5648,83
-4.3727,41.7474,150
-4.3727,42.9299,24
-4.3727,45.2951,116
-4.3727,46.4776,174
-4.3727,48.8428,174
-4.3727,51.2079,174
-4.3727,52.3904,174
-4.3727,54.7556,59
-4.3727,55.9381,57
-4.3727,57.1207,171
-4.3727,59.4858,85
-4.3727,60.6684,44
-4.3727,61.851,192
-4.3727,65.3987,77
-4.3727,66.5812,24
-4.3727,67.7638,237
-4.3727,70.1289,3
-4.3727,71.3115,85
-4.3727,73.6766,174
-4.3727,74.8592,1
-4.3727,76.0417,173
-4.3727,77.2243,174
-4.3727,79.5894,116
-4.3727,83.1371,116
-4.3727,85.5023,123
-4.3727,86.6848,138
-4.3727,90.2325,90
-4.3727,93.7802,85
-4.3727,94.9628,158
-4.3727,99.693,133
-4.3727,102.0582,58
-4.3727,104.4233,116
-4.3727,106.7884,87
-4.3727,109.1536,6
-4.3727,112.7013,174
-4.3727,116.249,152
-4.3727,119.7966,87
-3.1901,-124.9943,116
-3.1901,-123.8117,3
-3.1901,-117.8989,174
-3.1901,-115.5338,54
-3.1901,-113.1686,174
-3.1901,-109.6209,169
-3.1901,-107.2558,116
-3.1901,-97.7953,174
-3.1901,-96.6127,108
-3.1901,-95.4302,8
-3.1901,-93.065,116
-3.1901,-90.6999,261
-3.1901,-87.1522,116
-3.1901,-84.7871,116
-3.1901,-82.4219,174
-3.1901,-78.8742,174
-3.1901,-77.6917,116
-3.1901,-75.3266,58
-3.1901,-72.9614,180
-3.1901,-70.5963,87
-3.1901,-68.2312,200
-3.1901,-67.0486,61
-3.1901,-65.866,52
-3.1901,-64.6835,174
-3.1901,-61.1358,174
-3.1901,-59.9532,87
-3.1901,-57.5881,174
-3.1901,-56.4055,87
-3.1901,-55.223,174
-3.1901,-52.8578,116
-3.1901,-51.6753,174
-3.1901,-50.4927,116
-3.1901,-48.1276,87
-3.1901,-46.945,87
-3.1901,-45.7624,174
-3.1901,-42.2147,204
-3.1901,-41.0322,57
-3.1901,-38.667,174
-3.1901,-33.9368,28
-3.1901,-32.7542,111
-3.1901,-31.5717,150
-3.1901,-30.3891,45
-3.1901,-29.2065,129
-3.1901,-26.8414,174
-3.1901,-23.2937,174
-3.1901,-22.1111,174
-3.1901,-18.5634,116
-3.1901,-17.3809,174
-3.1901,-15.0157,42
-3.1901,-13.8332,11
-3.1901,-12.6506,163
-3.1901,-11.4681,116
-3.1901,-9.1029,130
-3.1901,-7.9204,44
-3.1901,-6.7378,253
-3.1901,-5.5552,8
-3.1901,-3.1901,116
-3.1901,-0.825,116
-3.1901,1.5402,174
-3.1901,3.9053,174
-3.1901,6.2704,114
-3.1901,7.453,174
-3.1901,9.8181,40
-3.1901,11.0007,56
-3.1901,12.1832,116
-3.1901,13.3658,87
-3.1901,14.5484,174
-3.1901,18.0961,116
-3.1901,19.2786,116
-3.1901,20.4612,116
-3.1901,21.6438,82
-3.1901,22.8263,2
-3.1901,24.0089,234
-3.1901,27.5566,173
-3.1901,28.7392,108
-3.1901,29.9217,116
-3.1901,32.2868,116
-3.1901,33.4694,116
-3.1901,34.652,174
-3.1901,35.8345,26
-3.1901,37.0171,118
-3.1901,38.1997,55
-3.1901,39.3822,174
-3.1901,40.5648,141
-3.1901,44.1125,174
-3.1901,45.2951,57
-3.1901,47.6602,261
-3.1901,48.8428,138
-3.1901,50.0253,4
-3.1901,51.2079,28
-3.1901,52.3904,146
-3.1901,53.573,174
-3.1901,55.9381,58
-3.1901,57.1207,54
-3.1901,58.3033,36
-3.1901,59.4858,176
-3.1901,61.851,25
-3.1901,64.2161,174
-3.1901,65.3987,152
-3.1901,70.1289,258
-3.1901,72.4941,174
-3.1901,78.4069,140
-3.1901,79.5894,12
-3.1901,80.772,174
-3.1901,84.3197,116
-3.1901,87.8674,27
-3.1901,89.05,234
-3.1901,92.5977,174
-3.1901,94.9628,18
-3.1901,97.3279,176
-3.1901,99.693,41
-3.1901,102.0582,116
-3.1901,105.6059,25
-3.1901,109.1536,255
-3.1901,118.6141,116
-3.1901,122.1618,116
-3.1901,125.7095,87
-3.1901,129.2572,116
-2.0075,-128.542,116
-2.0075,-120.264,56
-2.0075,-115.5338,120
-2.0075,-103.7081,174
-2.0075,-101.343,116
-2.0075,-100.1604,116
-2.0075,-98.9779,58
-2.0075,-96.6127,174
-2.0075,-94.2476,174
-2.0075,-88.3348,174
-2.0075,-85.9696,174
-2.0075,-83.6045,174
-2.0075,-81.2394,173
-2.0075,-77.6917,174
-2.0075,-75.3266,116
-2.0075,-71.7789,174
-2.0075,-65.866,174
-2.0075,-62.3183,116
-2.0075,-59.9532,174
-2.0075,-56.4055,87
-2.0075,-52.8578,261
-2.0075,-50.4927,174
-2.0075,-49.3101,174
-2.0075,-46.945,132
-2.0075,-44.5799,87
-2.0075,-43.3973,174
-2.0075,-42.2147,82
-2.0075,-39.8496,174
-2.0075,-37.4845,116
-2.0075,-35.1193,261
-2.0075,-33.9368,160
-2.0075,-32.7542,101
-2.0075,-31.5717,174
-2.0075,-28.024,174
-2.0075,-25.6588,10
-2.0075,-24.4763,251
-2.0075,-23.2937,174
-2.0075,-19.746,174
-2.0075,-15.0157,219
-2.0075,-10.2855,261
-2.0075,-7.9204,174
-2.0075,-4.3727,261
-2.0075,-2.0075,116
-2.0075,-0.825,116
-2.0075,0.3576,174
-2.0075,2.7227,174
-2.0075,3.9053,54
-2.0075,5.0879,116
-2.0075,7.453,174
-2.0075,8.6355,217
-2.0075,9.8181,44
-2.0075,11.0007,118
-2.0075,12.1832,174
-2.0075,13.3658,116
-2.0075,14.5484,60
-2.0075,15.7309,27
-2.0075,16.9135,116
-2.0075,18.0961,116
-2.0075,19.2786,164
-2.0075,21.6438,174
-2.0075,24.0089,25
-2.0075,25.1915,116
-2.0075,26.374,81
-2.0075,27.5566,88
-2.0075,28.7392,153
-2.0075,31.1043,120
-2.0075,32.2868,148
-2.0075,33.4694,73
-2.0075,35.8345,113
-2.0075,37.0171,122
-2.0075,38.1997,88
-2.0075,39.3822,87
-2.0075,40.5648,120
-2.0075,42.9299,116
-2.0075,44.1125,116
-2.0075,45.2951,204
-2.0075,47.6602,87
-2.0075,50.0253,119
-2.0075,53.573,116
-2.0075,54.7556,116
-2.0075,55.9381,116
-2.0075,57.1207,115
-2.0075,58.3033,1
-2.0075,59.4858,116
-2.0075,60.6684,174
-2.0075,63.0335,116
-2.0075,64.2161,45
-2.0075,65.3987,109
-2.0075,67.7638,261
-2.0075,73.6766,37
-2.0075,74.8592,224
-2.0075,77.2243,174
-2.0075,79.5894,109
-2.0075,83.1371,174
-2.0075,84.3197,132
-2.0075,85.5023,42
-2.0075,86.6848,174
-2.0075,90.2325,125
-2.0075,91.4151,49
-2.0075,92.5977,2
-2.0075,93.7802,44
-2.0075,94.9628,87
-2.0075,97.3279,85
-2.0075,99.693,102
-2.0075,103.2407,116
-2.0075,105.6059,121
-2.0075,106.7884,115
-2.0075,113.8838,68
-2.0075,115.0664,106
-0.825,-122.6291,116
-0.825,-120.264,2
-0.825,-113.1686,116
-0.825,-111.9861,116
-0.825,-109.6209,1
-0.825,-108.4384,251
-0.825,-106.0732,174
-0.825,-101.343,174
-0.825,-91.8825,174
-0.825,-89.5173,174
-0.825,-81.2394,88
-0.825,-78.8742,116
-0.825,-76.5091,67
-0.825,-75.3266,106
-0.825,-74.144,120
-0.825,-72.9614,141
-0.825,-71.7789,87
-0.825,-69.4137,261
-0.825,-67.0486,116
-0.825,-64.6835,116
-0.825,-63.5009,58
-0.825,-61.1358,116
-0.825,-59.9532,25
-0.825,-58.7706,63
-0.825,-57.5881,198
-0.825,-55.223,261
-0.825,-51.6753,32
-0.825,-49.3101,174
-0.825,-46.945,216
-0.825,-44.5799,152
-0.825,-43.3973,174
-0.825,-42.2147,23
-0.825,-41.0322,156
-0.825,-39.8496,102
-0.825,-38.667,174
-0.825,-37.4845,100
-0.825,-36.3019,119
-0.825,-35.1193,138
-0.825,-33.9368,95
-0.825,-31.5717,89
-0.825,-30.3891,174
-0.825,-29.2065,116
-0.825,-26.8414,201
-0.825,-25.6588,60
-0.825,-24.4763,182
-0.825,-22.1111,116
-0.825,-20.9286,174
-0.825,-19.746,174
-0.825,-18.5634,174
-0.825,-16.1983,174
-0.825,-15.0157,174
-0.825,-13.8332,174
-0.825,-11.4681,174
-0.825,-9.1029,116
-0.825,-6.7378,127
-0.825,-5.5552,134
-0.825,-3.1901,174
-0.825,-2.0075,116
-0.825,0.3576,116
-0.825,1.5402,174
-0.825,2.7227,53
-0.825,3.9053,120
-0.825,6.2704,172
-0.825,7.453,52
-0.825,8.6355,37
-0.825,9.8181,122
-0.825,11.0007,139
-0.825,13.3658,116
-0.825,14.5484,174
-0.825,16.9135,174
-0.825,18.0961,116
-0.825,19.2786,7
-0.825,20.4612,90
-0.825,21.6438,87
-0.825,24.0089,116
-0.825,25.1915,261
-0.825,27.5566,92
-0.825,28.7392,182
-0.825,29.9217,184
-0.825,31.1043,4
-0.825,32.2868,40
-0.825,34.652,244
-0.825,35.8345,17
-0.825,37.0171,111
-0.825,38.1997,116
-0.825,40.5648,101
-0.825,41.7474,174
-0.825,42.9299,110
-0.825,45.2951,116
-0.825,46.4776,174
-0.825,48.8428,261
-0.825,51.2079,261
-0.825,53.573,58
-0.825,54.7556,174
-0.825,57.1207,174
-0.825,59.4858,58
-0.825,61.851,57
-0.825,63.0335,30
-0.825,64.2161,186
-0.825,65.3987,36
-0.825,66.5812,178
-0.825,70.1289,205
-0.825,71.3115,56
-0.825,72.4941,237
-0.825,76.0417,174
-0.825,78.4069,116
-0.825,79.5894,4
-0.825,80.772,213
-0.825,81.9546,3
-0.825,89.05,174
-0.825,92.5977,49
-0.825,93.7802,150
-0.825,94.9628,190
-0.825,97.3279,22
-0.825,99.693,82
-0.825,100.8756,164
-0.825,103.2407,144
-0.825,104.4233,1
-0.825,107.971,114
-0.825,111.5187,261
-0.825,116.249,174
-0.825,119.7966,79
-0.825,120.9792,95
-0.825,123.3443,64
-0.825,124.5269,110
0.3576,-124.9943,116
0.3576,-120.264,116
0.3576,-117.8989,1
0.3576,-116.7163,173
0.3576,-114.3512,58
0.3576,-108.4384,9
0.3576,-103.7081,174
0.3576,-98.9779,170
0.3576,-97.7953,91
0.3576,-95.4302,174
0.3576,-93.065,116
0.3576,-91.8825,62
0.3576,-90.6999,58
0.3576,-87.1522,174
0.3576,-84.7871,174
0.3576,-82.4219,261
0.3576,-80.0568,159
0.3576,-77.6917,116
0.3576,-76.5091,88
0.3576,-74.144,116
0.3576,-72.9614,116
0.3576,-71.7789,174
0.3576,-69.4137,87
0.3576,-68.2312,174
0.3576,-65.866,174
0.3576,-64.6835,174
0.3576,-62.3183,261
0.3576,-59.9532,236
0.3576,-56.4055,174
0.3576,-54.0404,174
0.3576,-51.6753,205
0.3576,-50.4927,24
0.3576,-48.1276,232
0.3576,-45.7624,174
0.3576,-44.5799,22
0.3576,-42.2147,174
0.3576,-39.8496,72
0.3576,-38.667,90
0.3576,-36.3019,42
0.3576,-35.1193,28
0.3576,-32.7542,157
0.3576,-31.5717,15
0.3576,-30.3891,174
0.3576,-29.2065,116
0.3576,-28.024,116
0.3576,-26.8414,75
0.3576,-25.6588,186
0.3576,-24.4763,79
0.3576,-20.9286,174
0.3576,-18.5634,174
0.3576,-16.1983,116
0.3576,-13.8332,115
0.3576,-12.6506,146
0.3576,-11.4681,130
0.3576,-10.2855,131
0.3576,-7.9204,261
0.3576,-5.5552,174
0.3576,-4.3727,261
0.3576,-2.0075,174
0.3576,-0.825,116
0.3576,0.3576,116
0.3576,2.7227,121
0.3576,3.9053,89
0.3576,5.0879,72
0.3576,6.2704,17
0.3576,7.453,172
0.3576,8.6355,74
0.3576,9.8181,100
0.3576,12.1832,116
0.3576,13.3658,116
0.3576,14.5484,87
0.3576,15.7309,116
0.3576,16.9135,104
0.3576,18.0961,70
0.3576,19.2786,116
0.3576,20.4612,116
0.3576,22.8263,261
0.3576,24.0089,27
0.3576,26.374,204
0.3576,27.5566,57
0.3576,29.9217,3
0.3576,31.1043,200
0.3576,32.2868,61
0.3576,33.4694,116
0.3576,34.652,116
0.3576,35.8345,116
0.3576,37.0171,5
0.3576,38.1997,179
0.3576,40.5648,160
0.3576,41.7474,174
0.3576,42.9299,6
0.3576,44.1125,116
0.3576,45.2951,117
0.3576,47.6602,174
0.3576,50.0253,174
0.3576,52.3904,116
0.3576,53.573,116
0.3576,58.3033,261
0.3576,59.4858,1
0.3576,60.6684,173
0.3576,61.851,117
0.3576,64.2161,174
0.3576,66.5812,47
0.3576,68.9464,261
0.3576,71.3115,174
0.3576,72.4941,24
0.3576,74.8592,174
0.3576,78.4069,25
0.3576,80.772,190
0.3576,81.9546,112
0.3576,84.3197,174
0.3576,85.5023,76
0.3576,86.6848,98
0.3576,87.8674,87
0.3576,91.4151,174
0.3576,97.3279,239
0.3576,105.6059,120
0.3576,107.971,147
0.3576,113.8838,94
0.3576,128.0746,116
1.5402,-128.542,116
1.5402,-115.5338,58
1.5402,-110.8035,174
1.5402,-107.2558,1
1.5402,-106.0732,173
1.5402,-101.343,174
1.5402,-96.6127,116
1.5402,-94.2476,58
1.5402,-93.065,116
1.5402,-91.8825,54
1.5402,-89.5173,174
1.5402,-87.1522,174
1.5402,-84.7871,127
1.5402,-83.6045,134
1.5402,-80.0568,102
1.5402,-78.8742,54
1.5402,-76.5091,116
1.5402,-70.5963,87
1.5402,-65.866,174
1.5402,-61.1358,174
1.5402,-58.7706,261
1.5402,-55.223,116
1.5402,-52.8578,174
1.5402,-49.3101,174
1.5402,-48.1276,29
1.5402,-43.3973,174
1.5402,-39.8496,174
1.5402,-38.667,136
1.5402,-37.4845,35
1.5402,-36.3019,183
1.5402,-35.1193,78
1.5402,-33.9368,174
1.5402,-32.7542,14
1.5402,-31.5717,174
1.5402,-28.024,261
1.5402,-24.4763,174
1.5402,-23.2937,233
1.5402,-22.1111,28
1.5402,-19.746,116
1.5402,-17.3809,174
1.5402,-15.0157,174
1.5402,-13.8332,87
1.5402,-11.4681,174
1.5402,-9.1029,261
1.5402,-6.7378,116
1.5402,-4.3727,116
1.5402,-0.825,174
1.5402,0.3576,116
1.5402,1.5402,116
1.5402,2.7227,30
1.5402,3.9053,88
1.5402,5.0879,84
1.5402,6.2704,174
1.5402,7.453,88
1.5402,8.6355,58
1.5402,11.0007,174
1.5402,12.1832,116
1.5402,14.5484,116
1.5402,15.7309,116
1.5402,19.2786,174
1.5402,20.4612,116
1.5402,21.6438,116
1.5402,22.8263,116
1.5402,24.0089,49
1.5402,25.1915,185
1.5402,27.5566,110
1.5402,28.7392,151
1.5402,29.9217,116
1.5402,31.1043,74
1.5402,33.4694,174
1.5402,35.8345,58
1.5402,38.1997,82
1.5402,39.3822,58
1.5402,40.5648,174
1.5402,42.9299,116
1.5402,45.2951,57
1.5402,48.8428,116
1.5402,52.3904,174
1.5402,53.573,29
1.5402,55.9381,261
1.5402,59.4858,58
1.5402,60.6684,174
1.5402,63.0335,174
1.5402,65.3987,116
1.5402,67.7638,156
1.5402,72.4941,87
1.5402,73.6766,174
1.5402,74.8592,116
1.5402,77.2243,116
1.5402,78.4069,236
1.5402,85.5023,174
1.5402,86.6848,113
1.5402,87.8674,3
1.5402,89.05,116
1.5402,92.5977,116
1.5402,94.9628,174
1.5402,99.693,116
1.5402,102.0582,210
1.5402,103.2407,51
1.5402,105.6059,141
1.5402,110.3361,116
1.5402,113.8838,138
1.5402,118.6141,174
1.5402,122.1618,55
2.7227,-122.6291,174
2.7227,-119.0815,173
2.7227,-117.8989,1
2.7227,-115.5338,116
2.7227,-113.1686,125
2.7227,-111.9861,49
2.7227,-108.4384,116
2.7227,-104.8907,120
2.7227,-102.5255,174
2.7227,-98.9779,174
2.7227,-95.4302,116
2.7227,-90.6999,116
2.7227,-88.3348,174
2.7227,-81.2394,174
2.7227,-78.8742,40
2.7227,-77.6917,80
2.7227,-76.5091,145
2.7227,-74.144,116
2.7227,-72.9614,29
2.7227,-71.7789,232
2.7227,-70.5963,13
2.7227,-69.4137,161
2.7227,-68.2312,174
2.7227,-64.6835,174
2.7227,-63.5009,173
2.7227,-62.3183,1
2.7227,-59.9532,30
2.7227,-56.4055,261
2.7227,-54.0404,232
2.7227,-50.4927,174
2.7227,-49.3101,174
2.7227,-46.945,261
2.7227,-44.5799,116
2.7227,-43.3973,174
2.7227,-42.2147,116
2.7227,-41.0322,174
2.7227,-38.667,174
2.7227,-37.4845,174
2.7227,-35.1193,116
2.7227,-33.9368,87
2.7227,-32.7542,73
2.7227,-30.3891,261
2.7227,-26.8414,174
2.7227,-23.2937,77
2.7227,-20.9286,261
2.7227,-19.746,87
2.7227,-18.5634,174
2.7227,-16.1983,116
2.7227,-15.0157,116
2.7227,-12.6506,116
2.7227,-10.2855,116
2.7227,-7.9204,116
2.7227,-6.7378,58
2.7227,-5.5552,116
2.7227,-3.1901,174
2.7227,-2.0075,78
2.7227,-0.825,116
2.7227,1.5402,116
2.7227,2.7227,205
2.7227,3.9053,55
2.7227,5.0879,232
2.7227,6.2704,116
2.7227,8.6355,115
2.7227,9.8181,174
2.7227,11.0007,116
2.7227,13.3658,116
2.7227,14.5484,134
2.7227,15.7309,29
2.7227,16.9135,232
2.7227,18.0961,27
2.7227,20.4612,174
2.7227,21.6438,116
2.7227,24.0089,116
2.7227,26.374,261
2.7227,29.9217,174
2.7227,31.1043,187
2.7227,34.652,116
2.7227,35.8345,85
2.7227,37.0171,176
2.7227,39.3822,116
2.7227,41.7474,87
2.7227,45.2951,174
2.7227,46.4776,230
2.7227,47.6602,31
2.7227,48.8428,122
2.7227,50.0253,116
2.7227,52.3904,174
2.7227,53.573,232
2.7227,55.9381,174
2.7227,57.1207,174
2.7227,59.4858,116
2.7227,60.6684,87
2.7227,61.851,174
2.7227,64.2161,174
2.7227,67.7638,105
2.7227,68.9464,58
2.7227,70.1289,116
2.7227,71.3115,106
2.7227,74.8592,116
2.7227,77.2243,58
2.7227,80.772,174
2.7227,83.1371,174
2.7227,87.8674,116
2.7227,91.4151,174
2.7227,93.7802,174
2.7227,97.3279,174
2.7227,99.693,58
2.7227,107.971,174
2.7227,111.5187,87
2.7227,116.249,174
2.7227,120.9792,48
2.7227,122.1618,71
2.7227,124.5269,1
2.7227,125.7095,115
3.9053,-126.1768,116
3.9053,-110.8035,58
3.9053,-109.6209,116
3.9053,-107.2558,116
3.9053,-104.8907,54
3.9053,-101.343,63
3.9053,-100.1604,53
3.9053,-96.6127,174
3.9053,-94.2476,87
3.9053,-91.8825,174
3.9053,-89.5173,174
3.9053,-85.9696,243
3.9053,-84.7871,18
3.9053,-83.6045,174
3.9053,-80.0568,174
3.9053,-77.6917,118
3.9053,-76.5091,56
3.9053,-75.3266,89
3.9053,-74.144,172
3.9053,-70.5963,116
3.9053,-69.4137,67
3.9053,-65.866,116
3.9053,-64.6835,116
3.9053,-63.5009,87
3.9053,-62.3183,100
3.9053,-61.1358,74
3.9053,-59.9532,231
3.9053,-57.5881,116
3.9053,-55.223,87
3.9053,-52.8578,174
3.9053,-50.4927,174
3.9053,-48.1276,116
3.9053,-45.7624,261
3.9053,-42.2147,174
3.9053,-36.3019,174
3.9053,-33.9368,174
3.9053,-31.5717,261
3.9053,-29.2065,116
3.9053,-28.024,174
3.9053,-26.8414,116
3.9053,-25.6588,116
3.9053,-23.2937,184
3.9053,-22.1111,6
3.9053,-20.9286,227
3.9053,-19.746,87
3.9053,-17.3809,261
3.9053,-13.8332,174
3.9053,-11.4681,261
3.9053,-9.1029,174
3.9053,-6.7378,116
3.9053,-5.5552,116
3.9053,-4.3727,261
3.9053,-2.0075,183
3.9053,0.3576,116
3.9053,1.5402,116
3.9053,2.7227,174
3.9053,6.2704,58
3.9053,8.6355,232
3.9053,9.8181,67
3.9053,11.0007,194
3.9053,12.1832,116
3.9053,14.5484,127
3.9053,16.9135,174
3.9053,18.0961,234
3.9053,20.4612,116
3.9053,21.6438,116
3.9053,22.8263,174
3.9053,25.1915,116
3.9053,26.374,4
3.9053,27.5566,174
3.9053,29.9217,116
3.9053,31.1043,174
3.9053,32.2868,34
3.9053,33.4694,227
3.9053,34.652,174
3.9053,37.0171,116
3.9053,38.1997,174
3.9053,39.3822,82
3.9053,40.5648,179
3.9053,41.7474,96
3.9053,44.1125,174
3.9053,45.2951,174
3.9053,48.8428,139
3.9053,50.0253,116
3.9053,52.3904,114
3.9053,53.573,2
3.9053,58.3033,174
3.9053,60.6684,174
3.9053,64.2161,60
3.9053,65.3987,114
3.9053,66.5812,147
3.9053,67.7638,111
3.9053,68.9464,150
3.9053,71.3115,155
3.9053,73.6766,174
3.9053,77.2243,116
3.9053,78.4069,173
3.9053,79.5894,1
3.9053,81.9546,174
3.9053,84.3197,163
3.9053,86.6848,174
3.9053,90.2325,116
3.9053,96.1453,174
3.9053,99.693,116
3.9053,100.8756,118
3.9053,102.0582,56
3.9053,104.4233,116
3.9053,109.1536,2
3.9053,110.3361,172
3.9053,113.8838,79
3.9053,128.0746,87
5.0879,-127.3594,46
5.0879,-126.1768,12
5.0879,-120.264,58
5.0879,-117.8989,1
5.0879,-116.7163,116
5.0879,-114.3512,139
5.0879,-110.8035,87
5.0879,-103.7081,116
5.0879,-100.1604,58
5.0879,-98.9779,116
5.0879,-95.4302,116
5.0879,-90.6999,116
5.0879,-87.1522,174
5.0879,-81.2394,174
5.0879,-78.8742,116
5.0879,-76.5091,112
5.0879,-75.3266,4
5.0879,-72.9614,116
5.0879,-69.4137,194
5.0879,-67.0486,116
5.0879,-65.866,82
5.0879,-63.5009,174
5.0879,-59.9532,174
5.0879,-58.7706,174
5.0879,-56.4055,174
5.0879,-54.0404,261
5.0879,-51.6753,116
5.0879,-49.3101,174
5.0879,-46.945,116
5.0879,-43.3973,174
5.0879,-41.0322,84
5.0879,-39.8496,177
5.0879,-37.4845,174
5.0879,-35.1193,52
5.0879,-33.9368,122
5.0879,-32.7542,116
5.0879,-30.3891,116
5.0879,-28.024,261
5.0879,-25.6588,116
5.0879,-24.4763,174
5.0879,-23.2937,123
5.0879,-22.1111,28
5.0879,-19.746,131
5.0879,-18.5634,43
5.0879,-17.3809,174
5.0879,-16.1983,259
5.0879,-15.0157,2
5.0879,-12.6506,174
5.0879,-10.2855,261
5.0879,-7.9204,174
5.0879,-3.1901,87
5.0879,-0.825,116
5.0879,0.3576,116
5.0879,2.7227,116
5.0879,3.9053,174
5.0879,6.2704,261
5.0879,7.453,28
5.0879,8.6355,27
5.0879,9.8181,3
5.0879,13.3658,116
5.0879,15.7309,174
5.0879,16.9135,145
5.0879,19.2786,87
5.0879,21.6438,174
5.0879,24.0089,174
5.0879,25.1915,39
5.0879,26.374,257
5.0879,28.7392,116
5.0879,32.2868,87
5.0879,33.4694,119
5.0879,34.652,65
5.0879,35.8345,58
5.0879,39.3822,87
5.0879,40.5648,23
5.0879,41.7474,165
5.0879,44.1125,174
5.0879,46.4776,25
5.0879,47.6602,236
5.0879,50.0253,174
5.0879,51.2079,174
5.0879,54.7556,174
5.0879,55.9381,98
5.0879,57.1207,76
5.0879,61.851,117
5.0879,63.0335,114
5.0879,64.2161,87
5.0879,70.1289,192
5.0879,72.4941,174
5.0879,74.8592,162
5.0879,76.0417,99
5.0879,77.2243,97
5.0879,78.4069,21
5.0879,80.772,232
5.0879,84.3197,98
5.0879,86.6848,114
5.0879,87.8674,168
5.0879,89.05,6
5.0879,91.4151,174
5.0879,93.7802,174
5.0879,97.3279,174
5.0879,103.2407,116
5.0879,105.6059,174
5.0879,112.7013,176
5.0879,113.8838,6
5.0879,118.6141,171
5.0879,119.7966,3
5.0879,122.1618,174
6.2704,-123.8117,13
6.2704,-122.6291,103
6.2704,-120.264,116
6.2704,-117.8989,57
6.2704,-114.3512,35
6.2704,-113.1686,57
6.2704,-111.9861,1
6.2704,-108.4384,87
6.2704,-106.0732,116
6.2704,-102.5255,174
6.2704,-100.1604,56
6.2704,-96.6127,174
6.2704,-93.065,174
6.2704,-89.5173,174
6.2704,-85.9696,127
6.2704,-84.7871,134
6.2704,-83.6045,168
6.2704,-82.4219,6
6.2704,-81.2394,103
6.2704,-80.0568,116
6.2704,-77.6917,174
6.2704,-75.3266,116
6.2704,-72.9614,116
6.2704,-71.7789,109
6.2704,-70.5963,152
6.2704,-68.2312,116
6.2704,-67.0486,58
6.2704,-65.866,179
6.2704,-61.1358,174
6.2704,-57.5881,87
6.2704,-55.223,159
6.2704,-52.8578,87
6.2704,-50.4927,174
6.2704,-49.3101,116
6.2704,-48.1276,116
6.2704,-45.7624,174
6.2704,-44.5799,116
6.2704,-42.2147,174
6.2704,-41.0322,174
6.2704,-38.667,261
6.2704,-36.3019,116
6.2704,-35.1193,116
6.2704,-33.9368,174
6.2704,-31.5717,261
6.2704,-29.2065,116
6.2704,-24.4763,174
6.2704,-23.2937,138
6.2704,-20.9286,174
6.2704,-18.5634,122
6.2704,-16.1983,174
6.2704,-13.8332,174
6.2704,-12.6506,116
6.2704,-11.4681,87
6.2704,-9.1029,116
6.2704,-7.9204,81
6.2704,-6.7378,180
6.2704,-5.5552,174
6.2704,-3.1901,174
6.2704,-2.0075,116
6.2704,0.3576,116
6.2704,1.5402,116
6.2704,3.9053,117
6.2704,5.0879,173
6.2704,7.453,174
6.2704,9.8181,232
6.2704,11.0007,26
6.2704,12.1832,235
6.2704,13.3658,116
6.2704,16.9135,116
6.2704,19.2786,116
6.2704,20.4612,232
6.2704,22.8263,116
6.2704,24.0089,116
6.2704,25.1915,72
6.2704,27.5566,147
6.2704,28.7392,39
6.2704,29.9217,87
6.2704,31.1043,116
6.2704,32.2868,134
6.2704,34.652,77
6.2704,35.8345,116
6.2704,37.0171,77
6.2704,38.1997,184
6.2704,40.5648,238
6.2704,42.9299,145
6.2704,45.2951,261
6.2704,46.4776,63
6.2704,47.6602,111
6.2704,48.8428,116
6.2704,51.2079,116
6.2704,52.3904,125
6.2704,53.573,136
6.2704,54.7556,60
6.2704,55.9381,114
6.2704,58.3033,261
6.2704,59.4858,174
6.2704,61.851,57
6.2704,63.0335,90
6.2704,65.3987,174
6.2704,66.5812,174
6.2704,68.9464,87
6.2704,70.1289,38
6.2704,71.3115,31
6.2704,73.6766,174
6.2704,76.0417,116
6.2704,77.2243,4
6.2704,78.4069,139
6.2704,80.772,29
6.2704,81.9546,176
6.2704,84.3197,118
6.2704,86.6848,147
6.2704,89.05,58
6.2704,90.2325,116
6.2704,96.1453,174
6.2704,99.693,171
6.2704,100.8756,116
6.2704,104.4233,87
6.2704,107.971,116
6.2704,110.3361,110
6.2704,116.249,174
6.2704,125.7095,87
7.453,-123.8117,58
7.453,-115.5338,116
7.453,-111.9861,116
7.453,-109.6209,174
7.453,-107.2558,113
7.453,-104.8907,46
7.453,-103.7081,107
7.453,-100.1604,118
7.453,-97.7953,100
7.453,-94.2476,116
7.453,-91.8825,174
7.453,-88.3348,113
7.453,-87.1522,61
7.453,-83.6045,42
7.453,-81.2394,71
7.453,-80.0568,116
7.453,-78.8742,58
7.453,-76.5091,116
7.453,-74.144,174
7.453,-71.7789,116
7.453,-69.4137,174
7.453,-65.866,116
7.453,-64.6835,116
7.453,-62.3183,174
7.453,-61.1358,174
7.453,-58.7706,174
7.453,-57.5881,116
7.453,-56.4055,65
7.453,-55.223,37
7.453,-54.0404,261
7.453,-51.6753,232
7.453,-50.4927,29
7.453,-48.1276,116
7.453,-46.945,174
7.453,-44.5799,174
7.453,-43.3973,174
7.453,-42.2147,91
7.453,-37.4845,87
7.453,-36.3019,174
7.453,-35.1193,87
7.453,-32.7542,174
7.453,-30.3891,107
7.453,-28.024,174
7.453,-26.8414,174
7.453,-23.2937,200
7.453,-22.1111,174
7.453,-19.746,174
7.453,-18.5634,139
7.453,-17.3809,116
7.453,-15.0157,57
7.453,-13.8332,204
7.453,-11.4681,119
7.453,-10.2855,142
7.453,-9.1029,174
7.453,-7.9204,116
7.453,-5.5552,174
7.453,-4.3727,116
7.453,-3.1901,203
7.453,-0.825,174
7.453,0.3576,116
7.453,2.7227,116
7.453,5.0879,116
7.453,6.2704,174
7.453,7.453,25
7.453,8.6355,174
7.453,11.0007,261
7.453,13.3658,190
7.453,14.5484,28
7.453,15.7309,233
7.453,16.9135,82
7.453,18.0961,179
7.453,19.2786,112
7.453,20.4612,4
7.453,22.8263,261
7.453,24.0089,116
7.453,25.1915,31
7.453,26.374,206
7.453,28.7392,75
7.453,29.9217,174
7.453,32.2868,127
7.453,34.652,261
7.453,37.0171,246
7.453,38.1997,15
7.453,39.3822,116
7.453,40.5648,67
7.453,41.7474,83
7.453,42.9299,33
7.453,44.1125,134
7.453,50.0253,174
7.453,52.3904,25
7.453,54.7556,114
7.453,55.9381,60
7.453,59.4858,174
7.453,60.6684,116
7.453,61.851,58
7.453,63.0335,141
7.453,64.2161,30
7.453,65.3987,174
7.453,67.7638,122
7.453,68.9464,90
7.453,70.1289,171
7.453,71.3115,63
7.453,72.4941,111
7.453,79.5894,176
7.453,80.772,85
7.453,81.9546,85
7.453,84.3197,56
7.453,87.8674,58
7.453,89.05,58
7.453,90.2325,174
7.453,92.5977,174
7.453,97.3279,116
7.453,99.693,3
7.453,102.0582,116
7.453,106.7884,174
7.453,110.3361,151
7.453,112.7013,3
7.453,113.8838,57
7.453,118.6141,116
7.453,128.0746,116
8.6355,-127.3594,174
8.6355,-121.4466,116
8.6355,-117.8989,174
8.6355,-113.1686,174
8.6355,-107.2558,148
8.6355,-104.8907,108
8.6355,-102.5255,116
8.6355,-98.9779,1
8.6355,-97.7953,73
8.6355,-96.6127,18
8.6355,-95.4302,156
8.6355,-93.065,116
8.6355,-89.5173,116
8.6355,-85.9696,135
8.6355,-83.6045,219
8.6355,-81.2394,174
8.6355,-77.6917,101
8.6355,-76.5091,73
8.6355,-72.9614,50
8.6355,-70.5963,236
8.6355,-68.2312,87
8.6355,-67.0486,116
8.6355,-64.6835,88
8.6355,-63.5009,87
8.6355,-62.3183,116
8.6355,-58.7706,116
8.6355,-55.223,211
8.6355,-49.3101,174
8.6355,-48.1276,13
8.6355,-43.3973,174
8.6355,-42.2147,170
8.6355,-39.8496,261
8.6355,-37.4845,174
8.6355,-36.3019,16
8.6355,-33.9368,174
8.6355,-31.5717,31
8.6355,-30.3891,123
8.6355,-29.2065,174
8.6355,-26.8414,174
8.6355,-25.6588,174
8.6355,-23.2937,61
8.6355,-22.1111,176
8.6355,-18.5634,249
8.6355,-16.1983,261
8.6355,-12.6506,174
8.6355,-10.2855,98
8.6355,-6.7378,174
8.6355,-4.3727,116
8.6355,-2.0075,174
8.6355,-0.825,116
8.6355,1.5402,261
8.6355,2.7227,116
8.6355,5.0879,59
8.6355,6.2704,115
8.6355,7.453,236
8.6355,9.8181,228
8.6355,11.0007,14
8.6355,13.3658,71
8.6355,14.5484,174
8.6355,16.9135,174
8.6355,19.2786,116
8.6355,20.4612,116
8.6355,21.6438,174
8.6355,24.0089,116
8.6355,25.1915,116
8.6355,27.5566,116
8.6355,28.7392,116
8.6355,31.1043,261
8.6355,32.2868,98
8.6355,33.4694,76
8.6355,35.8345,174
8.6355,39.3822,87
8.6355,40.5648,194
8.6355,42.9299,174
8.6355,44.1125,127
8.6355,46.4776,116
8.6355,47.6602,261
8.6355,51.2079,225
8.6355,52.3904,11
8.6355,53.573,87
8.6355,54.7556,116
8.6355,55.9381,24
8.6355,57.1207,237
8.6355,60.6684,145
8.6355,61.851,144
8.6355,63.0335,30
8.6355,64.2161,116
8.6355,67.7638,139
8.6355,71.3115,22
8.6355,72.4941,1
8.6355,73.6766,179
8.6355,74.8592,136
8.6355,76.0417,125
8.6355,77.2243,163
8.6355,78.4069,11
8.6355,81.9546,116
8.6355,84.3197,261
8.6355,86.6848,174
8.6355,87.8674,1
8.6355,89.05,173
8.6355,92.5977,116
8.6355,94.9628,174
8.6355,98.5105,87
8.6355,100.8756,174
8.6355,104.4233,87
8.6355,107.971,174
8.6355,112.7013,114
8.6355,116.249,115
8.6355,122.1618,116
8.6355,124.5269,116
9.8181,-126.1768,24
9.8181,-124.9943,150
9.8181,-120.264,58
9.8181,-115.5338,58
9.8181,-110.8035,174
9.8181,-108.4384,26
9.8181,-103.7081,116
9.8181,-100.1604,174
9.8181,-97.7953,110
9.8181,-93.065,58
9.8181,-91.8825,84
9.8181,-90.6999,90
9.8181,-88.3348,232
9.8181,-85.9696,126
9.8181,-82.4219,174
9.8181,-78.8742,174
9.8181,-75.3266,232
9.8181,-74.144,29
9.8181,-72.9614,124
9.8181,-71.7789,116
9.8181,-70.5963,25
9.8181,-68.2312,58
9.8181,-67.0486,116
9.8181,-65.866,171
9.8181,-64.6835,2
9.8181,-63.5009,174
9.8181,-59.9532,116
9.8181,-57.5881,261
9.8181,-55.223,50
9.8181,-54.0404,28
9.8181,-52.8578,233
9.8181,-51.6753,24
9.8181,-50.4927,237
9.8181,-49.3101,87
9.8181,-48.1276,161
9.8181,-45.7624,261
9.8181,-42.2147,174
9.8181,-41.0322,116
9.8181,-39.8496,54
9.8181,-38.667,58
9.8181,-36.3019,245
9.8181,-32.7542,174
9.8181,-31.5717,87
9.8181,-30.3891,238
9.8181,-25.6588,174
9.8181,-24.4763,202
9.8181,-23.2937,59
9.8181,-22.1111,85
9.8181,-19.746,174
9.8181,-18.5634,12
9.8181,-15.0157,174
9.8181,-13.8332,174
9.8181,-12.6506,116
9.8181,-11.4681,29
9.8181,-10.2855,134
9.8181,-9.1029,148
9.8181,-7.9204,113
9.8181,-5.5552,174
9.8181,-3.1901,174
9.8181,-2.0075,87
9.8181,-0.825,116
9.8181,0.3576,87
9.8181,1.5402,85
9.8181,2.7227,116
9.8181,3.9053,116
9.8181,5.0879,116
9.8181,6.2704,104
9.8181,8.6355,30
9.8181,9.8181,3
9.8181,11.0007,67
9.8181,12.1832,180
9.8181,13.3658,169
9.8181,15.7309,87
9.8181,18.0961,174
9.8181,19.2786,116
9.8181,20.4612,116
9.8181,21.6438,12
9.8181,25.1915,116
9.8181,26.374,116
9.8181,27.5566,116
9.8181,29.9217,174
9.8181,31.1043,174
9.8181,33.4694,29
9.8181,34.652,87
9.8181,37.0171,102
9.8181,38.1997,159
9.8181,39.3822,174
9.8181,41.7474,174
9.8181,44.1125,174
9.8181,45.2951,116
9.8181,46.4776,145
9.8181,48.8428,9
9.8181,50.0253,165
9.8181,53.573,174
9.8181,54.7556,50
9.8181,55.9381,124
9.8181,57.1207,174
9.8181,58.3033,116
9.8181,60.6684,29
9.8181,64.2161,58
9.8181,65.3987,145
9.8181,66.5812,116
9.8181,68.9464,174
9.8181,70.1289,32
9.8181,71.3115,207
9.8181,72.4941,70
9.8181,73.6766,11
9.8181,77.2243,149
9.8181,79.5894,176
9.8181,81.9546,145
9.8181,86.6848,60
9.8181,90.2325,174
9.8181,93.7802,87
9.8181,96.1453,174
9.8181,103.2407,116
9.8181,104.4233,70
9.8181,105.6059,191
9.8181,111.5187,87
9.8181,115.0664,30
9.8181,116.249,116
9.8181,119.7966,116
11.0007,-115.5338,116
11.0007,-108.4384,148
11.0007,-106.0732,119
11.0007,-101.343,116
11.0007,-97.7953,64
11.0007,-95.4302,193
11.0007,-94.2476,68
11.0007,-93.065,115
11.0007,-90.6999,174
11.0007,-88.3348,29
11.0007,-84.7871,249
11.0007,-80.0568,174
11.0007,-76.5091,174
11.0007,-72.9614,144
11.0007,-69.4137,174
11.0007,-65.866,174
11.0007,-63.5009,42
11.0007,-62.3183,116
11.0007,-61.1358,116
11.0007,-59.9532,174
11.0007,-56.4055,255
11.0007,-55.223,6
11.0007,-54.0404,261
11.0007,-51.6753,87
11.0007,-48.1276,174
11.0007,-46.945,116
11.0007,-44.5799,138
11.0007,-43.3973,36
11.0007,-41.0322,119
11.0007,-39.8496,62
11.0007,-37.4845,174
11.0007,-36.3019,174
11.0007,-35.1193,174
11.0007,-32.7542,29
11.0007,-31.5717,232
11.0007,-30.3891,23
11.0007,-29.2065,2
11.0007,-28.024,174
11.0007,-26.8414,116
11.0007,-25.6588,116
11.0007,-22.1111,174
11.0007,-20.9286,174
11.0007,-19.746,72
11.0007,-18.5634,189
11.0007,-17.3809,261
11.0007,-13.8332,174
11.0007,-11.4681,174
11.0007,-10.2855,174
11.0007,-6.7378,116
11.0007,-4.3727,116
11.0007,-3.1901,116
11.0007,-2.0075,116
11.0007,-0.825,116
11.0007,1.5402,176
11.0007,3.9053,116
11.0007,6.2704,157
11.0007,8.6355,174
11.0007,9.8181,156
11.0007,11.0007,105
11.0007,12.1832,108
11.0007,13.3658,92
11.0007,15.7309,174
11.0007,16.9135,116
11.0007,18.0961,116
11.0007,20.4612,116
11.0007,21.6438,75
11.0007,22.8263,174
11.0007,24.0089,87
11.0007,26.374,87
11.0007,27.5566,116
11.0007,28.7392,116
11.0007,29.9217,116
11.0007,33.4694,232
11.0007,34.652,174
11.0007,37.0171,174
11.0007,38.1997,174
11.0007,40.5648,174
11.0007,42.9299,116
11.0007,47.6602,174
11.0007,50.0253,174
11.0007,51.2079,174
11.0007,52.3904,116
11.0007,53.573,115
11.0007,54.7556,59
11.0007,58.3033,58
11.0007,59.4858,116
11.0007,61.851,116
11.0007,63.0335,116
11.0007,65.3987,58
11.0007,66.5812,56
11.0007,67.7638,142
11.0007,70.1289,116
11.0007,72.4941,179
11.0007,73.6766,30
11.0007,74.8592,231
11.0007,77.2243,112
11.0007,79.5894,85
11.0007,81.9546,24
11.0007,83.1371,25
11.0007,84.3197,149
11.0007,85.5023,34
11.0007,86.6848,80
11.0007,87.8674,116
11.0007,92.5977,174
11.0007,94.9628,174
11.0007,98.5105,126
11.0007,99.693,48
11.0007,100.8756,174
11.0007,106.7884,33
11.0007,107.971,54
11.0007,109.1536,174
11.0007,112.7013,174
11.0007,122.1618,116
11.0007,128.0746,116
12.1832,-122.6291,174
12.1832,-119.0815,116
12.1832,-113.1686,174
12.1832,-110.8035,58
12.1832,-106.0732,142
12.1832,-103.7081,58
12.1832,-102.5255,52
12.1832,-100.1604,235
12.1832,-97.7953,56
12.1832,-96.6127,10
12.1832,-93.065,146
12.1832,-88.3348,172
12.1832,-85.9696,174
12.1832,-84.7871,12
12.1832,-82.4219,152
12.1832,-81.2394,78
12.1832,-78.8742,174
12.1832,-76.5091,49
12.1832,-75.3266,212
12.1832,-74.144,85
12.1832,-72.9614,32
12.1832,-70.5963,174
12.1832,-68.2312,174
12.1832,-64.6835,131
12.1832,-63.5009,88
12.1832,-61.1358,116
12.1832,-58.7706,144
12.1832,-57.5881,116
12.1832,-52.8578,174
12.1832,-50.4927,261
12.1832,-46.945,44
12.1832,-45.7624,261
12.1832,-43.3973,116
12.1832,-42.2147,25
12.1832,-41.0322,117
12.1832,-39.8496,55
12.1832,-38.667,206
12.1832,-35.1193,45
12.1832,-33.9368,116
12.1832,-30.3891,87
12.1832,-29.2065,114
12.1832,-28.024,174
12.1832,-24.4763,174
12.1832,-22.1111,27
12.1832,-20.9286,174
12.1832,-17.3809,86
12.1832,-16.1983,90
12.1832,-15.0157,171
12.1832,-12.6506,116
12.1832,-11.4681,174
12.1832,-9.1029,116
12.1832,-7.9204,174
12.1832,-6.7378,123
12.1832,-5.5552,138
12.1832,-4.3727,174
12.1832,-3.1901,116
12.1832,-2.0075,154
12.1832,0.3576,174
12.1832,1.5402,28
12.1832,2.7227,116
12.1832,3.9053,232
12.1832,6.2704,116
12.1832,7.453,174
12.1832,8.6355,116
12.1832,11.0007,140
12.1832,12.1832,153
12.1832,14.5484,87
12.1832,16.9135,116
12.1832,18.0961,13
12.1832,19.2786,116
12.1832,21.6438,116
12.1832,22.8263,116
12.1832,25.1915,261
12.1832,26.374,116
12.1832,27.5566,116
12.1832,29.9217,70
12.1832,31.1043,177
12.1832,32.2868,84
12.1832,33.4694,116
12.1832,34.652,174
12.1832,37.0171,32
12.1832,41.7474,116
12.1832,42.9299,58
12.1832,44.1125,145
12.1832,45.2951,116
12.1832,46.4776,116
12.1832,47.6602,68
12.1832,48.8428,70
12.1832,51.2079,137
12.1832,52.3904,174
12.1832,55.9381,219
12.1832,57.1207,42
12.1832,58.3033,116
12.1832,60.6684,174
12.1832,63.0335,236
12.1832,64.2161,116
12.1832,67.7638,63
12.1832,70.1289,58
12.1832,71.3115,30
12.1832,72.4941,52
12.1832,73.6766,116
12.1832,76.0417,116
12.1832,78.4069,116
12.1832,79.5894,53
12.1832,81.9546,237
12.1832,85.5023,174
12.1832,87.8674,116
12.1832,89.05,116
12.1832,91.4151,116
12.1832,97.3279,174
12.1832,103.2407,116
12.1832,115.0664,124
12.1832,116.249,50
12.1832,117.4315,87
12.1832,124.5269,87
13.3658,-128.542,116
13.3658,-115.5338,59
13.3658,-114.3512,1
13.3658,-110.8035,41
13.3658,-109.6209,75
13.3658,-107.2558,116
13.3658,-102.5255,64
13.3658,-100.1604,26
13.3658,-97.7953,195
13.3658,-95.4302,36
13.3658,-94.2476,138
13.3658,-90.6999,174
13.3658,-88.3348,2
13.3658,-84.7871,174
13.3658,-81.2394,31
13.3658,-80.0568,137
13.3658,-78.8742,98
13.3658,-77.6917,87
13.3658,-74.144,87
13.3658,-72.9614,108
13.3658,-71.7789,8
13.3658,-70.5963,58
13.3658,-69.4137,174
13.3658,-65.866,174
13.3658,-64.6835,116
13.3658,-62.3183,261
13.3658,-59.9532,171
13.3658,-58.7706,1
13.3658,-56.4055,174
13.3658,-55.223,63
13.3658,-54.0404,198
13.3658,-51.6753,1
13.3658,-50.4927,115
13.3658,-49.3101,116
13.3658,-48.1276,178
13.3658,-46.945,39
13.3658,-45.7624,174
13.3658,-44.5799,174
13.3658,-42.2147,87
13.3658,-41.0322,174
13.3658,-37.4845,261
13.3658,-35.1193,173
13.3658,-33.9368,43
13.3658,-32.7542,174
13.3658,-31.5717,101
13.3658,-30.3891,15
13.3658,-29.2065,116
13.3658,-26.8414,116
13.3658,-25.6588,261
13.3658,-23.2937,176
13.3658,-22.1111,58
13.3658,-19.746,241
13.3658,-18.5634,20
13.3658,-17.3809,175
13.3658,-15.0157,22
13.3658,-13.8332,174
13.3658,-12.6506,116
13.3658,-9.1029,116
13.3658,-7.9204,116
13.3658,-5.5552,174
13.3658,-3.1901,174
13.3658,-2.0075,20
13.3658,0.3576,116
13.3658,1.5402,233
13.3658,5.0879,174
13.3658,6.2704,174
13.3658,8.6355,152
13.3658,9.8181,116
13.3658,11.0007,5
13.3658,12.1832,174
13.3658,13.3658,116
13.3658,15.7309,174
13.3658,16.9135,116
13.3658,18.0961,248
13.3658,20.4612,116
13.3658,21.6438,116
13.3658,24.0089,116
13.3658,25.1915,174
13.3658,27.5566,174
13.3658,29.9217,191
13.3658,32.2868,116
13.3658,34.652,116
13.3658,35.8345,87
13.3658,37.0171,142
13.3658,38.1997,51
13.3658,39.3822,123
13.3658,40.5648,174
13.3658,42.9299,79
13.3658,44.1125,40
13.3658,45.2951,174
13.3658,47.6602,123
13.3658,48.8428,27
13.3658,50.0253,41
13.3658,51.2079,83
13.3658,54.7556,174
13.3658,57.1207,54
13.3658,58.3033,120
13.3658,59.4858,116
13.3658,60.6684,174
13.3658,63.0335,25
13.3658,65.3987,174
13.3658,67.7638,116
13.3658,68.9464,116
13.3658,70.1289,82
13.3658,71.3115,101
13.3658,72.4941,116
13.3658,76.0417,145
13.3658,78.4069,174
13.3658,79.5894,121
13.3658,83.1371,104
13.3658,84.3197,68
13.3658,89.05,121
13.3658,92.5977,3
13.3658,93.7802,171
13.3658,94.9628,174
13.3658,99.693,116
13.3658,100.8756,1
13.3658,102.0582,115
13.3658,103.2407,87
13.3658,105.6059,174
13.3658,107.971,174
13.3658,110.3361,172
13.3658,111.5187,2
13.3658,112.7013,35
13.3658,113.8838,21
13.3658,119.7966,116
14.5484,-124.9943,116
14.5484,-120.264,174
14.5484,-116.7163,174
14.5484,-115.5338,2
14.5484,-114.3512,112
14.5484,-111.9861,174
14.5484,-106.0732,116
14.5484,-104.8907,10
14.5484,-103.7081,164
14.5484,-101.343,174
14.5484,-98.9779,116
14.5484,-96.6127,58
14.5484,-93.065,174
14.5484,-88.3348,174
14.5484,-87.1522,69
14.5484,-85.9696,192
14.5484,-82.4219,87
14.5484,-81.2394,116
14.5484,-78.8742,26
14.5484,-77.6917,25
14.5484,-76.5091,236
14.5484,-74.144,174
14.5484,-70.5963,116
14.5484,-68.2312,100
14.5484,-67.0486,161
14.5484,-63.5009,116
14.5484,-61.1358,116
14.5484,-59.9532,90
14.5484,-57.5881,174
14.5484,-56.4055,174
14.5484,-52.8578,174
14.5484,-50.4927,116
14.5484,-48.1276,174
14.5484,-46.945,87
14.5484,-44.5799,56
14.5484,-42.2147,174
14.5484,-39.8496,28
14.5484,-38.667,233
14.5484,-36.3019,146
14.5484,-35.1193,115
14.5484,-33.9368,182
14.5484,-32.7542,38
14.5484,-31.5717,116
14.5484,-30.3891,116
14.5484,-29.2065,111
14.5484,-28.024,5
14.5484,-25.6588,174
14.5484,-24.4763,116
14.5484,-22.1111,174
14.5484,-20.9286,174
14.5484,-19.746,116
14.5484,-18.5634,174
14.5484,-17.3809,174
14.5484,-15.0157,239
14.5484,-13.8332,116
14.5484,-10.2855,261
14.5484,-6.7378,174
14.5484,-4.3727,116
14.5484,-2.0075,116
14.5484,0.3576,174
14.5484,2.7227,116
14.5484,5.0879,87
14.5484,6.2704,86
14.5484,8.6355,109
14.5484,9.8181,116
14.5484,11.0007,58
14.5484,13.3658,116
14.5484,14.5484,116
14.5484,15.7309,116
14.5484,18.0961,116
14.5484,19.2786,174
14.5484,20.4612,116
14.5484,22.8263,258
14.5484,24.0089,116
14.5484,26.374,116
14.5484,28.7392,116
14.5484,29.9217,37
14.5484,31.1043,224
14.5484,33.4694,116
14.5484,35.8345,80
14.5484,37.0171,87
14.5484,38.1997,116
14.5484,39.3822,173
14.5484,40.5648,1
14.5484,41.7474,172
14.5484,42.9299,10
14.5484,44.1125,221
14.5484,46.4776,203
14.5484,48.8428,234
14.5484,50.0253,109
14.5484,51.2079,7
14.5484,52.3904,174
14.5484,53.573,116
14.5484,55.9381,174
14.5484,59.4858,174
14.5484,63.0335,174
14.5484,64.2161,174
14.5484,66.5812,85
14.5484,68.9464,87
14.5484,70.1289,78
14.5484,73.6766,116
14.5484,76.0417,87
14.5484,79.5894,87
14.5484,81.9546,261
14.5484,84.3197,89
14.5484,86.6848,116
14.5484,89.05,140
14.5484,91.4151,174
14.5484,97.3279,174
14.5484,99.693,59
14.5484,100.8756,54
14.5484,104.4233,116
14.5484,113.8838,118
14.5484,116.249,57
14.5484,117.4315,117
14.5484,122.1618,87
14.5484,128.0746,116
15.7309,-109.6209,57
15.7309,-108.4384,117
15.7309,-106.0732,58
15.7309,-97.7953,116
15.7309,-95.4302,116
15.7309,-94.2476,109
15.7309,-90.6999,174
15.7309,-83.6045,261
15.7309,-80.0568,116
15.7309,-78.8742,1
15.7309,-77.6917,115
15.7309,-75.3266,87
15.7309,-71.7789,174
15.7309,-69.4137,116
15.7309,-68.2312,116
15.7309,-65.866,158
15.7309,-64.6835,103
15.7309,-59.9532,116
15.7309,-58.7706,116
15.7309,-57.5881,116
15.7309,-54.0404,116
15.7309,-52.8578,174
15.7309,-51.6753,87
15.7309,-46.945,116
15.7309,-44.5799,205
15.7309,-43.3973,50
15.7309,-42.2147,37
15.7309,-41.0322,174
15.7309,-39.8496,116
15.7309,-37.4845,116
15.7309,-36.3019,87
15.7309,-33.9368,41
15.7309,-31.5717,116
15.7309,-29.2065,116
15.7309,-28.024,174
15.7309,-24.4763,235
15.7309,-23.2937,26
15.7309,-20.9286,174
15.7309,-16.1983,174
15.7309,-13.8332,174
15.7309,-12.6506,174
15.7309,-10.2855,20
15.7309,-9.1029,174
15.7309,-7.9204,116
15.7309,-5.5552,261
15.7309,-4.3727,116
15.7309,-3.1901,116
15.7309,-2.0075,116
15.7309,-0.825,174
15.7309,2.7227,261
15.7309,3.9053,116
15.7309,5.0879,116
15.7309,7.453,175
15.7309,8.6355,174
15.7309,12.1832,174
15.7309,13.3658,116
15.7309,14.5484,116
15.7309,15.7309,116
15.7309,16.9135,116
15.7309,19.2786,117
15.7309,20.4612,143
15.7309,21.6438,118
15.7309,22.8263,3
15.7309,24.0089,116
15.7309,25.1915,116
15.7309,27.5566,131
15.7309,31.1043,125
15.7309,32.2868,136
15.7309,34.652,20
15.7309,35.8345,161
15.7309,37.0171,251
15.7309,39.3822,174
15.7309,40.5648,26
15.7309,41.7474,132
15.7309,42.9299,174
15.7309,46.4776,58
15.7309,47.6602,117
15.7309,50.0253,58
15.7309,51.2079,174
15.7309,53.573,174
15.7309,54.7556,116
15.7309,55.9381,116
15.7309,57.1207,116
15.7309,58.3033,116
15.7309,60.6684,174
15.7309,64.2161,174
15.7309,65.3987,77
15.7309,66.5812,99
15.7309,67.7638,31
15.7309,68.9464,143
15.7309,70.1289,116
15.7309,72.4941,261
15.7309,74.8592,261
15.7309,78.4069,116
15.7309,79.5894,17
15.7309,83.1371,174
15.7309,85.5023,232
15.7309,87.8674,174
15.7309,90.2325,174
15.7309,93.7802,116
15.7309,96.1453,87
15.7309,99.693,148
15.7309,102.0582,174
15.7309,106.7884,174
15.7309,109.1536,174
15.7309,111.5187,116
15.7309,119.7966,87
15.7309,124.5269,87
16.9135,-122.6291,116
16.9135,-119.0815,116
16.9135,-115.5338,58
16.9135,-113.1686,116
16.9135,-110.8035,116
16.9135,-107.2558,40
16.9135,-104.8907,127
16.9135,-102.5255,174
16.9135,-100.1604,174
16.9135,-94.2476,152
16.9135,-91.8825,173
16.9135,-90.6999,1
16.9135,-89.5173,174
16.9135,-87.1522,174
16.9135,-85.9696,116
16.9135,-81.2394,261
16.9135,-78.8742,116
16.9135,-76.5091,116
16.9135,-75.3266,116
16.9135,-74.144,174
16.9135,-71.7789,174
16.9135,-70.5963,116
16.9135,-67.0486,145
16.9135,-65.866,87
16.9135,-64.6835,145
16.9135,-62.3183,243
16.9135,-61.1358,18
16.9135,-59.9532,174
16.9135,-58.7706,116
16.9135,-55.223,174
16.9135,-51.6753,87
16.9135,-50.4927,87
16.9135,-49.3101,174
16.9135,-48.1276,116
16.9135,-45.7624,116
16.9135,-43.3973,174
16.9135,-42.2147,174
16.9135,-39.8496,174
16.9135,-38.667,174
16.9135,-36.3019,116
16.9135,-35.1193,174
16.9135,-32.7542,174
16.9135,-30.3891,174
16.9135,-29.2065,150
16.9135,-28.024,24
16.9135,-26.8414,174
16.9135,-25.6588,116
16.9135,-22.1111,116
16.9135,-20.9286,116
16.9135,-19.746,174
16.9135,-17.3809,174
16.9135,-15.0157,116
16.9135,-13.8332,58
16.9135,-12.6506,174
16.9135,-10.2855,241
16.9135,-7.9204,174
16.9135,-6.7378,116
16.9135,-5.5552,116
16.9135,-3.1901,174
16.9135,-0.825,174
16.9135,0.3576,174
16.9135,2.7227,174
16.9135,3.9053,98
16.9135,5.0879,18
16.9135,6.2704,174
16.9135,7.453,174
16.9135,9.8181,54
16.9135,11.0007,174
16.9135,12.1832,137
16.9135,13.3658,58
16.9135,16.9135,116
16.9135,18.0961,131
16.9135,19.2786,13
16.9135,20.4612,116
16.9135,22.8263,116
16.9135,24.0089,174
16.9135,26.374,116
16.9135,27.5566,130
16.9135,29.9217,174
16.9135,33.4694,261
16.9135,35.8345,78
16.9135,37.0171,10
16.9135,40.5648,103
16.9135,42.9299,174
16.9135,45.2951,174
16.9135,46.4776,171
16.9135,47.6602,57
16.9135,50.0253,116
16.9135,54.7556,174
16.9135,57.1207,174
16.9135,59.4858,143
16.9135,60.6684,31
16.9135,61.851,174
16.9135,65.3987,116
16.9135,66.5812,110
16.9135,67.7638,53
16.9135,68.9464,144
16.9135,71.3115,57
16.9135,76.0417,48
16.9135,77.2243,213
16.9135,79.5894,244
16.9135,81.9546,96
16.9135,85.5023,29
16.9135,92.5977,174
16.9135,94.9628,174
16.9135,97.3279,174
16.9135,100.8756,55
16.9135,104.4233,174
16.9135,113.8838,134
16.9135,115.0664,127
16.9135,122.1618,116
18.0961,-126.1768,116
18.0961,-122.6291,58
18.0961,-119.0815,58
18.0961,-115.5338,116
18.0961,-110.8035,19
18.0961,-109.6209,39
18.0961,-108.4384,3
18.0961,-107.2558,131
18.0961,-104.8907,134
18.0961,-97.7953,81
18.0961,-96.6127,180
18.0961,-85.9696,116
18.0961,-84.7871,67
18.0961,-83.6045,194
18.0961,-77.6917,116
18.0961,-76.5091,23
18.0961,-74.144,90
18.0961,-72.9614,27
18.0961,-70.5963,174
18.0961,-69.4137,26
18.0961,-68.2312,90
18.0961,-65.866,29
18.0961,-63.5009,116
18.0961,-62.3183,90
18.0961,-56.4055,174
18.0961,-54.0404,116
18.0961,-51.6753,174
18.0961,-50.4927,43
18.0961,-48.1276,116
18.0961,-46.945,174
18.0961,-44.5799,174
18.0961,-43.3973,116
18.0961,-38.667,174
18.0961,-35.1193,116
18.0961,-33.9368,261
18.0961,-31.5717,174
18.0961,-29.2065,87
18.0961,-28.024,116
18.0961,-26.8414,86
18.0961,-25.6588,1
18.0961,-24.4763,87
18.0961,-23.2937,174
18.0961,-22.1111,116
18.0961,-19.746,261
18.0961,-18.5634,174
18.0961,-16.1983,174
18.0961,-11.4681,174
18.0961,-9.1029,174
18.0961,-7.9204,18
18.0961,-5.5552,174
18.0961,-4.3727,174
18.0961,-2.0075,174
18.0961,-0.825,116
18.0961,0.3576,116
18.0961,1.5402,116
18.0961,5.0879,116
18.0961,6.2704,44
18.0961,7.453,68
18.0961,9.8181,120
18.0961,11.0007,112
18.0961,12.1832,37
18.0961,13.3658,116
18.0961,15.7309,121
18.0961,16.9135,111
18.0961,18.0961,116
18.0961,19.2786,87
18.0961,20.4612,174
18.0961,21.6438,116
18.0961,22.8263,116
18.0961,26.374,261
18.0961,28.7392,174
18.0961,29.9217,174
18.0961,32.2868,174
18.0961,35.8345,183
18.0961,38.1997,174
18.0961,39.3822,174
18.0961,41.7474,195
18.0961,44.1125,91
18.0961,45.2951,85
18.0961,46.4776,90
18.0961,48.8428,261
18.0961,51.2079,87
18.0961,52.3904,174
18.0961,53.573,87
18.0961,55.9381,120
18.0961,58.3033,174
18.0961,61.851,174
18.0961,63.0335,160
18.0961,64.2161,14
18.0961,66.5812,98
18.0961,68.9464,117
18.0961,71.3115,204
18.0961,73.6766,261
18.0961,76.0417,116
18.0961,78.4069,116
18.0961,81.9546,78
18.0961,83.1371,25
18.0961,84.3197,149
18.0961,85.5023,174
18.0961,86.6848,116
18.0961,89.05,174
18.0961,99.693,116
18.0961,100.8756,119
18.0961,107.971,116
18.0961,110.3361,106
18.0961,111.5187,68
18.0961,118.6141,116
19.2786,-113.1686,231
19.2786,-111.9861,30
19.2786,-109.6209,58
19.2786,-103.7081,174
19.2786,-101.343,174
19.2786,-98.9779,118
19.2786,-94.2476,174
19.2786,-93.065,173
19.2786,-91.8825,1
19.2786,-90.6999,174
19.2786,-88.3348,128
19.2786,-87.1522,46
19.2786,-82.4219,174
19.2786,-80.0568,123
19.2786,-78.8742,51
19.2786,-76.5091,151
19.2786,-74.144,144
19.2786,-71.7789,116
19.2786,-68.2312,166
19.2786,-67.0486,134
19.2786,-65.866,174
19.2786,-62.3183,94
19.2786,-61.1358,77
19.2786,-59.9532,195
19.2786,-58.7706,66
19.2786,-57.5881,256
19.2786,-56.4055,5
19.2786,-55.223,174
19.2786,-54.0404,5
19.2786,-52.8578,111
19.2786,-51.6753,114
19.2786,-50.4927,160
19.2786,-49.3101,58
19.2786,-48.1276,116
19.2786,-46.945,116
19.2786,-43.3973,135
19.2786,-41.0322,174
19.2786,-39.8496,174
19.2786,-37.4845,56
19.2786,-36.3019,118
19.2786,-35.1193,174
19.2786,-32.7542,233
19.2786,-30.3891,211
19.2786,-29.2065,111
19.2786,-28.024,5
19.2786,-26.8414,174
19.2786,-25.6588,116
19.2786,-23.2937,261
19.2786,-20.9286,116
19.2786,-18.5634,47
19.2786,-17.3809,8
19.2786,-16.1983,166
19.2786,-15.0157,174
19.2786,-13.8332,174
19.2786,-11.4681,174
19.2786,-7.9204,243
19.2786,-4.3727,174
19.2786,-0.825,87
19.2786,0.3576,116
19.2786,2.7227,174
19.2786,3.9053,116
19.2786,5.0879,87
19.2786,6.2704,149
19.2786,8.6355,174
19.2786,11.0007,149
19.2786,13.3658,174
19.2786,14.5484,116
19.2786,15.7309,116
19.2786,18.0961,116
19.2786,19.2786,103
19.2786,21.6438,116
19.2786,24.0089,174
19.2786,27.5566,116
19.2786,28.7392,113
19.2786,29.9217,148
19.2786,31.1043,116
19.2786,33.4694,261
19.2786,34.652,84
19.2786,37.0171,174
19.2786,39.3822,174
19.2786,40.5648,27
19.2786,41.7474,39
19.2786,42.9299,116
19.2786,44.1125,85
19.2786,46.4776,174
19.2786,47.6602,60
19.2786,51.2079,228
19.2786,52.3904,116
19.2786,54.7556,174
19.2786,55.9381,14
19.2786,57.1207,127
19.2786,59.4858,63
19.2786,60.6684,81
19.2786,63.0335,174
19.2786,64.2161,116
19.2786,65.3987,116
19.2786,67.7638,174
19.2786,70.1289,174
19.2786,72.4941,58
19.2786,77.2243,116
19.2786,79.5894,174
19.2786,81.9546,114
19.2786,87.8674,116
19.2786,89.05,116
19.2786,91.4151,174
19.2786,93.7802,174
19.2786,96.1453,174
19.2786,98.5105,116
19.2786,103.2407,116
19.2786,106.7884,116
19.2786,116.249,87
19.2786,120.9792,116
19.2786,124.5269,116
19.2786,126.892,70
19.2786,128.0746,17
20.4612,-120.264,116
20.4612,-117.8989,116
20.4612,-109.6209,116
20.4612,-107.2558,29
20.4612,-106.0732,232
20.4612,-98.9779,56
20.4612,-96.6127,174
20.4612,-93.065,87
20.4612,-88.3348,78
20.4612,-85.9696,232
20.4612,-83.6045,116
20.4612,-80.0568,78
20.4612,-77.6917,261
20.4612,-75.3266,99
20.4612,-72.9614,116
20.4612,-70.5963,174
20.4612,-68.2312,48
20.4612,-67.0486,48
20.4612,-65.866,126
20.4612,-64.6835,88
20.4612,-63.5009,173
20.4612,-61.1358,230
20.4612,-58.7706,116
20.4612,-55.223,116
20.4612,-54.0404,174
20.4612,-52.8578,37
20.4612,-51.6753,110
20.4612,-50.4927,22
20.4612,-49.3101,116
20.4612,-48.1276,1
20.4612,-46.945,115
20.4612,-45.7624,116
20.4612,-43.3973,126
20.4612,-42.2147,116
20.4612,-39.8496,174
20.4612,-38.667,261
20.4612,-36.3019,70
20.4612,-33.9368,116
20.4612,-32.7542,28
20.4612,-31.5717,116
20.4612,-30.3891,50
20.4612,-29.2065,116
20.4612,-26.8414,87
20.4612,-25.6588,196
20.4612,-24.4763,65
20.4612,-22.1111,174
20.4612,-19.746,174
20.4612,-18.5634,214
20.4612,-16.1983,116
20.4612,-13.8332,261
20.4612,-12.6506,116
20.4612,-11.4681,174
20.4612,-9.1029,174
20.4612,-7.9204,81
20.4612,-6.7378,174
20.4612,-3.1901,116
20.4612,-2.0075,174
20.4612,-0.825,116
20.4612,1.5402,116
20.4612,2.7227,87
20.4612,3.9053,116
20.4612,6.2704,116
20.4612,7.453,233
20.4612,9.8181,261
20.4612,11.0007,84
20.4612,12.1832,177
20.4612,13.3658,116
20.4612,14.5484,58
20.4612,16.9135,174
20.4612,19.2786,158
20.4612,21.6438,116
20.4612,22.8263,174
20.4612,25.1915,116
20.4612,26.374,116
20.4612,27.5566,148
20.4612,31.1043,116
20.4612,32.2868,116
20.4612,33.4694,174
20.4612,34.652,4
20.4612,35.8345,173
20.4612,38.1997,174
20.4612,39.3822,174
20.4612,41.7474,191
20.4612,42.9299,145
20.4612,45.2951,116
20.4612,47.6602,114
20.4612,48.8428,114
20.4612,50.0253,2
20.4612,51.2079,33
20.4612,53.573,116
20.4612,55.9381,174
20.4612,57.1207,61
20.4612,58.3033,200
20.4612,60.6684,117
20.4612,65.3987,87
20.4612,66.5812,174
20.4612,72.4941,116
20.4612,74.8592,261
20.4612,78.4069,116
20.4612,79.5894,116
20.4612,81.9546,147
20.4612,84.3197,174
20.4612,86.6848,174
20.4612,92.5977,130
20.4612,94.9628,114
20.4612,99.693,174
20.4612,104.4233,174
20.4612,107.971,56
20.4612,109.1536,118
20.4612,112.7013,49
20.4612,113.8838,125
21.6438,-127.3594,116
21.6438,-123.8117,116
21.6438,-117.8989,58
21.6438,-115.5338,109
21.6438,-114.3512,152
21.6438,-108.4384,62
21.6438,-103.7081,116
21.6438,-101.343,174
21.6438,-98.9779,144
21.6438,-97.7953,1
21.6438,-95.4302,50
21.6438,-94.2476,124
21.6438,-90.6999,160
21.6438,-88.3348,96
21.6438,-87.1522,87
21.6438,-85.9696,29
21.6438,-82.4219,116
21.6438,-81.2394,3
21.6438,-80.0568,180
21.6438,-75.3266,162
21.6438,-71.7789,116
21.6438,-69.4137,116
21.6438,-68.2312,116
21.6438,-64.6835,126
21.6438,-62.3183,174
21.6438,-61.1358,31
21.6438,-59.9532,87
21.6438,-57.5881,199
21.6438,-56.4055,62
21.6438,-52.8578,261
21.6438,-50.4927,239
21.6438,-45.7624,116
21.6438,-44.5799,116
21.6438,-43.3973,116
21.6438,-41.0322,116
21.6438,-39.8496,116
21.6438,-36.3019,191
21.6438,-33.9368,116
21.6438,-32.7542,174
21.6438,-30.3891,115
21.6438,-29.2065,116
21.6438,-28.024,116
21.6438,-26.8414,174
21.6438,-23.2937,174
21.6438,-20.9286,87
21.6438,-19.746,116
21.6438,-18.5634,174
21.6438,-17.3809,116
21.6438,-15.0157,174
21.6438,-12.6506,174
21.6438,-10.2855,174
21.6438,-9.1029,26
21.6438,-7.9204,154
21.6438,-6.7378,84
21.6438,-5.5552,174
21.6438,-2.0075,116
21.6438,-0.825,87
21.6438,0.3576,116
21.6438,2.7227,116
21.6438,3.9053,87
21.6438,5.0879,116
21.6438,6.2704,174
21.6438,7.453,28
21.6438,8.6355,116
21.6438,13.3658,116
21.6438,14.5484,58
21.6438,15.7309,116
21.6438,16.9135,116
21.6438,18.0961,174
21.6438,20.4612,261
21.6438,21.6438,116
21.6438,24.0089,160
21.6438,25.1915,116
21.6438,26.374,29
21.6438,27.5566,84
21.6438,28.7392,116
21.6438,31.1043,30
21.6438,32.2868,174
21.6438,34.652,108
21.6438,37.0171,174
21.6438,38.1997,22
21.6438,41.7474,70
21.6438,42.9299,116
21.6438,45.2951,114
21.6438,46.4776,116
21.6438,47.6602,107
21.6438,48.8428,154
21.6438,50.0253,174
21.6438,52.3904,252
21.6438,54.7556,174
21.6438,55.9381,116
21.6438,59.4858,174
21.6438,61.851,116
21.6438,63.0335,116
21.6438,65.3987,116
21.6438,68.9464,174
21.6438,71.3115,174
21.6438,72.4941,173
21.6438,73.6766,1
21.6438,76.0417,261
21.6438,83.1371,174
21.6438,87.8674,144
21.6438,89.05,117
21.6438,90.2325,81
21.6438,91.4151,93
21.6438,92.5977,44
21.6438,94.9628,60
21.6438,97.3279,174
21.6438,102.0582,174
21.6438,106.7884,174
21.6438,111.5187,116
21.6438,118.6141,116
21.6438,122.1618,84
21.6438,123.3443,3
22.8263,-120.264,87
22.8263,-111.9861,59
22.8263,-110.8035,115
22.8263,-108.4384,199
22.8263,-104.8907,116
22.8263,-97.7953,116
22.8263,-95.4302,116
22.8263,-93.065,151
22.8263,-90.6999,101
22.8263,-88.3348,95
22.8263,-84.7871,174
22.8263,-82.4219,116
22.8263,-81.2394,8
22.8263,-80.0568,116
22.8263,-78.8742,174
22.8263,-76.5091,149
22.8263,-75.3266,21
22.8263,-74.144,66
22.8263,-72.9614,174
22.8263,-70.5963,116
22.8263,-68.2312,87
22.8263,-67.0486,116
22.8263,-64.6835,48
22.8263,-61.1358,261
22.8263,-58.7706,51
22.8263,-55.223,174
22.8263,-50.4927,32
22.8263,-49.3101,189
22.8263,-48.1276,72
22.8263,-46.945,116
22.8263,-45.7624,116
22.8263,-43.3973,116
22.8263,-42.2147,116
22.8263,-41.0322,116
22.8263,-37.4845,174
22.8263,-36.3019,116
22.8263,-35.1193,116
22.8263,-33.9368,174
22.8263,-31.5717,174
22.8263,-30.3891,1
22.8263,-29.2065,116
22.8263,-28.024,116
22.8263,-24.4763,174
22.8263,-23.2937,116
22.8263,-22.1111,174
22.8263,-19.746,155
22.8263,-16.1983,116
22.8263,-13.8332,174
22.8263,-11.4681,116
22.8263,-7.9204,174
22.8263,-6.7378,177
22.8263,-3.1901,174
22.8263,-2.0075,174
22.8263,-0.825,116
22.8263,1.5402,116
22.8263,2.7227,87
22.8263,3.9053,116
22.8263,5.0879,87
22.8263,7.453,116
22.8263,9.8181,174
22.8263,12.1832,116
22.8263,13.3658,35
22.8263,14.5484,116
22.8263,15.7309,87
22.8263,18.0961,116
22.8263,19.2786,116
22.8263,21.6438,159
22.8263,22.8263,27
22.8263,24.0089,101
22.8263,25.1915,116
22.8263,26.374,116
22.8263,27.5566,114
22.8263,28.7392,147
22.8263,29.9217,138
22.8263,31.1043,93
22.8263,32.2868,8
22.8263,33.4694,170
22.8263,34.652,70
22.8263,37.0171,116
22.8263,38.1997,239
22.8263,40.5648,242
22.8263,41.7474,174
22.8263,44.1125,32
22.8263,45.2951,60
22.8263,46.4776,116
22.8263,50.0253,62
22.8263,51.2079,29
22.8263,52.3904,9
22.8263,58.3033,174
22.8263,60.6684,116
22.8263,63.0335,116
22.8263,64.2161,116
22.8263,67.7638,174
22.8263,70.1289,175
22.8263,74.8592,65
22.8263,78.4069,261
22.8263,80.772,261
22.8263,85.5023,174
22.8263,86.6848,116
22.8263,92.5977,5
22.8263,93.7802,169
22.8263,94.9628,37
22.8263,96.1453,137
22.8263,99.693,174
22.8263,102.0582,20
22.8263,104.4233,174
22.8263,109.1536,87
22.8263,112.7013,116
22.8263,115.0664,76
22.8263,116.249,40
22.8263,119.7966,116
22.8263,125.7095,116
24.0089,-122.6291,87
24.0089,-116.7163,116
24.0089,-106.0732,116
24.0089,-102.5255,174
24.0089,-100.1604,174
24.0089,-97.7953,41
24.0089,-93.065,110
24.0089,-90.6999,76
24.0089,-88.3348,79
24.0089,-87.1522,6
24.0089,-85.9696,255
24.0089,-83.6045,87
24.0089,-81.2394,50
24.0089,-76.5091,112
24.0089,-71.7789,174
24.0089,-69.4137,174
24.0089,-67.0486,87
24.0089,-65.866,116
24.0089,-63.5009,174
24.0089,-58.7706,210
24.0089,-57.5881,1
24.0089,-56.4055,86
24.0089,-55.223,174
24.0089,-54.0404,170
24.0089,-52.8578,91
24.0089,-51.6753,157
24.0089,-50.4927,72
24.0089,-46.945,261
24.0089,-45.7624,174
24.0089,-43.3973,176
24.0089,-41.0322,74
24.0089,-39.8496,9
24.0089,-38.667,165
24.0089,-37.4845,87
24.0089,-36.3019,116
24.0089,-35.1193,116
24.0089,-30.3891,116
24.0089,-29.2065,174
24.0089,-28.024,116
24.0089,-26.8414,110
24.0089,-25.6588,64
24.0089,-24.4763,116
24.0089,-20.9286,87
24.0089,-19.746,19
24.0089,-18.5634,116
24.0089,-16.1983,116
24.0089,-15.0157,174
24.0089,-13.8332,116
24.0089,-12.6506,174
24.0089,-10.2855,174
24.0089,-6.7378,174
24.0089,-5.5552,261
24.0089,-3.1901,116
24.0089,-2.0075,78
24.0089,-0.825,96
24.0089,0.3576,116
24.0089,1.5402,116
24.0089,2.7227,116
24.0089,3.9053,87
24.0089,6.2704,261
24.0089,7.453,116
24.0089,8.6355,116
24.0089,11.0007,261
24.0089,12.1832,68
24.0089,13.3658,158
24.0089,14.5484,219
24.0089,16.9135,116
24.0089,19.2786,116
24.0089,20.4612,116
24.0089,22.8263,75
24.0089,24.0089,178
24.0089,26.374,223
24.0089,27.5566,10
24.0089,28.7392,54
24.0089,29.9217,124
24.0089,32.2868,253
24.0089,35.8345,116
24.0089,39.3822,116
24.0089,40.5648,19
24.0089,41.7474,174
24.0089,42.9299,84
24.0089,44.1125,145
24.0089,45.2951,166
24.0089,46.4776,8
24.0089,47.6602,174
24.0089,48.8428,104
24.0089,50.0253,8
24.0089,51.2079,232
24.0089,53.573,174
24.0089,55.9381,174
24.0089,57.1207,174
24.0089,59.4858,174
24.0089,61.851,116
24.0089,63.0335,77
24.0089,64.2161,184
24.0089,65.3987,58
24.0089,66.5812,116
24.0089,70.1289,86
24.0089,71.3115,59
24.0089,72.4941,202
24.0089,74.8592,196
24.0089,76.0417,122
24.0089,77.2243,120
24.0089,83.1371,174
24.0089,89.05,116
24.0089,90.2325,28
24.0089,91.4151,146
24.0089,97.3279,174
24.0089,102.0582,96
24.0089,106.7884,174
24.0089,110.3361,90
24.0089,111.5187,84
24.0089,117.4315,116
25.1915,-126.1768,10
25.1915,-124.9943,106
25.1915,-116.7163,58
25.1915,-114.3512,56
25.1915,-113.1686,118
25.1915,-110.8035,58
25.1915,-109.6209,116
25.1915,-103.7081,87
25.1915,-97.7953,133
25.1915,-95.4302,54
25.1915,-94.2476,120
25.1915,-91.8825,29
25.1915,-90.6999,156
25.1915,-88.3348,76
25.1915,-83.6045,162
25.1915,-82.4219,12
25.1915,-81.2394,174
25.1915,-78.8742,174
25.1915,-76.5091,98
25.1915,-75.3266,54
25.1915,-74.144,207
25.1915,-70.5963,116
25.1915,-69.4137,1
25.1915,-68.2312,173
25.1915,-67.0486,174
25.1915,-64.6835,116
25.1915,-62.3183,116
25.1915,-59.9532,261
25.1915,-57.5881,194
25.1915,-56.4055,67
25.1915,-55.223,80
25.1915,-51.6753,156
25.1915,-49.3101,261
25.1915,-44.5799,116
25.1915,-43.3973,85
25.1915,-41.0322,187
25.1915,-39.8496,16
25.1915,-38.667,82
25.1915,-37.4845,116
25.1915,-33.9368,116
25.1915,-32.7542,116
25.1915,-31.5717,231
25.1915,-30.3891,30
25.1915,-26.8414,8
25.1915,-25.6588,4
25.1915,-24.4763,145
25.1915,-22.1111,261
25.1915,-20.9286,116
25.1915,-18.5634,116
25.1915,-17.3809,116
25.1915,-16.1983,116
25.1915,-12.6506,116
25.1915,-11.4681,192
25.1915,-9.1029,183
25.1915,-7.9204,78
25.1915,-6.7378,1
25.1915,-5.5552,116
25.1915,-4.3727,20
25.1915,-3.1901,65
25.1915,-2.0075,82
25.1915,-0.825,87
25.1915,0.3576,116
25.1915,1.5402,116
25.1915,2.7227,43
25.1915,3.9053,87
25.1915,5.0879,116
25.1915,7.453,87
25.1915,8.6355,243
25.1915,9.8181,18
25.1915,12.1832,116
25.1915,13.3658,174
25.1915,14.5484,42
25.1915,15.7309,87
25.1915,16.9135,116
25.1915,18.0961,87
25.1915,19.2786,116
25.1915,21.6438,116
25.1915,22.8263,116
25.1915,24.0089,83
25.1915,26.374,28
25.1915,27.5566,32
25.1915,28.7392,83
25.1915,31.1043,226
25.1915,32.2868,35
25.1915,33.4694,174
25.1915,35.8345,116
25.1915,37.0171,174
25.1915,40.5648,116
25.1915,44.1125,75
25.1915,45.2951,88
25.1915,46.4776,174
25.1915,48.8428,179
25.1915,50.0253,82
25.1915,52.3904,116
25.1915,54.7556,116
25.1915,55.9381,174
25.1915,58.3033,99
25.1915,59.4858,28
25.1915,60.6684,116
25.1915,61.851,116
25.1915,66.5812,174
25.1915,67.7638,261
25.1915,70.1289,172
25.1915,71.3115,62
25.1915,73.6766,174
25.1915,76.0417,19
25.1915,78.4069,80
25.1915,79.5894,181
25.1915,81.9546,116
25.1915,85.5023,174
25.1915,87.8674,116
25.1915,90.2325,122
25.1915,92.5977,174
25.1915,94.9628,174
25.1915,96.1453,17
25.1915,97.3279,41
25.1915,99.693,174
25.1915,102.0582,116
25.1915,104.4233,174
25.1915,109.1536,106
25.1915,113.8838,174
25.1915,122.1618,116
26.374,-122.6291,116
26.374,-119.0815,174
26.374,-111.9861,58
26.374,-110.8035,28
26.374,-107.2558,116
26.374,-104.8907,127
26.374,-103.7081,47
26.374,-101.343,174
26.374,-98.9779,174
26.374,-96.6127,54
26.374,-95.4302,2
26.374,-93.065,174
26.374,-90.6999,116
26.374,-88.3348,185
26.374,-85.9696,146
26.374,-84.7871,115
26.374,-82.4219,121
26.374,-78.8742,116
26.374,-76.5091,163
26.374,-72.9614,166
26.374,-71.7789,95
26.374,-69.4137,174
26.374,-68.2312,116
26.374,-67.0486,115
26.374,-64.6835,116
26.374,-63.5009,174
26.374,-61.1358,116
26.374,-58.7706,116
26.374,-55.223,53
26.374,-54.0404,128
26.374,-52.8578,27
26.374,-51.6753,78
26.374,-50.4927,174
26.374,-48.1276,261
26.374,-45.7624,261
26.374,-42.2147,174
26.374,-41.0322,87
26.374,-39.8496,162
26.374,-38.667,1
26.374,-36.3019,121
26.374,-35.1193,140
26.374,-33.9368,116
26.374,-32.7542,116
26.374,-30.3891,116
26.374,-28.024,174
26.374,-26.8414,137
26.374,-25.6588,112
26.374,-24.4763,222
26.374,-23.2937,39
26.374,-22.1111,203
26.374,-20.9286,58
26.374,-19.746,174
26.374,-17.3809,116
26.374,-16.1983,116
26.374,-15.0157,116
26.374,-13.8332,116
26.374,-12.6506,87
26.374,-11.4681,40
26.374,-10.2855,116
26.374,-7.9204,116
26.374,-6.7378,115
26.374,-4.3727,191
26.374,-3.1901,126
26.374,-2.0075,38
26.374,0.3576,174
26.374,1.5402,174
26.374,2.7227,131
26.374,5.0879,174
26.374,6.2704,174
26.374,7.453,87
26.374,11.0007,174
26.374,14.5484,174
26.374,16.9135,116
26.374,18.0961,116
26.374,19.2786,116
26.374,20.4612,116
26.374,21.6438,87
26.374,22.8263,116
26.374,25.1915,261
26.374,27.5566,229
26.374,29.9217,232
26.374,33.4694,116
26.374,34.652,116
26.374,37.0171,116
26.374,38.1997,233
26.374,39.3822,28
26.374,40.5648,116
26.374,42.9299,174
26.374,44.1125,98
26.374,47.6602,66
26.374,51.2079,174
26.374,52.3904,116
26.374,53.573,116
26.374,54.7556,58
26.374,58.3033,134
26.374,60.6684,174
26.374,64.2161,174
26.374,68.9464,69
26.374,71.3115,27
26.374,74.8592,220
26.374,76.0417,16
26.374,77.2243,135
26.374,78.4069,126
26.374,80.772,174
26.374,83.1371,261
26.374,85.5023,174
26.374,89.05,88
26.374,90.2325,51
26.374,96.1453,116
26.374,100.8756,15
26.374,102.0582,41
26.374,105.6059,58
26.374,106.7884,116
26.374,109.1536,68
26.374,111.5187,2
26.374,116.249,116
26.374,119.7966,116
26.374,125.7095,116
27.5566,-115.5338,174
27.5566,-110.8035,88
27.5566,-108.4384,58
27.5566,-102.5255,87
27.5566,-95.4302,118
27.5566,-87.1522,87
27.5566,-84.7871,85
27.5566,-82.4219,53
27.5566,-80.0568,174
27.5566,-77.6917,174
27.5566,-75.3266,184
27.5566,-74.144,77
27.5566,-69.4137,83
27.5566,-68.2312,4
27.5566,-67.0486,1
27.5566,-64.6835,2
27.5566,-63.5009,172
27.5566,-62.3183,116
27.5566,-59.9532,174
27.5566,-57.5881,116
27.5566,-55.223,174
27.5566,-52.8578,174
27.5566,-46.945,45
27.5566,-44.5799,116
27.5566,-42.2147,116
27.5566,-41.0322,3
27.5566,-39.8496,113
27.5566,-38.667,116
27.5566,-37.4845,174
27.5566,-36.3019,116
27.5566,-33.9368,116
27.5566,-32.7542,96
27.5566,-31.5717,116
27.5566,-29.2065,174
27.5566,-28.024,137
27.5566,-26.8414,37
27.5566,-25.6588,174
27.5566,-23.2937,116
27.5566,-19.746,174
27.5566,-18.5634,116
27.5566,-16.1983,174
27.5566,-15.0157,116
27.5566,-13.8332,116
27.5566,-10.2855,174
27.5566,-9.1029,116
27.5566,-7.9204,116
27.5566,-5.5552,261
27.5566,-3.1901,87
27.5566,-0.825,261
27.5566,0.3576,116
27.5566,3.9053,117
27.5566,5.0879,25
27.5566,7.453,25
27.5566,9.8181,174
27.5566,12.1832,174
27.5566,13.3658,184
27.5566,14.5484,77
27.5566,18.0961,174
27.5566,20.4612,116
27.5566,22.8263,116
27.5566,24.0089,116
27.5566,26.374,116
27.5566,27.5566,2
27.5566,28.7392,116
27.5566,31.1043,116
27.5566,32.2868,116
27.5566,33.4694,116
27.5566,35.8345,116
27.5566,37.0171,117
27.5566,40.5648,116
27.5566,41.7474,116
27.5566,44.1125,178
27.5566,45.2951,174
27.5566,47.6602,108
27.5566,50.0253,174
27.5566,51.2079,174
27.5566,53.573,30
27.5566,54.7556,116
27.5566,57.1207,174
27.5566,59.4858,89
27.5566,60.6684,85
27.5566,63.0335,174
27.5566,64.2161,55
27.5566,65.3987,119
27.5566,66.5812,116
27.5566,67.7638,58
27.5566,68.9464,134
27.5566,70.1289,117
27.5566,72.4941,116
27.5566,73.6766,116
27.5566,76.0417,25
27.5566,87.8674,174
27.5566,91.4151,87
27.5566,94.9628,174
27.5566,98.5105,116
27.5566,99.693,116
27.5566,102.0582,118
27.5566,103.2407,86
27.5566,104.4233,30
27.5566,111.5187,172
27.5566,113.8838,116
28.7392,-117.8989,115
28.7392,-113.1686,87
28.7392,-109.6209,1
28.7392,-108.4384,115
28.7392,-107.2558,61
28.7392,-106.0732,113
28.7392,-103.7081,174
28.7392,-100.1604,186
28.7392,-97.7953,116
28.7392,-96.6127,58
28.7392,-94.2476,174
28.7392,-91.8825,116
28.7392,-89.5173,174
28.7392,-87.1522,32
28.7392,-85.9696,142
28.7392,-84.7871,2
28.7392,-83.6045,174
28.7392,-81.2394,174
28.7392,-78.8742,116
28.7392,-76.5091,116
28.7392,-72.9614,261
28.7392,-70.5963,261
28.7392,-67.0486,116
28.7392,-65.866,116
28.7392,-62.3183,87
28.7392,-61.1358,116
28.7392,-58.7706,174
28.7392,-56.4055,116
28.7392,-54.0404,187
28.7392,-52.8578,116
28.7392,-51.6753,174
28.7392,-49.3101,261
28.7392,-46.945,216
28.7392,-44.5799,116
28.7392,-43.3973,174
28.7392,-41.0322,116
28.7392,-39.8496,87
28.7392,-38.667,116
28.7392,-36.3019,116
28.7392,-35.1193,174
28.7392,-32.7542,165
28.7392,-30.3891,116
28.7392,-28.024,116
28.7392,-26.8414,116
28.7392,-24.4763,125
28.7392,-23.2937,107
28.7392,-22.1111,116
28.7392,-20.9286,115
28.7392,-18.5634,114
28.7392,-17.3809,116
28.7392,-15.0157,174
28.7392,-13.8332,174
28.7392,-12.6506,116
28.7392,-11.4681,116
28.7392,-9.1029,116
28.7392,-7.9204,116
28.7392,-6.7378,116
28.7392,-5.5552,116
28.7392,-4.3727,174
28.7392,-2.0075,87
28.7392,0.3576,116
28.7392,1.5402,87
28.7392,3.9053,144
28.7392,5.0879,236
28.7392,7.453,236
28.7392,9.8181,174
28.7392,11.0007,174
28.7392,12.1832,174
28.7392,15.7309,174
28.7392,16.9135,116
28.7392,18.0961,26
28.7392,19.2786,174
28.7392,21.6438,174
28.7392,22.8263,116
28.7392,25.1915,174
28.7392,26.374,116
28.7392,27.5566,114
28.7392,29.9217,116
28.7392,32.2868,152
28.7392,33.4694,109
28.7392,34.652,232
28.7392,37.0171,144
28.7392,39.3822,174
28.7392,40.5648,116
28.7392,41.7474,174
28.7392,42.9299,32
28.7392,44.1125,51
28.7392,45.2951,174
28.7392,46.4776,174
28.7392,48.8428,174
28.7392,50.0253,174
28.7392,53.573,206
28.7392,54.7556,25
28.7392,55.9381,211
28.7392,57.1207,50
28.7392,58.3033,174
28.7392,61.851,174
28.7392,63.0335,116
28.7392,66.5812,174
28.7392,68.9464,116
28.7392,70.1289,40
28.7392,71.3115,104
28.7392,72.4941,116
28.7392,76.0417,241
28.7392,78.4069,134
28.7392,79.5894,127
28.7392,80.772,24
28.7392,81.9546,237
28.7392,84.3197,173
28.7392,85.5023,88
28.7392,86.6848,174
28.7392,89.05,116
28.7392,90.2325,58
28.7392,92.5977,174
28.7392,96.1453,174
28.7392,100.8756,116
28.7392,105.6059,58
28.7392,109.1536,174
28.7392,117.4315,87
28.7392,122.1618,116
29.9217,-124.9943,116
29.9217,-121.4466,115
29.9217,-120.264,1
29.9217,-117.8989,59
29.9217,-110.8035,118
29.9217,-100.1604,75
29.9217,-95.4302,152
29.9217,-90.6999,116
29.9217,-88.3348,116
29.9217,-84.7871,87
29.9217,-80.0568,58
29.9217,-77.6917,219
29.9217,-76.5091,42
29.9217,-75.3266,122
29.9217,-74.144,52
29.9217,-70.5963,116
29.9217,-69.4137,131
29.9217,-68.2312,130
29.9217,-67.0486,119
29.9217,-65.866,142
29.9217,-64.6835,174
29.9217,-59.9532,174
29.9217,-57.5881,116
29.9217,-54.0404,74
29.9217,-50.4927,261
29.9217,-48.1276,174
29.9217,-46.945,116
29.9217,-44.5799,174
29.9217,-41.0322,87
29.9217,-39.8496,7
29.9217,-37.4845,87
29.9217,-36.3019,116
29.9217,-33.9368,116
29.9217,-31.5717,174
29.9217,-29.2065,174
29.9217,-28.024,116
29.9217,-26.8414,109
29.9217,-25.6588,116
29.9217,-22.1111,174
29.9217,-20.9286,1
29.9217,-19.746,116
29.9217,-18.5634,2
29.9217,-16.1983,116
29.9217,-15.0157,38
29.9217,-12.6506,116
29.9217,-9.1029,87
29.9217,-6.7378,116
29.9217,-4.3727,116
29.9217,-3.1901,116
29.9217,-0.825,261
29.9217,2.7227,174
29.9217,3.9053,197
29.9217,6.2704,174
29.9217,7.453,116
29.9217,11.0007,116
29.9217,13.3658,116
29.9217,14.5484,174
29.9217,18.0961,235
29.9217,20.4612,116
29.9217,22.8263,122
29.9217,24.0089,174
29.9217,26.374,87
29.9217,27.5566,73
29.9217,28.7392,188
29.9217,31.1043,261
29.9217,34.652,29
29.9217,35.8345,172
29.9217,37.0171,2
29.9217,38.1997,174
29.9217,40.5648,174
29.9217,42.9299,116
29.9217,46.4776,174
29.9217,52.3904,174
29.9217,54.7556,142
29.9217,58.3033,174
29.9217,59.4858,174
29.9217,61.851,79
29.9217,65.3987,174
29.9217,67.7638,29
29.9217,70.1289,123
29.9217,71.3115,103
29.9217,72.4941,13
29.9217,73.6766,117
29.9217,74.8592,125
29.9217,76.0417,20
29.9217,91.4151,174
29.9217,93.7802,173
29.9217,94.9628,1
29.9217,98.5105,174
29.9217,103.2407,174
29.9217,105.6059,116
29.9217,111.5187,116
29.9217,113.8838,116
29.9217,116.249,87
29.9217,119.7966,87
31.1043,-114.3512,174
31.1043,-110.8035,56
31.1043,-108.4384,174
31.1043,-104.8907,174
31.1043,-102.5255,166
31.1043,-101.343,8
31.1043,-97.7953,174
31.1043,-95.4302,109
31.1043,-93.065,121
31.1043,-91.8825,140
31.1043,-89.5173,116
31.1043,-85.9696,116
31.1043,-83.6045,85
31.1043,-82.4219,176
31.1043,-80.0568,116
31.1043,-72.9614,174
31.1043,-67.0486,87
31.1043,-63.5009,40
31.1043,-62.3183,174
31.1043,-59.9532,116
31.1043,-58.7706,116
31.1043,-55.223,174
31.1043,-54.0404,174
31.1043,-52.8578,105
31.1043,-51.6753,11
31.1043,-45.7624,116
31.1043,-43.3973,129
31.1043,-42.2147,132
31.1043,-39.8496,35
31.1043,-38.667,219
31.1043,-35.1193,174
31.1043,-32.7542,261
31.1043,-30.3891,174
31.1043,-29.2065,174
31.1043,-26.8414,7
31.1043,-25.6588,174
31.1043,-24.4763,174
31.1043,-22.1111,30
31.1043,-20.9286,116
31.1043,-19.746,87
31.1043,-17.3809,116
31.1043,-16.1983,116
31.1043,-15.0157,136
31.1043,-12.6506,116
31.1043,-10.2855,174
31.1043,-9.1029,116
31.1043,-7.9204,116
31.1043,-6.7378,116
31.1043,-5.5552,116
31.1043,-3.1901,116
31.1043,-0.825,54
31.1043,0.3576,174
31.1043,2.7227,174
31.1043,3.9053,64
31.1043,7.453,174
31.1043,8.6355,174
31.1043,11.0007,145
31.1043,12.1832,102
31.1043,13.3658,159
31.1043,14.5484,116
31.1043,15.7309,120
31.1043,16.9135,226
31.1043,19.2786,116
31.1043,21.6438,174
31.1043,22.8263,139
31.1043,26.374,174
31.1043,27.5566,27
31.1043,29.9217,174
31.1043,33.4694,261
31.1043,35.8345,116
31.1043,37.0171,116
31.1043,39.3822,174
31.1043,40.5648,54
31.1043,41.7474,116
31.1043,44.1125,116
31.1043,45.2951,116
31.1043,48.8428,174
31.1043,51.2079,174
31.1043,52.3904,57
31.1043,53.573,59
31.1043,54.7556,60
31.1043,55.9381,174
31.1043,59.4858,56
31.1043,60.6684,97
31.1043,61.851,95
31.1043,63.0335,114
31.1043,64.2161,60
31.1043,65.3987,63
31.1043,66.5812,53
31.1043,67.7638,232
31.1043,70.1289,51
31.1043,72.4941,116
31.1043,73.6766,19
31.1043,76.0417,116
31.1043,77.2243,175
31.1043,78.4069,86
31.1043,79.5894,55
31.1043,80.772,206
31.1043,83.1371,187
31.1043,84.3197,74
31.1043,85.5023,4
31.1043,86.6848,170
31.1043,87.8674,49
31.1043,89.05,125
31.1043,92.5977,174
31.1043,96.1453,174
31.1043,100.8756,174
31.1043,104.4233,87
31.1043,107.971,116
31.1043,110.3361,84
31.1043,118.6141,87
31.1043,124.5269,116
32.2868,-122.6291,116
32.2868,-119.0815,116
32.2868,-116.7163,87
32.2868,-109.6209,87
32.2868,-100.1604,116
32.2868,-96.6127,87
32.2868,-94.2476,58
32.2868,-90.6999,116
32.2868,-88.3348,174
32.2868,-85.9696,39
32.2868,-84.7871,222
32.2868,-81.2394,58
32.2868,-80.0568,116
32.2868,-78.8742,125
32.2868,-77.6917,1
32.2868,-76.5091,174
32.2868,-74.144,116
32.2868,-70.5963,174
32.2868,-68.2312,174
32.2868,-65.866,38
32.2868,-64.6835,223
32.2868,-63.5009,76
32.2868,-62.3183,5
32.2868,-61.1358,111
32.2868,-59.9532,58
32.2868,-58.7706,174
32.2868,-57.5881,110
32.2868,-56.4055,6
32.2868,-55.223,174
32.2868,-54.0404,87
32.2868,-52.8578,86
32.2868,-51.6753,117
32.2868,-49.3101,116
32.2868,-46.945,261
32.2868,-44.5799,116
32.2868,-42.2147,116
32.2868,-41.0322,174
32.2868,-39.8496,26
32.2868,-38.667,104
32.2868,-37.4845,120
32.2868,-36.3019,141
32.2868,-33.9368,116
32.2868,-31.5717,174
32.2868,-26.8414,116
32.2868,-24.4763,86
32.2868,-22.1111,231
32.2868,-18.5634,174
32.2868,-17.3809,116
32.2868,-15.0157,87
32.2868,-13.8332,174
32.2868,-12.6506,174
32.2868,-10.2855,116
32.2868,-7.9204,116
32.2868,-6.7378,177
32.2868,-4.3727,261
32.2868,-2.0075,174
32.2868,-0.825,120
32.2868,1.5402,173
32.2868,3.9053,116
32.2868,5.0879,174
32.2868,8.6355,116
32.2868,9.8181,174
32.2868,12.1832,139
32.2868,13.3658,116
32.2868,15.7309,10
32.2868,16.9135,10
32.2868,18.0961,176
32.2868,20.4612,114
32.2868,21.6438,44
32.2868,22.8263,132
32.2868,24.0089,174
32.2868,26.374,74
32.2868,27.5566,234
32.2868,31.1043,121
32.2868,32.2868,140
32.2868,33.4694,115
32.2868,34.652,146
32.2868,35.8345,116
32.2868,38.1997,116
32.2868,40.5648,120
32.2868,42.9299,133
32.2868,44.1125,128
32.2868,47.6602,174
32.2868,50.0253,116
32.2868,51.2079,116
32.2868,52.3904,117
32.2868,54.7556,114
32.2868,58.3033,174
32.2868,59.4858,108
32.2868,61.851,116
32.2868,64.2161,58
32.2868,65.3987,58
32.2868,68.9464,175
32.2868,70.1289,86
32.2868,71.3115,116
32.2868,73.6766,174
32.2868,81.9546,26
32.2868,84.3197,118
32.2868,90.2325,174
32.2868,94.9628,72
32.2868,97.3279,1
32.2868,98.5105,173
32.2868,102.0582,20
32.2868,103.2407,7
32.2868,109.1536,51
32.2868,110.3361,39
32.2868,112.7013,116
32.2868,115.0664,87
32.2868,120.9792,116
33.4694,-111.9861,174
33.4694,-106.0732,174
33.4694,-103.7081,174
33.4694,-101.343,174
33.4694,-98.9779,58
33.4694,-97.7953,116
33.4694,-94.2476,116
33.4694,-91.8825,160
33.4694,-82.4219,174
33.4694,-78.8742,6
33.4694,-77.6917,129
33.4694,-74.144,116
33.4694,-72.9614,139
33.4694,-71.7789,122
33.4694,-67.0486,261
33.4694,-63.5009,174
33.4694,-59.9532,87
33.4694,-57.5881,87
33.4694,-54.0404,174
33.4694,-50.4927,174
33.4694,-49.3101,232
33.4694,-48.1276,1
33.4694,-45.7624,174
33.4694,-43.3973,227
33.4694,-41.0322,174
33.4694,-38.667,131
33.4694,-37.4845,116
33.4694,-35.1193,174
33.4694,-32.7542,116
33.4694,-29.2065,261
33.4694,-28.024,87
33.4694,-26.8414,45
33.4694,-25.6588,216
33.4694,-24.4763,175
33.4694,-22.1111,116
33.4694,-20.9286,169
33.4694,-19.746,92
33.4694,-18.5634,87
33.4694,-17.3809,174
33.4694,-16.1983,116
33.4694,-15.0157,87
33.4694,-12.6506,117
33.4694,-11.4681,116
33.4694,-10.2855,87
33.4694,-9.1029,87
33.4694,-7.9204,87
33.4694,-6.7378,84
33.4694,-5.5552,87
33.4694,-3.1901,116
33.4694,-0.825,261
33.4694,1.5402,88
33.4694,2.7227,174
33.4694,5.0879,188
33.4694,6.2704,116
33.4694,12.1832,122
33.4694,13.3658,116
33.4694,14.5484,6
33.4694,15.7309,338
33.4694,16.9135,6
33.4694,18.0961,182
33.4694,20.4612,147
33.4694,22.8263,85
33.4694,24.0089,174
33.4694,26.374,187
33.4694,28.7392,116
33.4694,29.9217,116
33.4694,31.1043,116
33.4694,32.2868,54
33.4694,39.3822,237
33.4694,40.5648,24
33.4694,41.7474,251
33.4694,44.1125,15
33.4694,45.2951,174
33.4694,46.4776,116
33.4694,48.8428,182
33.4694,50.0253,174
33.4694,52.3904,116
33.4694,53.573,77
33.4694,54.7556,70
33.4694,55.9381,174
33.4694,58.3033,174
33.4694,60.6684,174
33.4694,61.851,58
33.4694,63.0335,116
33.4694,64.2161,116
33.4694,65.3987,58
33.4694,66.5812,116
33.4694,67.7638,87
33.4694,71.3115,77
33.4694,72.4941,114
33.4694,76.0417,174
33.4694,77.2243,87
33.4694,78.4069,82
33.4694,79.5894,179
33.4694,81.9546,225
33.4694,83.1371,10
33.4694,84.3197,56
33.4694,86.6848,32
33.4694,87.8674,229
33.4694,91.4151,30
33.4694,92.5977,84
33.4694,94.9628,189
33.4694,100.8756,58
33.4694,103.2407,234
33.4694,106.7884,174
33.4694,116.249,48
33.4694,117.4315,39
34.652,-117.8989,96
34.652,-116.7163,2
34.652,-114.3512,174
34.652,-108.4384,116
34.652,-96.6127,6
34.652,-95.4302,110
34.652,-91.8825,101
34.652,-89.5173,116
34.652,-88.3348,145
34.652,-85.9696,174
34.652,-84.7871,116
34.652,-81.2394,174
34.652,-78.8742,174
34.652,-76.5091,174
34.652,-74.144,174
34.652,-69.4137,174
34.652,-68.2312,174
34.652,-64.6835,174
34.652,-61.1358,174
34.652,-58.7706,219
34.652,-57.5881,42
34.652,-56.4055,116
34.652,-55.223,116
34.652,-51.6753,174
34.652,-50.4927,116
34.652,-49.3101,28
34.652,-46.945,174
34.652,-44.5799,116
34.652,-43.3973,34
34.652,-39.8496,116
34.652,-38.667,68
34.652,-37.4845,104
34.652,-36.3019,174
34.652,-33.9368,174
34.652,-31.5717,174
34.652,-28.024,174
34.652,-24.4763,229
34.652,-23.2937,32
34.652,-20.9286,116
34.652,-19.746,87
34.652,-18.5634,87
34.652,-16.1983,116
34.652,-15.0157,87
34.652,-12.6506,144
34.652,-11.4681,116
34.652,-9.1029,174
34.652,-7.9204,83
34.652,-6.7378,178
34.652,-5.5552,116
34.652,-4.3727,116
34.652,-3.1901,64
34.652,-2.0075,119
34.652,0.3576,174
34.652,2.7227,174
34.652,3.9053,116
34.652,5.0879,73
34.652,6.2704,29
34.652,7.453,193
34.652,8.6355,174
34.652,9.8181,174
34.652,12.1832,116
34.652,13.3658,116
34.652,14.5484,186
34.652,19.2786,196
34.652,20.4612,27
34.652,21.6438,116
34.652,22.8263,174
34.652,25.1915,174
34.652,27.5566,116
34.652,29.9217,116
34.652,31.1043,116
34.652,32.2868,140
34.652,33.4694,67
34.652,34.652,154
34.652,35.8345,107
34.652,37.0171,174
34.652,40.5648,116
34.652,41.7474,10
34.652,44.1125,246
34.652,45.2951,30
34.652,48.8428,79
34.652,51.2079,116
34.652,53.573,174
34.652,54.7556,174
34.652,57.1207,174
34.652,63.0335,8
34.652,64.2161,58
34.652,65.3987,116
34.652,66.5812,62
34.652,68.9464,118
34.652,70.1289,143
34.652,71.3115,70
34.652,73.6766,174
34.652,78.4069,116
34.652,80.772,242
34.652,81.9546,19
34.652,83.1371,116
34.652,85.5023,174
34.652,90.2325,174
34.652,92.5977,147
34.652,96.1453,87
34.652,100.8756,116
34.652,107.971,174
34.652,110.3361,174
34.652,113.8838,174
34.652,119.7966,87
34.652,123.3443,87
35.8345,-123.8117,87
35.8345,-120.264,116
35.8345,-117.8989,18
35.8345,-110.8035,87
35.8345,-109.6209,48
35.8345,-108.4384,10
35.8345,-107.2558,105
35.8345,-104.8907,58
35.8345,-103.7081,116
35.8345,-101.343,65
35.8345,-100.1604,1
35.8345,-98.9779,86
35.8345,-97.7953,86
35.8345,-96.6127,25
35.8345,-94.2476,192
35.8345,-93.065,69
35.8345,-90.6999,87
35.8345,-84.7871,116
35.8345,-82.4219,208
35.8345,-77.6917,116
35.8345,-76.5091,58
35.8345,-75.3266,116
35.8345,-71.7789,261
35.8345,-69.4137,87
35.8345,-67.0486,65
35.8345,-65.866,196
35.8345,-63.5009,174
35.8345,-62.3183,174
35.8345,-59.9532,116
35.8345,-56.4055,116
35.8345,-55.223,87
35.8345,-54.0404,174
35.8345,-48.1276,261
35.8345,-45.7624,261
35.8345,-43.3973,116
35.8345,-42.2147,234
35.8345,-41.0322,27
35.8345,-39.8496,174
35.8345,-37.4845,89
35.8345,-35.1193,116
35.8345,-32.7542,174
35.8345,-31.5717,116
35.8345,-29.2065,174
35.8345,-26.8414,37
35.8345,-25.6588,137
35.8345,-22.1111,87
35.8345,-20.9286,87
35.8345,-19.746,36
35.8345,-17.3809,174
35.8345,-16.1983,87
35.8345,-15.0157,138
35.8345,-13.8332,123
35.8345,-12.6506,172
35.8345,-10.2855,87
35.8345,-9.1029,174
35.8345,-6.7378,87
35.8345,-4.3727,116
35.8345,-3.1901,78
35.8345,-0.825,261
35.8345,1.5402,174
35.8345,2.7227,116
35.8345,5.0879,174
35.8345,7.453,39
35.8345,8.6355,116
35.8345,11.0007,116
35.8345,12.1832,116
35.8345,14.5484,46
35.8345,16.9135,354
35.8345,19.2786,38
35.8345,20.4612,2
35.8345,21.6438,120
35.8345,24.0089,138
35.8345,28.7392,174
35.8345,32.2868,116
35.8345,33.4694,116
35.8345,34.652,87
35.8345,37.0171,174
35.8345,38.1997,174
35.8345,39.3822,87
35.8345,40.5648,58
35.8345,42.9299,174
35.8345,45.2951,57
35.8345,46.4776,174
35.8345,47.6602,116
35.8345,48.8428,29
35.8345,50.0253,232
35.8345,55.9381,1
35.8345,59.4858,174
35.8345,61.851,174
35.8345,63.0335,107
35.8345,64.2161,1
35.8345,65.3987,116
35.8345,66.5812,112
35.8345,71.3115,116
35.8345,72.4941,87
35.8345,76.0417,116
35.8345,77.2243,116
35.8345,83.1371,116
35.8345,87.8674,116
35.8345,91.4151,116
35.8345,93.7802,78
35.8345,94.9628,97
35.8345,98.5105,174
35.8345,102.0582,174
35.8345,104.4233,116
35.8345,105.6059,58
35.8345,117.4315,116
37.0171,-107.2558,69
37.0171,-102.5255,76
37.0171,-101.343,33
37.0171,-96.6127,150
37.0171,-91.8825,116
37.0171,-89.5173,174
37.0171,-87.1522,174
37.0171,-82.4219,53
37.0171,-80.0568,174
37.0171,-74.144,122
37.0171,-72.9614,139
37.0171,-68.2312,116
37.0171,-64.6835,114
37.0171,-61.1358,116
37.0171,-58.7706,232
37.0171,-57.5881,29
37.0171,-56.4055,174
37.0171,-54.0404,173
37.0171,-51.6753,174
37.0171,-50.4927,174
37.0171,-44.5799,116
37.0171,-43.3973,84
37.0171,-42.2147,32
37.0171,-41.0322,159
37.0171,-38.667,261
37.0171,-36.3019,261
37.0171,-33.9368,236
37.0171,-31.5717,174
37.0171,-30.3891,116
37.0171,-28.024,261
37.0171,-24.4763,261
37.0171,-23.2937,116
37.0171,-20.9286,174
37.0171,-19.746,225
37.0171,-17.3809,116
37.0171,-16.1983,116
37.0171,-15.0157,87
37.0171,-12.6506,10
37.0171,-11.4681,79
37.0171,-10.2855,173
37.0171,-7.9204,116
37.0171,-5.5552,174
37.0171,-3.1901,116
37.0171,-2.0075,87
37.0171,0.3576,116
37.0171,2.7227,116
37.0171,3.9053,116
37.0171,7.453,261
37.0171,9.8181,116
37.0171,13.3658,221
37.0171,14.5484,135
37.0171,15.7309,2
37.0171,16.9135,2
37.0171,18.0961,234
37.0171,20.4612,118
37.0171,21.6438,224
37.0171,24.0089,123
37.0171,26.374,261
37.0171,28.7392,174
37.0171,29.9217,174
37.0171,32.2868,87
37.0171,33.4694,174
37.0171,35.8345,24
37.0171,37.0171,120
37.0171,38.1997,16
37.0171,39.3822,61
37.0171,40.5648,123
37.0171,41.7474,130
37.0171,42.9299,25
37.0171,44.1125,174
37.0171,45.2951,87
37.0171,47.6602,235
37.0171,48.8428,26
37.0171,51.2079,39
37.0171,52.3904,222
37.0171,54.7556,116
37.0171,55.9381,235
37.0171,58.3033,174
37.0171,60.6684,87
37.0171,63.0335,174
37.0171,66.5812,174
37.0171,67.7638,116
37.0171,70.1289,174
37.0171,72.4941,116
37.0171,73.6766,174
37.0171,76.0417,116
37.0171,78.4069,122
37.0171,79.5894,139
37.0171,81.9546,116
37.0171,84.3197,116
37.0171,86.6848,174
37.0171,89.05,174
37.0171,94.9628,86
37.0171,97.3279,174
37.0171,99.693,102
37.0171,109.1536,174
37.0171,111.5187,61
38.1997,-119.0815,87
38.1997,-115.5338,116
38.1997,-113.1686,174
38.1997,-109.6209,174
38.1997,-104.8907,174
38.1997,-100.1604,116
38.1997,-98.9779,145
38.1997,-95.4302,116
38.1997,-94.2476,58
38.1997,-91.8825,129
38.1997,-87.1522,39
38.1997,-85.9696,69
38.1997,-84.7871,47
38.1997,-83.6045,116
38.1997,-82.4219,116
38.1997,-78.8742,116
38.1997,-76.5091,117
38.1997,-75.3266,144
38.1997,-71.7789,116
38.1997,-69.4137,174
38.1997,-67.0486,116
38.1997,-65.866,22
38.1997,-64.6835,125
38.1997,-62.3183,116
38.1997,-59.9532,1
38.1997,-54.0404,1
38.1997,-52.8578,232
38.1997,-50.4927,174
38.1997,-48.1276,174
38.1997,-46.945,116
38.1997,-45.7624,116
38.1997,-43.3973,116
38.1997,-42.2147,116
38.1997,-41.0322,101
38.1997,-39.8496,1
38.1997,-33.9368,25
38.1997,-30.3891,16
38.1997,-29.2065,129
38.1997,-28.024,116
38.1997,-26.8414,225
38.1997,-25.6588,36
38.1997,-23.2937,112
38.1997,-22.1111,129
38.1997,-20.9286,126
38.1997,-19.746,48
38.1997,-18.5634,118
38.1997,-16.1983,116
38.1997,-13.8332,174
38.1997,-11.4681,116
38.1997,-10.2855,88
38.1997,-7.9204,116
38.1997,-6.7378,261
38.1997,-4.3727,174
38.1997,-2.0075,116
38.1997,-0.825,116
38.1997,1.5402,116
38.1997,3.9053,116
38.1997,6.2704,174
38.1997,8.6355,220
38.1997,9.8181,7
38.1997,11.0007,214
38.1997,12.1832,211
38.1997,14.5484,65
38.1997,15.7309,118
38.1997,16.9135,114
38.1997,18.0961,116
38.1997,19.2786,126
38.1997,22.8263,174
38.1997,25.1915,174
38.1997,26.374,114
38.1997,27.5566,138
38.1997,28.7392,1
38.1997,29.9217,84
38.1997,31.1043,174
38.1997,32.2868,3
38.1997,33.4694,1
38.1997,34.652,87
38.1997,35.8345,150
38.1997,38.1997,125
38.1997,39.3822,77
38.1997,42.9299,106
38.1997,44.1125,116
38.1997,45.2951,87
38.1997,50.0253,174
38.1997,51.2079,5
38.1997,53.573,188
38.1997,54.7556,51
38.1997,55.9381,25
38.1997,58.3033,174
38.1997,59.4858,174
38.1997,60.6684,3
38.1997,61.851,116
38.1997,64.2161,116
38.1997,67.7638,174
38.1997,71.3115,87
38.1997,74.8592,116
38.1997,83.1371,225
38.1997,84.3197,36
38.1997,87.8674,116
38.1997,92.5977,174
38.1997,99.693,131
38.1997,100.8756,28
38.1997,103.2407,116
38.1997,105.6059,117
38.1997,106.7884,57
38.1997,111.5187,113
38.1997,115.0664,116
38.1997,119.7966,116
38.1997,123.3443,87
39.3822,-121.4466,116
39.3822,-107.2558,174
39.3822,-102.5255,231
39.3822,-101.343,2
39.3822,-96.6127,119
39.3822,-93.065,16
39.3822,-91.8825,87
39.3822,-89.5173,174
39.3822,-87.1522,135
39.3822,-83.6045,116
39.3822,-80.0568,174
39.3822,-77.6917,175
39.3822,-74.144,116
39.3822,-72.9614,87
39.3822,-70.5963,71
39.3822,-68.2312,116
39.3822,-65.866,114
39.3822,-63.5009,261
39.3822,-61.1358,174
39.3822,-59.9532,173
39.3822,-57.5881,116
39.3822,-56.4055,116
39.3822,-55.223,174
39.3822,-52.8578,29
39.3822,-49.3101,174
39.3822,-46.945,261
39.3822,-44.5799,174
39.3822,-43.3973,55
39.3822,-41.0322,174
39.3822,-39.8496,45
39.3822,-38.667,71
39.3822,-37.4845,260
39.3822,-36.3019,1
39.3822,-35.1193,261
39.3822,-32.7542,116
39.3822,-31.5717,122
39.3822,-30.3891,52
39.3822,-29.2065,174
39.3822,-28.024,53
39.3822,-26.8414,121
39.3822,-24.4763,116
39.3822,-22.1111,20
39.3822,-18.5634,143
39.3822,-15.0157,174
39.3822,-13.8332,158
39.3822,-12.6506,97
39.3822,-11.4681,85
39.3822,-10.2855,176
39.3822,-9.1029,116
39.3822,-5.5552,87
39.3822,-3.1901,116
39.3822,-2.0075,116
39.3822,-0.825,116
39.3822,0.3576,116
39.3822,1.5402,87
39.3822,3.9053,145
39.3822,5.0879,174
39.3822,7.453,174
39.3822,9.8181,3
39.3822,11.0007,147
39.3822,12.1832,10
39.3822,13.3658,89
39.3822,14.5484,141
39.3822,16.9135,93
39.3822,19.2786,108
39.3822,20.4612,228
39.3822,24.0089,84
39.3822,25.1915,120
39.3822,26.374,9
39.3822,27.5566,84
39.3822,28.7392,83
39.3822,31.1043,156
39.3822,32.2868,152
39.3822,33.4694,105
39.3822,35.8345,50
39.3822,37.0171,211
39.3822,39.3822,177
39.3822,40.5648,174
39.3822,42.9299,174
39.3822,46.4776,261
39.3822,48.8428,174
39.3822,51.2079,111
39.3822,53.573,22
39.3822,55.9381,174
39.3822,59.4858,144
39.3822,60.6684,55
39.3822,63.0335,184
39.3822,65.3987,174
39.3822,67.7638,116
39.3822,68.9464,174
39.3822,71.3115,87
39.3822,73.6766,116
39.3822,77.2243,235
39.3822,78.4069,26
39.3822,79.5894,57
39.3822,80.772,204
39.3822,85.5023,174
39.3822,90.2325,174
39.3822,94.9628,261
39.3822,97.3279,118
39.3822,98.5105,56
39.3822,102.0582,174
39.3822,110.3361,116
39.3822,116.249,87
40.5648,-117.8989,116
40.5648,-114.3512,87
40.5648,-111.9861,174
40.5648,-109.6209,49
40.5648,-108.4384,38
40.5648,-104.8907,58
40.5648,-102.5255,1
40.5648,-101.343,27
40.5648,-100.1604,85
40.5648,-98.9779,2
40.5648,-96.6127,142
40.5648,-94.2476,171
40.5648,-91.8825,117
40.5648,-90.6999,57
40.5648,-88.3348,87
40.5648,-85.9696,127
40.5648,-82.4219,174
40.5648,-77.6917,86
40.5648,-75.3266,116
40.5648,-72.9614,145
40.5648,-70.5963,190
40.5648,-68.2312,100
40.5648,-65.866,147
40.5648,-61.1358,114
40.5648,-59.9532,2
40.5648,-58.7706,174
40.5648,-56.4055,116
40.5648,-55.223,28
40.5648,-54.0404,172
40.5648,-52.8578,2
40.5648,-51.6753,174
40.5648,-48.1276,87
40.5648,-43.3973,61
40.5648,-39.8496,116
40.5648,-38.667,59
40.5648,-37.4845,74
40.5648,-36.3019,116
40.5648,-33.9368,116
40.5648,-31.5717,116
40.5648,-30.3891,116
40.5648,-28.024,33
40.5648,-25.6588,116
40.5648,-23.2937,174
40.5648,-20.9286,174
40.5648,-19.746,174
40.5648,-17.3809,176
40.5648,-16.1983,281
40.5648,-15.0157,57
40.5648,-13.8332,6
40.5648,-11.4681,174
40.5648,-9.1029,116
40.5648,-7.9204,174
40.5648,-5.5552,116
40.5648,-4.3727,87
40.5648,-2.0075,87
40.5648,-0.825,116
40.5648,2.7227,174
40.5648,3.9053,174
40.5648,6.2704,116
40.5648,7.453,124
40.5648,8.6355,230
40.5648,11.0007,1
40.5648,12.1832,108
40.5648,13.3658,114
40.5648,16.9135,20
40.5648,18.0961,112
40.5648,19.2786,130
40.5648,21.6438,305
40.5648,22.8263,65
40.5648,25.1915,54
40.5648,26.374,116
40.5648,28.7392,84
40.5648,31.1043,105
40.5648,32.2868,151
40.5648,34.652,84
40.5648,35.8345,116
40.5648,38.1997,71
40.5648,39.3822,13
40.5648,40.5648,84
40.5648,41.7474,84
40.5648,44.1125,261
40.5648,46.4776,87
40.5648,47.6602,174
40.5648,50.0253,258
40.5648,51.2079,3
40.5648,52.3904,174
40.5648,54.7556,231
40.5648,57.1207,179
40.5648,59.4858,117
40.5648,61.851,116
40.5648,63.0335,77
40.5648,67.7638,14
40.5648,70.1289,87
40.5648,71.3115,87
40.5648,72.4941,116
40.5648,74.8592,174
40.5648,77.2243,116
40.5648,78.4069,116
40.5648,81.9546,1
40.5648,83.1371,173
40.5648,84.3197,116
40.5648,87.8674,169
40.5648,89.05,92
40.5648,92.5977,174
40.5648,99.693,87
40.5648,104.4233,174
40.5648,106.7884,66
40.5648,107.971,108
40.5648,113.8838,174
40.5648,118.6141,57
41.7474,-104.8907,58
41.7474,-103.7081,58
41.7474,-101.343,43
41.7474,-94.2476,90
41.7474,-88.3348,153
41.7474,-85.9696,134
41.7474,-83.6045,150
41.7474,-80.0568,172
41.7474,-78.8742,89
41.7474,-76.5091,87
41.7474,-75.3266,2
41.7474,-74.144,114
41.7474,-71.7789,116
41.7474,-68.2312,161
41.7474,-65.866,29
41.7474,-64.6835,116
41.7474,-62.3183,261
41.7474,-59.9532,87
41.7474,-57.5881,93
41.7474,-55.223,233
41.7474,-52.8578,66
41.7474,-51.6753,116
41.7474,-49.3101,174
41.7474,-46.945,174
41.7474,-45.7624,174
41.7474,-43.3973,116
41.7474,-42.2147,110
41.7474,-41.0322,151
41.7474,-39.8496,116
41.7474,-37.4845,128
41.7474,-35.1193,125
41.7474,-33.9368,136
41.7474,-32.7542,210
41.7474,-31.5717,22
41.7474,-29.2065,116
41.7474,-28.024,141
41.7474,-26.8414,28
41.7474,-25.6588,146
41.7474,-24.4763,116
41.7474,-22.1111,174
41.7474,-20.9286,174
41.7474,-18.5634,174
41.7474,-16.1983,8
41.7474,-13.8332,261
41.7474,-10.2855,260
41.7474,-7.9204,174
41.7474,-6.7378,116
41.7474,-4.3727,116
41.7474,-3.1901,116
41.7474,1.5402,87
41.7474,2.7227,87
41.7474,5.0879,87
41.7474,6.2704,126
41.7474,7.453,2
41.7474,8.6355,29
41.7474,9.8181,84
41.7474,11.0007,228
41.7474,12.1832,4
41.7474,13.3658,38
41.7474,15.7309,397
41.7474,16.9135,51
41.7474,18.0961,5
41.7474,19.2786,107
41.7474,20.4612,127
41.7474,21.6438,90
41.7474,24.0089,116
41.7474,25.1915,112
41.7474,27.5566,116
41.7474,29.9217,116
41.7474,31.1043,116
41.7474,32.2868,110
41.7474,34.652,172
41.7474,37.0171,261
41.7474,39.3822,170
41.7474,40.5648,22
41.7474,42.9299,174
41.7474,48.8428,174
41.7474,52.3904,110
41.7474,54.7556,15
41.7474,55.9381,102
41.7474,57.1207,82
41.7474,58.3033,22
41.7474,60.6684,174
41.7474,63.0335,234
41.7474,64.2161,116
41.7474,66.5812,116
41.7474,67.7638,102
41.7474,68.9464,116
41.7474,71.3115,4
41.7474,72.4941,49
41.7474,73.6766,116
41.7474,74.8592,13
41.7474,77.2243,1
41.7474,80.772,174
41.7474,86.6848,116
41.7474,90.2325,116
41.7474,94.9628,116
41.7474,96.1453,116
41.7474,102.0582,8
41.7474,111.5187,116
41.7474,118.6141,30
41.7474,122.1618,87
42.9299,-121.4466,34
42.9299,-120.264,82
42.9299,-114.3512,87
42.9299,-111.9861,87
42.9299,-109.6209,116
42.9299,-107.2558,174
42.9299,-101.343,131
42.9299,-98.9779,174
42.9299,-96.6127,58
42.9299,-95.4302,116
42.9299,-93.065,77
42.9299,-91.8825,156
42.9299,-89.5173,87
42.9299,-88.3348,21
42.9299,-83.6045,111
42.9299,-81.2394,116
42.9299,-80.0568,1
42.9299,-77.6917,120
42.9299,-75.3266,116
42.9299,-72.9614,174
42.9299,-71.7789,116
42.9299,-70.5963,1
42.9299,-69.4137,115
42.9299,-65.866,232
42.9299,-63.5009,116
42.9299,-59.9532,174
42.9299,-57.5881,81
42.9299,-56.4055,58
42.9299,-54.0404,116
42.9299,-52.8578,50
42.9299,-51.6753,116
42.9299,-49.3101,24
42.9299,-48.1276,92
42.9299,-46.945,31
42.9299,-44.5799,261
42.9299,-42.2147,174
42.9299,-39.8496,116
42.9299,-38.667,174
42.9299,-36.3019,261
42.9299,-32.7542,29
42.9299,-30.3891,116
42.9299,-29.2065,116
42.9299,-26.8414,116
42.9299,-25.6588,174
42.9299,-23.2937,116
42.9299,-22.1111,174
42.9299,-19.746,174
42.9299,-17.3809,174
42.9299,-16.1983,113
42.9299,-15.0157,44
42.9299,-11.4681,174
42.9299,-10.2855,1
42.9299,-9.1029,21
42.9299,-6.7378,116
42.9299,-5.5552,116
42.9299,-4.3727,116
42.9299,-3.1901,87
42.9299,-2.0075,174
42.9299,0.3576,174
42.9299,1.5402,61
42.9299,2.7227,113
42.9299,3.9053,174
42.9299,6.2704,226
42.9299,7.453,2
42.9299,8.6355,84
42.9299,9.8181,86
42.9299,11.0007,18
42.9299,12.1832,28
42.9299,13.3658,379
42.9299,14.5484,2
42.9299,16.9135,18
42.9299,18.0961,108
42.9299,19.2786,41
42.9299,21.6438,102
42.9299,22.8263,3
42.9299,24.0089,186
42.9299,25.1915,76
42.9299,26.374,116
42.9299,27.5566,115
42.9299,28.7392,1
42.9299,29.9217,152
42.9299,32.2868,158
42.9299,33.4694,87
42.9299,34.652,2
42.9299,39.3822,91
42.9299,40.5648,95
42.9299,41.7474,144
42.9299,42.9299,116
42.9299,44.1125,58
42.9299,45.2951,192
42.9299,46.4776,197
42.9299,47.6602,133
42.9299,51.2079,174
42.9299,52.3904,151
42.9299,54.7556,174
42.9299,55.9381,12
42.9299,57.1207,162
42.9299,58.3033,239
42.9299,60.6684,172
42.9299,63.0335,27
42.9299,65.3987,261
42.9299,67.7638,116
42.9299,71.3115,120
42.9299,72.4941,1
42.9299,73.6766,87
42.9299,74.8592,111
42.9299,76.0417,137
42.9299,77.2243,46
42.9299,78.4069,69
42.9299,79.5894,174
42.9299,81.9546,174
42.9299,84.3197,229
42.9299,85.5023,32
42.9299,87.8674,174
42.9299,89.05,174
42.9299,91.4151,80
42.9299,92.5977,181
42.9299,98.5105,174
42.9299,102.0582,166
42.9299,104.4233,108
42.9299,106.7884,43
42.9299,107.971,131
42.9299,110.3361,4
42.9299,111.5187,54
42.9299,116.249,87
44.1125,-117.8989,54
44.1125,-116.7163,62
44.1125,-103.7081,174
44.1125,-94.2476,40
44.1125,-91.8825,28
44.1125,-89.5173,126
44.1125,-88.3348,48
44.1125,-87.1522,58
44.1125,-85.9696,193
44.1125,-84.7871,6
44.1125,-82.4219,89
44.1125,-80.0568,115
44.1125,-77.6917,112
44.1125,-76.5091,29
44.1125,-75.3266,81
44.1125,-72.9614,116
44.1125,-70.5963,116
44.1125,-68.2312,261
44.1125,-62.3183,228
44.1125,-61.1358,33
44.1125,-59.9532,116
44.1125,-58.7706,174
44.1125,-56.4055,116
44.1125,-52.8578,220
44.1125,-51.6753,12
44.1125,-50.4927,174
44.1125,-48.1276,174
44.1125,-46.945,230
44.1125,-41.0322,58
44.1125,-38.667,116
44.1125,-37.4845,116
44.1125,-33.9368,174
44.1125,-31.5717,261
44.1125,-30.3891,116
44.1125,-28.024,174
44.1125,-26.8414,116
44.1125,-23.2937,261
44.1125,-20.9286,104
44.1125,-17.3809,116
44.1125,-16.1983,104
44.1125,-13.8332,174
44.1125,-12.6506,12
44.1125,-10.2855,116
44.1125,-9.1029,240
44.1125,-6.7378,4
44.1125,-5.5552,32
44.1125,-4.3727,46
44.1125,-3.1901,10
44.1125,-0.825,13
44.1125,0.3576,19
44.1125,1.5402,56
44.1125,5.0879,174
44.1125,7.453,8
44.1125,8.6355,47
44.1125,11.0007,224
44.1125,12.1832,19
44.1125,13.3658,15
44.1125,14.5484,99
44.1125,15.7309,206
44.1125,16.9135,124
44.1125,18.0961,12
44.1125,19.2786,98
44.1125,20.4612,186
44.1125,21.6438,4
44.1125,22.8263,339
44.1125,25.1915,172
44.1125,26.374,39
44.1125,27.5566,110
44.1125,29.9217,109
44.1125,32.2868,103
44.1125,33.4694,86
44.1125,34.652,30
44.1125,35.8345,231
44.1125,38.1997,174
44.1125,39.3822,174
44.1125,41.7474,116
44.1125,48.8428,174
44.1125,51.2079,174
44.1125,60.6684,2
44.1125,63.0335,174
44.1125,68.9464,116
44.1125,70.1289,87
44.1125,72.4941,84
44.1125,73.6766,87
44.1125,77.2243,116
44.1125,94.9628,116
44.1125,96.1453,29
44.1125,97.3279,193
44.1125,104.4233,66
44.1125,113.8838,116
44.1125,118.6141,36
44.1125,119.7966,80
45.2951,-110.8035,87
45.2951,-108.4384,167
45.2951,-106.0732,87
45.2951,-101.343,55
45.2951,-100.1604,119
45.2951,-97.7953,139
45.2951,-96.6127,35
45.2951,-94.2476,134
45.2951,-91.8825,74
45.2951,-85.9696,133
45.2951,-84.7871,132
45.2951,-82.4219,172
45.2951,-80.0568,116
45.2951,-78.8742,87
45.2951,-77.6917,174
45.2951,-75.3266,180
45.2951,-71.7789,116
45.2951,-69.4137,71
45.2951,-67.0486,81
45.2951,-65.866,29
45.2951,-64.6835,231
45.2951,-63.5009,1
45.2951,-62.3183,116
45.2951,-61.1358,116
45.2951,-57.5881,174
45.2951,-55.223,174
45.2951,-51.6753,195
45.2951,-49.3101,116
45.2951,-46.945,38
45.2951,-45.7624,60
45.2951,-44.5799,201
45.2951,-43.3973,122
45.2951,-42.2147,52
45.2951,-41.0322,116
45.2951,-37.4845,30
45.2951,-36.3019,87
45.2951,-35.1193,174
45.2951,-33.9368,58
45.2951,-32.7542,116
45.2951,-30.3891,174
45.2951,-26.8414,87
45.2951,-25.6588,174
45.2951,-20.9286,157
45.2951,-19.746,60
45.2951,-18.5634,172
45.2951,-16.1983,116
45.2951,-15.0157,174
45.2951,-12.6506,162
45.2951,-10.2855,233
45.2951,-9.1029,28
45.2951,-7.9204,3
45.2951,-6.7378,89
45.2951,-5.5552,65
45.2951,-4.3727,225
45.2951,-3.1901,29
45.2951,-2.0075,38
45.2951,-0.825,259
45.2951,0.3576,174
45.2951,1.5402,43
45.2951,2.7227,82
45.2951,3.9053,51
45.2951,7.453,314
45.2951,8.6355,189
45.2951,9.8181,113
45.2951,12.1832,111
45.2951,13.3658,110
45.2951,14.5484,213
45.2951,16.9135,2
45.2951,18.0961,286
45.2951,19.2786,48
45.2951,20.4612,47
45.2951,25.1915,2
45.2951,26.374,327
45.2951,27.5566,249
45.2951,28.7392,22
45.2951,29.9217,126
45.2951,31.1043,135
45.2951,32.2868,22
45.2951,33.4694,153
45.2951,34.652,88
45.2951,35.8345,2
45.2951,37.0171,174
45.2951,40.5648,174
45.2951,44.1125,234
45.2951,45.2951,27
45.2951,46.4776,68
45.2951,47.6602,174
45.2951,50.0253,166
45.2951,53.573,174
45.2951,55.9381,174
45.2951,57.1207,174
45.2951,59.4858,174
45.2951,60.6684,50
45.2951,61.851,124
45.2951,65.3987,174
45.2951,66.5812,139
45.2951,67.7638,35
45.2951,68.9464,165
45.2951,70.1289,96
45.2951,71.3115,87
45.2951,72.4941,90
45.2951,76.0417,116
45.2951,78.4069,87
45.2951,80.772,116
45.2951,83.1371,116
45.2951,84.3197,116
45.2951,86.6848,87
45.2951,87.8674,174
45.2951,90.2325,112
45.2951,91.4151,119
45.2951,97.3279,39
45.2951,99.693,234
45.2951,100.8756,27
45.2951,103.2407,174
45.2951,106.7884,122
45.2951,107.971,52
45.2951,110.3361,174
45.2951,116.249,87
46.4776,-119.0815,87
46.4776,-115.5338,116
46.4776,-113.1686,87
46.4776,-108.4384,7
46.4776,-103.7081,50
46.4776,-102.5255,124
46.4776,-98.9779,116
46.4776,-96.6127,108
46.4776,-95.4302,66
46.4776,-94.2476,52
46.4776,-91.8825,100
46.4776,-89.5173,174
46.4776,-87.1522,116
46.4776,-83.6045,2
46.4776,-81.2394,30
46.4776,-76.5091,59
46.4776,-75.3266,56
46.4776,-72.9614,116
46.4776,-69.4137,103
46.4776,-67.0486,180
46.4776,-65.866,48
46.4776,-64.6835,68
46.4776,-63.5009,90
46.4776,-58.7706,261
46.4776,-55.223,174
46.4776,-54.0404,174
46.4776,-51.6753,66
46.4776,-46.945,223
46.4776,-43.3973,174
46.4776,-42.2147,53
46.4776,-41.0322,208
46.4776,-39.8496,116
46.4776,-38.667,68
46.4776,-37.4845,163
46.4776,-36.3019,116
46.4776,-35.1193,174
46.4776,-31.5717,174
46.4776,-28.024,174
46.4776,-26.8414,95
46.4776,-24.4763,261
46.4776,-22.1111,174
46.4776,-19.746,29
46.4776,-16.1983,232
46.4776,-12.6506,174
46.4776,-11.4681,87
46.4776,-10.2855,86
46.4776,-7.9204,132
46.4776,-6.7378,331
46.4776,-5.5552,175
46.4776,-4.3727,294
46.4776,-3.1901,86
46.4776,-2.0075,38
46.4776,-0.825,366
46.4776,0.3576,119
46.4776,1.5402,110
46.4776,2.7227,222
46.4776,3.9053,84
46.4776,5.0879,3
46.4776,6.2704,76
46.4776,8.6355,31
46.4776,9.8181,1
46.4776,14.5484,51
46.4776,16.9135,222
46.4776,18.0961,2
46.4776,20.4612,226
46.4776,21.6438,126
46.4776,24.0089,189
46.4776,26.374,53
46.4776,27.5566,82
46.4776,29.9217,116
46.4776,31.1043,22
46.4776,32.2868,78
46.4776,33.4694,116
46.4776,35.8345,86
46.4776,37.0171,116
46.4776,38.1997,237
46.4776,39.3822,24
46.4776,40.5648,116
46.4776,41.7474,173
46.4776,42.9299,1
46.4776,44.1125,72
46.4776,45.2951,174
46.4776,47.6602,174
46.4776,50.0253,8
46.4776,52.3904,174
46.4776,53.573,151
46.4776,54.7556,23
46.4776,55.9381,174
46.4776,58.3033,87
46.4776,59.4858,174
46.4776,63.0335,174
46.4776,67.7638,116
46.4776,71.3115,116
46.4776,73.6766,261
46.4776,76.0417,56
46.4776,77.2243,116
46.4776,79.5894,174
46.4776,81.9546,116
46.4776,83.1371,116
46.4776,85.5023,63
46.4776,91.4151,30
46.4776,93.7802,116
46.4776,94.9628,116
46.4776,113.8838,116
47.6602,-110.8035,115
47.6602,-109.6209,1
47.6602,-106.0732,174
47.6602,-94.2476,6
47.6602,-93.065,116
47.6602,-87.1522,58
47.6602,-85.9696,23
47.6602,-84.7871,93
47.6602,-83.6045,114
47.6602,-82.4219,58
47.6602,-81.2394,65
47.6602,-80.0568,166
47.6602,-78.8742,3
47.6602,-77.6917,56
47.6602,-76.5091,59
47.6602,-74.144,232
47.6602,-71.7789,175
47.6602,-70.5963,86
47.6602,-69.4137,90
47.6602,-68.2312,136
47.6602,-65.866,116
47.6602,-63.5009,26
47.6602,-62.3183,87
47.6602,-61.1358,174
47.6602,-57.5881,87
47.6602,-52.8578,10
47.6602,-51.6753,164
47.6602,-50.4927,174
47.6602,-48.1276,116
47.6602,-45.7624,174
47.6602,-42.2147,116
47.6602,-39.8496,86
47.6602,-38.667,28
47.6602,-37.4845,116
47.6602,-32.7542,87
47.6602,-30.3891,150
47.6602,-29.2065,85
47.6602,-26.8414,150
47.6602,-25.6588,16
47.6602,-23.2937,174
47.6602,-20.9286,182
47.6602,-19.746,166
47.6602,-18.5634,174
47.6602,-15.0157,261
47.6602,-12.6506,174
47.6602,-10.2855,88
47.6602,-9.1029,1
47.6602,-7.9204,92
47.6602,-6.7378,73
47.6602,-5.5552,104
47.6602,-4.3727,169
47.6602,-3.1901,75
47.6602,-2.0075,105
47.6602,-0.825,152
47.6602,0.3576,152
47.6602,1.5402,94
47.6602,2.7227,151
47.6602,3.9053,288
47.6602,5.0879,69
47.6602,7.453,175
47.6602,8.6355,120
47.6602,9.8181,180
47.6602,11.0007,16
47.6602,12.1832,406
47.6602,13.3658,32
47.6602,14.5484,81
47.6602,15.7309,116
47.6602,18.0961,83
47.6602,19.2786,39
47.6602,20.4612,8
47.6602,21.6438,1
47.6602,22.8263,315
47.6602,24.0089,30
47.6602,25.1915,169
47.6602,26.374,95
47.6602,28.7392,174
47.6602,32.2868,161
47.6602,33.4694,32
47.6602,34.652,128
47.6602,37.0171,88
47.6602,41.7474,116
47.6602,44.1125,102
47.6602,46.4776,22
47.6602,50.0253,174
47.6602,51.2079,63
47.6602,52.3904,21
47.6602,53.573,84
47.6602,54.7556,52
47.6602,57.1207,90
47.6602,58.3033,84
47.6602,60.6684,33
47.6602,61.851,228
47.6602,64.2161,129
47.6602,65.3987,116
47.6602,68.9464,116
47.6602,72.4941,116
47.6602,76.0417,118
47.6602,78.4069,116
47.6602,80.772,116
47.6602,85.5023,22
47.6602,86.6848,176
47.6602,89.05,7
47.6602,90.2325,88
47.6602,92.5977,116
47.6602,97.3279,174
47.6602,102.0582,174
47.6602,104.4233,174
47.6602,111.5187,87
47.6602,118.6141,87
48.8428,-113.1686,116
48.8428,-108.4384,86
48.8428,-107.2558,1
48.8428,-101.343,135
48.8428,-100.1604,39
48.8428,-97.7953,174
48.8428,-95.4302,172
48.8428,-91.8825,96
48.8428,-90.6999,165
48.8428,-88.3348,57
48.8428,-85.9696,145
48.8428,-81.2394,116
48.8428,-77.6917,115
48.8428,-76.5091,174
48.8428,-68.2312,35
48.8428,-64.6835,116
48.8428,-63.5009,116
48.8428,-61.1358,116
48.8428,-59.9532,87
48.8428,-57.5881,116
48.8428,-56.4055,116
48.8428,-54.0404,174
48.8428,-50.4927,20
48.8428,-49.3101,116
48.8428,-46.945,174
48.8428,-45.7624,116
48.8428,-44.5799,116
48.8428,-41.0322,116
48.8428,-38.667,147
48.8428,-35.1193,116
48.8428,-33.9368,174
48.8428,-31.5717,174
48.8428,-29.2065,26
48.8428,-28.024,174
48.8428,-24.4763,116
48.8428,-22.1111,116
48.8428,-18.5634,174
48.8428,-16.1983,174
48.8428,-13.8332,174
48.8428,-11.4681,116
48.8428,-9.1029,123
48.8428,-7.9204,87
48.8428,-6.7378,71
48.8428,-5.5552,102
48.8428,-4.3727,97
48.8428,-3.1901,47
48.8428,-2.0075,103
48.8428,-0.825,106
48.8428,0.3576,59
48.8428,1.5402,146
48.8428,2.7227,213
48.8428,3.9053,149
48.8428,5.0879,69
48.8428,7.453,176
48.8428,8.6355,76
48.8428,12.1832,46
48.8428,13.3658,61
48.8428,14.5484,178
48.8428,15.7309,1
48.8428,18.0961,362
48.8428,19.2786,158
48.8428,21.6438,177
48.8428,29.9217,173
48.8428,31.1043,1
48.8428,32.2868,174
48.8428,33.4694,72
48.8428,35.8345,116
48.8428,38.1997,42
48.8428,39.3822,116
48.8428,40.5648,116
48.8428,42.9299,116
48.8428,45.2951,116
48.8428,46.4776,239
48.8428,48.8428,84
48.8428,50.0253,84
48.8428,51.2079,84
48.8428,53.573,52
48.8428,55.9381,174
48.8428,59.4858,174
48.8428,64.2161,132
48.8428,65.3987,87
48.8428,67.7638,174
48.8428,70.1289,250
48.8428,71.3115,11
48.8428,74.8592,174
48.8428,76.0417,174
48.8428,78.4069,51
48.8428,79.5894,4
48.8428,81.9546,116
48.8428,84.3197,116
48.8428,87.8674,85
48.8428,89.05,90
48.8428,90.2325,166
48.8428,94.9628,160
48.8428,99.693,116
48.8428,107.971,174
48.8428,116.249,116
50.0253,-117.8989,116
50.0253,-115.5338,87
50.0253,-103.7081,174
50.0253,-95.4302,2
50.0253,-93.065,116
50.0253,-88.3348,175
50.0253,-87.1522,29
50.0253,-83.6045,193
50.0253,-80.0568,174
50.0253,-77.6917,114
50.0253,-75.3266,102
50.0253,-74.144,14
50.0253,-72.9614,234
50.0253,-70.5963,116
50.0253,-69.4137,58
50.0253,-68.2312,18
50.0253,-67.0486,116
50.0253,-65.866,17
50.0253,-64.6835,157
50.0253,-59.9532,87
50.0253,-58.7706,116
50.0253,-56.4055,87
50.0253,-55.223,139
50.0253,-54.0404,93
50.0253,-52.8578,116
50.0253,-51.6753,32
50.0253,-50.4927,209
50.0253,-48.1276,116
50.0253,-46.945,116
50.0253,-44.5799,116
50.0253,-42.2147,261
50.0253,-39.8496,174
50.0253,-37.4845,174
50.0253,-35.1193,261
50.0253,-32.7542,172
50.0253,-30.3891,174
50.0253,-29.2065,195
50.0253,-28.024,66
50.0253,-25.6588,174
50.0253,-24.4763,40
50.0253,-23.2937,221
50.0253,-22.1111,6
50.0253,-19.746,174
50.0253,-17.3809,174
50.0253,-15.0157,174
50.0253,-12.6506,1
50.0253,-11.4681,115
50.0253,-10.2855,3
50.0253,-9.1029,228
50.0253,-7.9204,136
50.0253,-6.7378,74
50.0253,-5.5552,62
50.0253,-4.3727,61
50.0253,-3.1901,57
50.0253,-2.0075,135
50.0253,-0.825,117
50.0253,0.3576,87
50.0253,1.5402,221
50.0253,2.7227,136
50.0253,3.9053,173
50.0253,5.0879,28
50.0253,6.2704,83
50.0253,8.6355,88
50.0253,9.8181,176
50.0253,12.1832,313
50.0253,13.3658,54
50.0253,16.9135,60
50.0253,18.0961,18
50.0253,19.2786,18
50.0253,20.4612,58
50.0253,22.8263,5
50.0253,24.0089,45
50.0253,25.1915,169
50.0253,27.5566,116
50.0253,28.7392,116
50.0253,29.9217,110
50.0253,31.1043,147
50.0253,34.652,174
50.0253,37.0171,119
50.0253,39.3822,116
50.0253,40.5648,116
50.0253,41.7474,87
50.0253,42.9299,8
50.0253,44.1125,80
50.0253,45.2951,116
50.0253,47.6602,42
50.0253,48.8428,84
50.0253,50.0253,84
50.0253,52.3904,116
50.0253,53.573,48
50.0253,54.7556,84
50.0253,55.9381,52
50.0253,57.1207,80
50.0253,58.3033,84
50.0253,60.6684,42
50.0253,61.851,235
50.0253,63.0335,26
50.0253,64.2161,1
50.0253,68.9464,118
50.0253,72.4941,174
50.0253,78.4069,78
50.0253,79.5894,41
50.0253,80.772,116
50.0253,81.9546,58
50.0253,83.1371,113
50.0253,85.5023,174
50.0253,89.05,86
50.0253,92.5977,116
50.0253,94.9628,101
50.0253,98.5105,174
50.0253,103.2407,87
50.0253,105.6059,174
50.0253,110.3361,87
50.0253,112.7013,87
51.2079,-110.8035,2
51.2079,-109.6209,172
51.2079,-107.2558,174
51.2079,-101.343,174
51.2079,-98.9779,174
51.2079,-96.6127,116
51.2079,-94.2476,58
51.2079,-90.6999,118
51.2079,-85.9696,87
51.2079,-83.6045,68
51.2079,-81.2394,116
51.2079,-77.6917,2
51.2079,-72.9614,27
51.2079,-70.5963,53
51.2079,-68.2312,156
51.2079,-65.866,87
51.2079,-63.5009,152
51.2079,-62.3183,109
51.2079,-61.1358,116
51.2079,-59.9532,116
51.2079,-56.4055,174
51.2079,-54.0404,29
51.2079,-52.8578,174
51.2079,-49.3101,174
51.2079,-46.945,6
51.2079,-45.7624,116
51.2079,-41.0322,113
51.2079,-38.667,174
51.2079,-36.3019,174
51.2079,-33.9368,116
51.2079,-32.7542,89
51.2079,-30.3891,102
51.2079,-26.8414,232
51.2079,-24.4763,174
51.2079,-22.1111,110
51.2079,-18.5634,174
51.2079,-16.1983,20
51.2079,-15.0157,1
51.2079,-13.8332,174
51.2079,-11.4681,116
51.2079,-10.2855,38
51.2079,-9.1029,168
51.2079,-7.9204,201
51.2079,-6.7378,142
51.2079,-5.5552,128
51.2079,-4.3727,153
51.2079,-3.1901,62
51.2079,-2.0075,150
51.2079,-0.825,192
51.2079,0.3576,117
51.2079,1.5402,40
51.2079,2.7227,80
51.2079,3.9053,46
51.2079,6.2704,1
51.2079,7.453,84
51.2079,11.0007,176
51.2079,14.5484,98
51.2079,15.7309,219
51.2079,16.9135,10
51.2079,18.0961,167
51.2079,19.2786,3
51.2079,20.4612,320
51.2079,22.8263,38
51.2079,24.0089,358
51.2079,25.1915,203
51.2079,26.374,33
51.2079,27.5566,138
51.2079,28.7392,40
51.2079,29.9217,4
51.2079,32.2868,101
51.2079,33.4694,73
51.2079,35.8345,116
51.2079,37.0171,113
51.2079,38.1997,5
51.2079,41.7474,116
51.2079,42.9299,108
51.2079,44.1125,116
51.2079,46.4776,80
51.2079,47.6602,84
51.2079,48.8428,94
51.2079,50.0253,1
51.2079,51.2079,84
51.2079,52.3904,84
51.2079,53.573,72
51.2079,54.7556,44
51.2079,55.9381,116
51.2079,57.1207,92
51.2079,58.3033,8
51.2079,59.4858,84
51.2079,60.6684,36
51.2079,64.2161,173
51.2079,66.5812,174
51.2079,68.9464,56
51.2079,71.3115,174
51.2079,74.8592,261
51.2079,77.2243,174
51.2079,79.5894,59
51.2079,83.1371,27
51.2079,84.3197,34
51.2079,89.05,87
51.2079,91.4151,87
51.2079,93.7802,77
51.2079,100.8756,174
51.2079,107.971,54
52.3904,-113.1686,116
52.3904,-103.7081,174
52.3904,-96.6127,58
52.3904,-93.065,1
52.3904,-91.8825,86
52.3904,-90.6999,143
52.3904,-87.1522,245
52.3904,-84.7871,124
52.3904,-82.4219,59
52.3904,-80.0568,89
52.3904,-78.8742,172
52.3904,-76.5091,174
52.3904,-74.144,171
52.3904,-72.9614,3
52.3904,-70.5963,179
52.3904,-69.4137,29
52.3904,-67.0486,116
52.3904,-64.6835,116
52.3904,-61.1358,116
52.3904,-57.5881,116
52.3904,-55.223,119
52.3904,-54.0404,142
52.3904,-51.6753,1
52.3904,-50.4927,173
52.3904,-48.1276,104
52.3904,-46.945,151
52.3904,-45.7624,12
52.3904,-43.3973,261
52.3904,-41.0322,3
52.3904,-39.8496,174
52.3904,-37.4845,116
52.3904,-35.1193,116
52.3904,-32.7542,174
52.3904,-30.3891,159
52.3904,-29.2065,174
52.3904,-26.8414,29
52.3904,-23.2937,233
52.3904,-22.1111,28
52.3904,-20.9286,174
52.3904,-17.3809,174
52.3904,-16.1983,22
52.3904,-15.0157,131
52.3904,-13.8332,100
52.3904,-12.6506,74
52.3904,-10.2855,18
52.3904,-9.1029,206
52.3904,-7.9204,201
52.3904,-6.7378,109
52.3904,-5.5552,83
52.3904,-4.3727,132
52.3904,-3.1901,82
52.3904,-2.0075,99
52.3904,-0.825,103
52.3904,0.3576,126
52.3904,1.5402,26
52.3904,2.7227,75
52.3904,5.0879,224
52.3904,6.2704,84
52.3904,8.6355,338
52.3904,12.1832,76
52.3904,13.3658,32
52.3904,14.5484,237
52.3904,15.7309,293
52.3904,16.9135,22
52.3904,18.0961,67
52.3904,19.2786,117
52.3904,22.8263,20
52.3904,24.0089,167
52.3904,25.1915,112
52.3904,27.5566,237
52.3904,28.7392,160
52.3904,31.1043,168
52.3904,32.2868,19
52.3904,34.652,174
52.3904,37.0171,116
52.3904,38.1997,6
52.3904,39.3822,454
52.3904,41.7474,70
52.3904,42.9299,14
52.3904,45.2951,91
52.3904,46.4776,120
52.3904,47.6602,84
52.3904,48.8428,64
52.3904,50.0253,79
52.3904,51.2079,77
52.3904,52.3904,71
52.3904,53.573,112
52.3904,54.7556,104
52.3904,57.1207,110
52.3904,58.3033,29
52.3904,59.4858,57
52.3904,60.6684,66
52.3904,61.851,135
52.3904,63.0335,53
52.3904,64.2161,160
52.3904,65.3987,116
52.3904,67.7638,84
52.3904,68.9464,160
52.3904,72.4941,174
52.3904,79.5894,115
52.3904,81.9546,174
52.3904,84.3197,83
52.3904,85.5023,42
52.3904,86.6848,174
52.3904,93.7802,184
52.3904,96.1453,116
52.3904,103.2407,87
52.3904,107.971,120
52.3904,113.8838,87
52.3904,117.4315,87
53.573,-116.7163,116
53.573,-109.6209,116
53.573,-101.343,58
53.573,-98.9779,23
53.573,-97.7953,151
53.573,-94.2476,174
53.573,-87.1522,16
53.573,-84.7871,137
53.573,-82.4219,115
53.573,-77.6917,70
53.573,-75.3266,174
53.573,-71.7789,116
53.573,-68.2312,174
53.573,-65.866,174
53.573,-63.5009,116
53.573,-59.9532,116
53.573,-56.4055,116
53.573,-52.8578,174
53.573,-49.3101,174
53.573,-46.945,174
53.573,-45.7624,104
53.573,-44.5799,1
53.573,-43.3973,173
53.573,-42.2147,174
53.573,-36.3019,174
53.573,-33.9368,174
53.573,-31.5717,174
53.573,-29.2065,174
53.573,-26.8414,174
53.573,-25.6588,163
53.573,-24.4763,98
53.573,-23.2937,116
53.573,-20.9286,174
53.573,-19.746,261
53.573,-16.1983,174
53.573,-13.8332,174
53.573,-11.4681,232
53.573,-9.1029,38
53.573,-7.9204,56
53.573,-6.7378,108
53.573,-5.5552,177
53.573,-4.3727,155
53.573,-3.1901,24
53.573,-2.0075,30
53.573,-0.825,36
53.573,3.9053,112
53.573,8.6355,219
53.573,9.8181,3
53.573,11.0007,23
53.573,12.1832,71
53.573,13.3658,20
53.573,14.5484,61
53.573,15.7309,38
53.573,16.9135,25
53.573,20.4612,147
53.573,21.6438,177
53.573,22.8263,63
53.573,29.9217,42
53.573,31.1043,174
53.573,32.2868,166
53.573,34.652,13
53.573,35.8345,18
53.573,37.0171,71
53.573,39.3822,92
53.573,41.7474,68
53.573,42.9299,384
53.573,45.2951,83
53.573,46.4776,228
53.573,48.8428,120
53.573,50.0253,13
53.573,51.2079,74
53.573,52.3904,60
53.573,53.573,49
53.573,54.7556,42
53.573,55.9381,88
53.573,57.1207,80
53.573,58.3033,174
53.573,60.6684,174
53.573,66.5812,52
53.573,67.7638,49
53.573,68.9464,14
53.573,71.3115,116
53.573,74.8592,125
53.573,77.2243,174
53.573,79.5894,117
53.573,84.3197,136
53.573,89.05,87
53.573,91.4151,174
53.573,96.1453,11
53.573,98.5105,213
53.573,99.693,48
53.573,102.0582,87
53.573,105.6059,116
53.573,111.5187,116
54.7556,-106.0732,116
54.7556,-101.343,116
54.7556,-96.6127,58
54.7556,-95.4302,59
54.7556,-93.065,58
54.7556,-91.8825,116
54.7556,-89.5173,230
54.7556,-88.3348,31
54.7556,-85.9696,67
54.7556,-83.6045,174
54.7556,-81.2394,45
54.7556,-80.0568,216
54.7556,-77.6917,112
54.7556,-76.5091,79
54.7556,-72.9614,116
54.7556,-70.5963,221
54.7556,-69.4137,40
54.7556,-68.2312,52
54.7556,-63.5009,116
54.7556,-61.1358,116
54.7556,-59.9532,174
54.7556,-58.7706,174
54.7556,-56.4055,116
54.7556,-54.0404,174
54.7556,-50.4927,221
54.7556,-48.1276,51
54.7556,-45.7624,81
54.7556,-43.3973,2
54.7556,-41.0322,87
54.7556,-39.8496,116
54.7556,-38.667,261
54.7556,-32.7542,141
54.7556,-26.8414,122
54.7556,-25.6588,52
54.7556,-24.4763,174
54.7556,-20.9286,116
54.7556,-17.3809,116
54.7556,-16.1983,116
54.7556,-15.0157,87
54.7556,-12.6506,163
54.7556,-10.2855,116
54.7556,-7.9204,254
54.7556,-6.7378,296
54.7556,-5.5552,60
54.7556,-4.3727,99
54.7556,-3.1901,21
54.7556,-0.825,192
54.7556,0.3576,29
54.7556,1.5402,211
54.7556,2.7227,75
54.7556,5.0879,220
54.7556,6.2704,337
54.7556,9.8181,28
54.7556,11.0007,334
54.7556,12.1832,312
54.7556,13.3658,73
54.7556,14.5484,9
54.7556,15.7309,130
54.7556,16.9135,307
54.7556,18.0961,6
54.7556,19.2786,87
54.7556,20.4612,18
54.7556,21.6438,47
54.7556,22.8263,239
54.7556,25.1915,46
54.7556,26.374,235
54.7556,27.5566,84
54.7556,28.7392,30
54.7556,29.9217,168
54.7556,31.1043,77
54.7556,32.2868,31
54.7556,34.652,352
54.7556,35.8345,53
54.7556,37.0171,312
54.7556,39.3822,57
54.7556,40.5648,30
54.7556,41.7474,35
54.7556,42.9299,19
54.7556,48.8428,24
54.7556,50.0253,71
54.7556,51.2079,42
54.7556,52.3904,52
54.7556,53.573,61
54.7556,54.7556,58
54.7556,55.9381,70
54.7556,61.851,81
54.7556,63.0335,93
54.7556,64.2161,84
54.7556,65.3987,84
54.7556,67.7638,160
54.7556,70.1289,116
54.7556,72.4941,174
54.7556,74.8592,136
54.7556,78.4069,78
54.7556,79.5894,66
54.7556,81.9546,261
54.7556,86.6848,204
54.7556,89.05,54
54.7556,90.2325,62
54.7556,92.5977,116
54.7556,96.1453,105
54.7556,104.4233,45
54.7556,109.1536,87
55.9381,-111.9861,116
55.9381,-103.7081,174
55.9381,-98.9779,63
55.9381,-95.4302,57
55.9381,-85.9696,194
55.9381,-78.8742,116
55.9381,-76.5091,32
55.9381,-74.144,116
55.9381,-68.2312,71
55.9381,-67.0486,138
55.9381,-65.866,49
55.9381,-64.6835,125
55.9381,-62.3183,174
55.9381,-57.5881,116
55.9381,-52.8578,116
55.9381,-50.4927,40
55.9381,-48.1276,210
55.9381,-45.7624,180
55.9381,-43.3973,114
55.9381,-39.8496,112
55.9381,-36.3019,174
55.9381,-35.1193,174
55.9381,-32.7542,120
55.9381,-30.3891,174
55.9381,-28.024,174
55.9381,-22.1111,174
55.9381,-19.746,230
55.9381,-18.5634,31
55.9381,-16.1983,2
55.9381,-15.0157,114
55.9381,-13.8332,116
55.9381,-12.6506,98
55.9381,-7.9204,47
55.9381,-6.7378,115
55.9381,-5.5552,123
55.9381,-4.3727,127
55.9381,-3.1901,22
55.9381,-2.0075,19
55.9381,-0.825,4
55.9381,0.3576,106
55.9381,1.5402,319
55.9381,2.7227,114
55.9381,6.2704,115
55.9381,8.6355,77
55.9381,11.0007,73
55.9381,12.1832,45
55.9381,13.3658,29
55.9381,14.5484,12
55.9381,15.7309,76
55.9381,16.9135,205
55.9381,18.0961,1
55.9381,19.2786,10
55.9381,21.6438,372
55.9381,22.8263,51
55.9381,25.1915,63
55.9381,26.374,139
55.9381,27.5566,181
55.9381,28.7392,26
55.9381,29.9217,10
55.9381,31.1043,214
55.9381,32.2868,81
55.9381,34.652,92
55.9381,35.8345,31
55.9381,37.0171,71
55.9381,38.1997,5
55.9381,39.3822,63
55.9381,40.5648,138
55.9381,41.7474,149
55.9381,42.9299,52
55.9381,44.1125,77
55.9381,45.2951,184
55.9381,47.6602,368
55.9381,48.8428,4
55.9381,50.0253,92
55.9381,51.2079,84
55.9381,52.3904,42
55.9381,53.573,102
55.9381,54.7556,22
55.9381,55.9381,76
55.9381,57.1207,141
55.9381,58.3033,120
55.9381,60.6684,174
55.9381,64.2161,172
55.9381,65.3987,2
55.9381,66.5812,174
55.9381,68.9464,116
55.9381,76.0417,29
55.9381,77.2243,232
55.9381,84.3197,174
55.9381,86.6848,57
55.9381,91.4151,174
55.9381,93.7802,87
55.9381,97.3279,83
55.9381,99.693,128
55.9381,100.8756,133
55.9381,103.2407,100
55.9381,104.4233,116
55.9381,111.5187,87
55.9381,115.0664,87
57.1207,-114.3512,116
57.1207,-108.4384,130
57.1207,-107.2558,44
57.1207,-100.1604,57
57.1207,-98.9779,54
57.1207,-96.6127,116
57.1207,-94.2476,163
57.1207,-90.6999,174
57.1207,-88.3348,116
57.1207,-84.7871,58
57.1207,-83.6045,116
57.1207,-82.4219,116
57.1207,-80.0568,58
57.1207,-76.5091,229
57.1207,-72.9614,39
57.1207,-71.7789,222
57.1207,-69.4137,116
57.1207,-68.2312,2
57.1207,-65.866,87
57.1207,-64.6835,64
57.1207,-63.5009,110
57.1207,-61.1358,174
57.1207,-58.7706,261
57.1207,-56.4055,174
57.1207,-54.0404,174
57.1207,-51.6753,174
57.1207,-50.4927,28
57.1207,-49.3101,233
57.1207,-46.945,110
57.1207,-45.7624,29
57.1207,-44.5799,167
57.1207,-43.3973,94
57.1207,-42.2147,174
57.1207,-39.8496,149
57.1207,-37.4845,116
57.1207,-35.1193,174
57.1207,-33.9368,174
57.1207,-31.5717,174
57.1207,-28.024,116
57.1207,-26.8414,116
57.1207,-25.6588,166
57.1207,-24.4763,95
57.1207,-23.2937,16
57.1207,-20.9286,232
57.1207,-18.5634,1
57.1207,-17.3809,174
57.1207,-13.8332,116
57.1207,-12.6506,116
57.1207,-10.2855,261
57.1207,-9.1029,87
57.1207,-5.5552,23
57.1207,-3.1901,1
57.1207,-2.0075,362
57.1207,-0.825,40
57.1207,0.3576,10
57.1207,1.5402,50
57.1207,3.9053,164
57.1207,7.453,8
57.1207,8.6355,250
57.1207,9.8181,31
57.1207,12.1832,59
57.1207,13.3658,236
57.1207,14.5484,66
57.1207,15.7309,24
57.1207,18.0961,3
57.1207,19.2786,248
57.1207,20.4612,12
57.1207,21.6438,7
57.1207,22.8263,15
57.1207,24.0089,42
57.1207,25.1915,60
57.1207,26.374,40
57.1207,27.5566,62
57.1207,28.7392,166
57.1207,29.9217,2
57.1207,32.2868,1
57.1207,33.4694,25
57.1207,35.8345,127
57.1207,38.1997,56
57.1207,39.3822,79
57.1207,40.5648,195
57.1207,41.7474,215
57.1207,42.9299,144
57.1207,45.2951,116
57.1207,47.6602,93
57.1207,48.8428,63
57.1207,50.0253,44
57.1207,52.3904,151
57.1207,54.7556,68
57.1207,58.3033,40
57.1207,59.4858,84
57.1207,61.851,174
57.1207,64.2161,174
57.1207,70.1289,38
57.1207,71.3115,223
57.1207,73.6766,178
57.1207,74.8592,83
57.1207,79.5894,174
57.1207,81.9546,147
57.1207,83.1371,114
57.1207,85.5023,5
57.1207,86.6848,22
57.1207,89.05,174
57.1207,96.1453,174
57.1207,97.3279,4
57.1207,106.7884,59
57.1207,107.971,115
58.3033,-110.8035,87
58.3033,-104.8907,116
58.3033,-101.343,116
58.3033,-94.2476,98
58.3033,-88.3348,58
58.3033,-85.9696,116
58.3033,-80.0568,116
58.3033,-77.6917,173
58.3033,-74.144,174
58.3033,-70.5963,162
58.3033,-69.4137,24
58.3033,-68.2312,259
58.3033,-65.866,116
58.3033,-62.3183,116
58.3033,-59.9532,171
58.3033,-57.5881,114
58.3033,-55.223,116
58.3033,-46.945,122
58.3033,-42.2147,116
58.3033,-41.0322,116
58.3033,-38.667,116
58.3033,-37.4845,174
58.3033,-32.7542,162
58.3033,-30.3891,174
58.3033,-26.8414,174
58.3033,-23.2937,245
58.3033,-20.9286,29
58.3033,-18.5634,86
58.3033,-17.3809,152
58.3033,-16.1983,116
58.3033,-9.1029,19
58.3033,-7.9204,64
58.3033,-6.7378,100
58.3033,-5.5552,84
58.3033,-4.3727,111
58.3033,-2.0075,73
58.3033,0.3576,26
58.3033,1.5402,27
58.3033,2.7227,17
58.3033,3.9053,17
58.3033,5.0879,125
58.3033,6.2704,124
58.3033,7.453,7
58.3033,8.6355,31
58.3033,9.8181,377
58.3033,11.0007,14
58.3033,12.1832,87
58.3033,13.3658,221
58.3033,14.5484,71
58.3033,15.7309,9
58.3033,16.9135,13
58.3033,18.0961,135
58.3033,19.2786,22
58.3033,20.4612,42
58.3033,21.6438,39
58.3033,24.0089,149
58.3033,25.1915,163
58.3033,26.374,199
58.3033,27.5566,25
58.3033,28.7392,168
58.3033,29.9217,2
58.3033,31.1043,12
58.3033,32.2868,150
58.3033,33.4694,217
58.3033,34.652,62
58.3033,35.8345,99
58.3033,37.0171,2
58.3033,38.1997,102
58.3033,40.5648,10
58.3033,41.7474,17
58.3033,42.9299,4
58.3033,44.1125,116
58.3033,46.4776,116
58.3033,50.0253,217
58.3033,52.3904,110
58.3033,54.7556,174
58.3033,55.9381,174
58.3033,58.3033,40
58.3033,60.6684,152
58.3033,63.0335,76
58.3033,66.5812,174
58.3033,68.9464,243
58.3033,72.4941,116
58.3033,76.0417,174
58.3033,78.4069,174
58.3033,85.5023,234
58.3033,90.2325,55
58.3033,93.7802,174
58.3033,102.0582,116
58.3033,110.3361,87
58.3033,113.8838,115
59.4858,-100.1604,116
59.4858,-98.9779,116
59.4858,-96.6127,40
59.4858,-95.4302,76
59.4858,-91.8825,83
59.4858,-90.6999,91
59.4858,-88.3348,62
59.4858,-84.7871,167
59.4858,-83.6045,13
59.4858,-82.4219,170
59.4858,-81.2394,4
59.4858,-77.6917,1
59.4858,-76.5091,87
59.4858,-70.5963,75
59.4858,-63.5009,116
59.4858,-62.3183,87
59.4858,-59.9532,3
59.4858,-57.5881,147
59.4858,-54.0404,96
59.4858,-52.8578,165
59.4858,-50.4927,116
59.4858,-49.3101,174
59.4858,-46.945,116
59.4858,-44.5799,261
59.4858,-42.2147,58
59.4858,-39.8496,116
59.4858,-35.1193,174
59.4858,-32.7542,12
59.4858,-31.5717,204
59.4858,-30.3891,57
59.4858,-29.2065,203
59.4858,-28.024,46
59.4858,-25.6588,174
59.4858,-22.1111,261
59.4858,-19.746,237
59.4858,-18.5634,24
59.4858,-17.3809,22
59.4858,-15.0157,87
59.4858,-13.8332,62
59.4858,-12.6506,82
59.4858,-11.4681,40
59.4858,-10.2855,8
59.4858,-9.1029,174
59.4858,-7.9204,10
59.4858,-6.7378,2
59.4858,-3.1901,84
59.4858,-0.825,28
59.4858,0.3576,409
59.4858,1.5402,234
59.4858,2.7227,37
59.4858,3.9053,72
59.4858,5.0879,241
59.4858,6.2704,330
59.4858,7.453,12
59.4858,9.8181,7
59.4858,11.0007,80
59.4858,15.7309,52
59.4858,16.9135,159
59.4858,18.0961,366
59.4858,19.2786,41
59.4858,20.4612,19
59.4858,21.6438,130
59.4858,22.8263,26
59.4858,24.0089,7
59.4858,25.1915,124
59.4858,26.374,99
59.4858,27.5566,215
59.4858,28.7392,3
59.4858,31.1043,76
59.4858,32.2868,284
59.4858,33.4694,136
59.4858,34.652,14
59.4858,35.8345,58
59.4858,37.0171,192
59.4858,39.3822,173
59.4858,40.5648,50
59.4858,41.7474,123
59.4858,42.9299,177
59.4858,45.2951,174
59.4858,47.6602,115
59.4858,48.8428,71
59.4858,51.2079,87
59.4858,58.3033,226
59.4858,59.4858,79
59.4858,60.6684,30
59.4858,61.851,38
59.4858,64.2161,174
59.4858,68.9464,18
59.4858,71.3115,174
59.4858,79.5894,54
59.4858,80.772,207
59.4858,83.1371,174
59.4858,87.8674,145
59.4858,90.2325,29
59.4858,91.4151,90
59.4858,96.1453,126
59.4858,98.5105,227
59.4858,99.693,13
59.4858,104.4233,207
59.4858,105.6059,25
59.4858,113.8838,1
60.6684,-113.1686,116
60.6684,-109.6209,87
60.6684,-106.0732,116
60.6684,-103.7081,1
60.6684,-102.5255,115
60.6684,-96.6127,58
60.6684,-93.065,172
60.6684,-89.5173,60
60.6684,-88.3348,52
60.6684,-87.1522,110
60.6684,-83.6045,81
60.6684,-80.0568,174
60.6684,-75.3266,116
60.6684,-72.9614,174
60.6684,-71.7789,87
60.6684,-69.4137,261
60.6684,-67.0486,116
60.6684,-64.6835,174
60.6684,-62.3183,2
60.6684,-61.1358,174
60.6684,-58.7706,116
60.6684,-55.223,174
60.6684,-51.6753,244
60.6684,-49.3101,116
60.6684,-45.7624,116
60.6684,-43.3973,87
60.6684,-41.0322,116
60.6684,-39.8496,69
60.6684,-38.667,105
60.6684,-37.4845,174
60.6684,-36.3019,164
60.6684,-33.9368,174
60.6684,-32.7542,174
60.6684,-29.2065,10
60.6684,-28.024,2
60.6684,-26.8414,261
60.6684,-24.4763,174
60.6684,-17.3809,116
60.6684,-15.0157,301
60.6684,-13.8332,179
60.6684,-12.6506,82
60.6684,-11.4681,248
60.6684,-10.2855,18
60.6684,-9.1029,279
60.6684,-7.9204,181
60.6684,-6.7378,236
60.6684,-4.3727,84
60.6684,-3.1901,315
60.6684,-2.0075,3
60.6684,-0.825,21
60.6684,0.3576,85
60.6684,1.5402,103
60.6684,2.7227,51
60.6684,3.9053,43
60.6684,5.0879,17
60.6684,6.2704,49
60.6684,8.6355,177
60.6684,9.8181,105
60.6684,11.0007,8
60.6684,12.1832,246
60.6684,13.3658,11
60.6684,14.5484,47
60.6684,15.7309,100
60.6684,16.9135,92
60.6684,18.0961,102
60.6684,19.2786,11
60.6684,20.4612,67
60.6684,21.6438,299
60.6684,22.8263,150
60.6684,24.0089,32
60.6684,29.9217,232
60.6684,31.1043,11
60.6684,32.2868,44
60.6684,33.4694,29
60.6684,34.652,41
60.6684,35.8345,78
60.6684,37.0171,186
60.6684,38.1997,19
60.6684,39.3822,116
60.6684,41.7474,1
60.6684,42.9299,20
60.6684,44.1125,64
60.6684,47.6602,75
60.6684,50.0253,174
60.6684,53.573,174
60.6684,55.9381,174
60.6684,58.3033,35
60.6684,60.6684,127
60.6684,61.851,47
60.6684,63.0335,87
60.6684,66.5812,150
60.6684,67.7638,111
60.6684,68.9464,43
60.6684,70.1289,131
60.6684,72.4941,174
60.6684,74.8592,174
60.6684,77.2243,174
60.6684,85.5023,174
60.6684,87.8674,74
60.6684,89.05,42
60.6684,92.5977,174
60.6684,96.1453,48
60.6684,98.5105,21
60.6684,104.4233,29
60.6684,107.971,116
61.851,-97.7953,116
61.851,-93.065,2
61.851,-91.8825,112
61.851,-90.6999,4
61.851,-87.1522,64
61.851,-82.4219,124
61.851,-81.2394,137
61.851,-77.6917,174
61.851,-67.0486,222
61.851,-62.3183,172
61.851,-57.5881,174
61.851,-54.0404,174
61.851,-51.6753,17
61.851,-48.1276,174
61.851,-46.945,115
61.851,-44.5799,174
61.851,-42.2147,116
61.851,-41.0322,59
61.851,-36.3019,10
61.851,-33.9368,116
61.851,-30.3891,261
61.851,-28.024,116
61.851,-25.6588,38
61.851,-24.4763,131
61.851,-23.2937,116
61.851,-22.1111,70
61.851,-20.9286,174
61.851,-18.5634,174
61.851,-15.0157,192
61.851,-13.8332,99
61.851,-12.6506,109
61.851,-11.4681,170
61.851,-10.2855,39
61.851,-9.1029,117
61.851,-7.9204,76
61.851,-6.7378,42
61.851,-3.1901,116
61.851,-2.0075,14
61.851,-0.825,13
61.851,0.3576,68
61.851,1.5402,52
61.851,3.9053,41
61.851,5.0879,131
61.851,6.2704,38
61.851,8.6355,41
61.851,9.8181,31
61.851,12.1832,95
61.851,14.5484,51
61.851,15.7309,59
61.851,16.9135,83
61.851,18.0961,105
61.851,19.2786,41
61.851,20.4612,66
61.851,21.6438,49
61.851,22.8263,30
61.851,24.0089,39
61.851,25.1915,11
61.851,26.374,77
61.851,27.5566,31
61.851,31.1043,76
61.851,32.2868,31
61.851,33.4694,46
61.851,34.652,62
61.851,35.8345,130
61.851,37.0171,265
61.851,38.1997,10
61.851,40.5648,116
61.851,41.7474,116
61.851,45.2951,174
61.851,46.4776,116
61.851,48.8428,226
61.851,51.2079,130
61.851,52.3904,131
61.851,54.7556,174
61.851,57.1207,151
61.851,59.4858,174
61.851,63.0335,174
61.851,64.2161,43
61.851,65.3987,131
61.851,68.9464,87
61.851,74.8592,174
61.851,78.4069,3
61.851,79.5894,171
61.851,81.9546,174
61.851,90.2325,174
61.851,100.8756,20
61.851,102.0582,122
61.851,111.5187,116
63.0335,-104.8907,87
63.0335,-101.343,174
63.0335,-95.4302,174
63.0335,-89.5173,217
63.0335,-84.7871,174
63.0335,-80.0568,20
63.0335,-78.8742,202
63.0335,-75.3266,29
63.0335,-74.144,232
63.0335,-71.7789,174
63.0335,-69.4137,174
63.0335,-67.0486,39
63.0335,-64.6835,116
63.0335,-63.5009,58
63.0335,-62.3183,66
63.0335,-61.1358,108
63.0335,-59.9532,82
63.0335,-58.7706,92
63.0335,-56.4055,42
63.0335,-55.223,219
63.0335,-52.8578,174
63.0335,-50.4927,116
63.0335,-49.3101,174
63.0335,-46.945,1
63.0335,-43.3973,112
63.0335,-41.0322,116
63.0335,-39.8496,86
63.0335,-38.667,54
63.0335,-37.4845,207
63.0335,-35.1193,174
63.0335,-32.7542,88
63.0335,-31.5717,86
63.0335,-26.8414,116
63.0335,-25.6588,92
63.0335,-23.2937,174
63.0335,-22.1111,46
63.0335,-20.9286,47
63.0335,-19.746,60
63.0335,-17.3809,116
63.0335,-15.0157,11
63.0335,-13.8332,154
63.0335,-12.6506,81
63.0335,-11.4681,84
63.0335,-10.2855,28
63.0335,-9.1029,73
63.0335,-7.9204,73
63.0335,-6.7378,306
63.0335,-5.5552,9
63.0335,-3.1901,221
63.0335,-2.0075,36
63.0335,-0.825,13
63.0335,0.3576,320
63.0335,1.5402,230
63.0335,2.7227,13
63.0335,3.9053,99
63.0335,5.0879,282
63.0335,6.2704,168
63.0335,7.453,7
63.0335,8.6355,267
63.0335,9.8181,164
63.0335,12.1832,110
63.0335,13.3658,219
63.0335,15.7309,183
63.0335,16.9135,174
63.0335,18.0961,40
63.0335,19.2786,64
63.0335,20.4612,46
63.0335,21.6438,278
63.0335,22.8263,50
63.0335,24.0089,7
63.0335,25.1915,91
63.0335,26.374,304
63.0335,27.5566,272
63.0335,28.7392,67
63.0335,31.1043,294
63.0335,32.2868,117
63.0335,33.4694,19
63.0335,34.652,10
63.0335,35.8345,18
63.0335,37.0171,72
63.0335,39.3822,116
63.0335,41.7474,116
63.0335,42.9299,116
63.0335,45.2951,116
63.0335,46.4776,116
63.0335,48.8428,18
63.0335,50.0253,17
63.0335,53.573,116
63.0335,57.1207,110
63.0335,58.3033,116
63.0335,60.6684,174
63.0335,64.2161,87
63.0335,66.5812,174
63.0335,71.3115,174
63.0335,73.6766,174
63.0335,77.2243,87
63.0335,80.772,87
63.0335,84.3197,174
63.0335,87.8674,234
63.0335,92.5977,27
63.0335,94.9628,174
63.0335,98.5105,174
63.0335,100.8756,119
63.0335,105.6059,114
64.2161,-110.8035,87
64.2161,-107.2558,116
64.2161,-97.7953,174
64.2161,-93.065,116
64.2161,-89.5173,44
64.2161,-87.1522,86
64.2161,-85.9696,1
64.2161,-82.4219,131
64.2161,-80.0568,39
64.2161,-76.5091,174
64.2161,-72.9614,116
64.2161,-70.5963,92
64.2161,-68.2312,24
64.2161,-65.866,116
64.2161,-62.3183,89
64.2161,-59.9532,13
64.2161,-57.5881,174
64.2161,-54.0404,116
64.2161,-51.6753,49
64.2161,-50.4927,212
64.2161,-46.945,116
64.2161,-45.7624,174
64.2161,-43.3973,149
64.2161,-41.0322,116
64.2161,-39.8496,69
64.2161,-38.667,188
64.2161,-36.3019,174
64.2161,-33.9368,174
64.2161,-31.5717,14
64.2161,-30.3891,160
64.2161,-29.2065,200
64.2161,-28.024,61
64.2161,-26.8414,116
64.2161,-24.4763,48
64.2161,-20.9286,154
64.2161,-18.5634,116
64.2161,-15.0157,2
64.2161,-13.8332,170
64.2161,-12.6506,163
64.2161,-11.4681,17
64.2161,-10.2855,96
64.2161,-9.1029,37
64.2161,-7.9204,112
64.2161,-6.7378,272
64.2161,-5.5552,24
64.2161,-3.1901,180
64.2161,-2.0075,11
64.2161,0.3576,13
64.2161,1.5402,78
64.2161,2.7227,26
64.2161,3.9053,22
64.2161,5.0879,26
64.2161,6.2704,21
64.2161,8.6355,3
64.2161,11.0007,28
64.2161,12.1832,8
64.2161,13.3658,7
64.2161,15.7309,186
64.2161,16.9135,185
64.2161,18.0961,101
64.2161,19.2786,26
64.2161,20.4612,97
64.2161,21.6438,72
64.2161,22.8263,82
64.2161,25.1915,41
64.2161,26.374,85
64.2161,27.5566,98
64.2161,28.7392,81
64.2161,31.1043,19
64.2161,32.2868,13
64.2161,33.4694,25
64.2161,34.652,314
64.2161,35.8345,67
64.2161,39.3822,36
64.2161,44.1125,167
64.2161,47.6602,87
64.2161,50.0253,115
64.2161,51.2079,87
64.2161,54.7556,241
64.2161,55.9381,20
64.2161,57.1207,94
64.2161,63.0335,174
64.2161,65.3987,87
64.2161,68.9464,174
64.2161,72.4941,31
64.2161,74.8592,42
64.2161,76.0417,87
64.2161,78.4069,116
64.2161,81.9546,116
64.2161,87.8674,27
64.2161,90.2325,79
64.2161,92.5977,234
64.2161,105.6059,60
64.2161,107.971,75
64.2161,109.1536,41
65.3987,-103.7081,174
65.3987,-95.4302,116
65.3987,-90.6999,116
65.3987,-84.7871,174
65.3987,-82.4219,130
65.3987,-80.0568,116
65.3987,-77.6917,1
65.3987,-75.3266,174
65.3987,-72.9614,87
65.3987,-70.5963,24
65.3987,-69.4137,87
65.3987,-68.2312,92
65.3987,-64.6835,116
65.3987,-62.3183,27
65.3987,-59.9532,248
65.3987,-56.4055,174
65.3987,-52.8578,174
65.3987,-48.1276,174
65.3987,-46.945,116
65.3987,-44.5799,116
65.3987,-42.2147,116
65.3987,-38.667,4
65.3987,-35.1193,128
65.3987,-32.7542,174
65.3987,-30.3891,51
65.3987,-25.6588,116
65.3987,-24.4763,126
65.3987,-23.2937,52
65.3987,-22.1111,209
65.3987,-19.746,87
65.3987,-17.3809,21
65.3987,-16.1983,245
65.3987,-15.0157,16
65.3987,-13.8332,20
65.3987,-12.6506,65
65.3987,-11.4681,112
65.3987,-10.2855,208
65.3987,-9.1029,241
65.3987,-7.9204,66
65.3987,-6.7378,171
65.3987,-5.5552,13
65.3987,-4.3727,42
65.3987,-3.1901,84
65.3987,-0.825,155
65.3987,0.3576,6
65.3987,1.5402,8
65.3987,2.7227,63
65.3987,3.9053,79
65.3987,6.2704,32
65.3987,7.453,191
65.3987,11.0007,258
65.3987,12.1832,52
65.3987,13.3658,290
65.3987,15.7309,10
65.3987,16.9135,27
65.3987,18.0961,6
65.3987,19.2786,313
65.3987,20.4612,167
65.3987,21.6438,277
65.3987,25.1915,48
65.3987,26.374,21
65.3987,27.5566,33
65.3987,29.9217,52
65.3987,31.1043,39
65.3987,33.4694,21
65.3987,34.652,123
65.3987,35.8345,5
65.3987,37.0171,18
65.3987,38.1997,214
65.3987,39.3822,47
65.3987,40.5648,182
65.3987,41.7474,110
65.3987,44.1125,7
65.3987,45.2951,116
65.3987,47.6602,116
65.3987,48.8428,128
65.3987,50.0253,18
65.3987,52.3904,234
65.3987,53.573,27
65.3987,55.9381,87
65.3987,57.1207,67
65.3987,58.3033,13
65.3987,59.4858,100
65.3987,60.6684,161
65.3987,64.2161,50
65.3987,67.7638,174
65.3987,70.1289,10
65.3987,71.3115,77
65.3987,72.4941,56
65.3987,73.6766,74
65.3987,80.772,174
65.3987,84.3197,42
65.3987,85.5023,174
65.3987,90.2325,95
65.3987,94.9628,97
65.3987,96.1453,77
65.3987,102.0582,171
66.5812,-109.6209,80
66.5812,-106.0732,116
66.5812,-100.1604,116
66.5812,-93.065,116
66.5812,-89.5173,174
66.5812,-88.3348,37
66.5812,-87.1522,137
66.5812,-77.6917,260
66.5812,-71.7789,135
66.5812,-70.5963,126
66.5812,-67.0486,148
66.5812,-65.866,113
66.5812,-63.5009,116
66.5812,-62.3183,174
66.5812,-57.5881,174
66.5812,-54.0404,174
66.5812,-50.4927,261
66.5812,-45.7624,116
66.5812,-43.3973,116
66.5812,-41.0322,174
66.5812,-38.667,116
66.5812,-37.4845,174
66.5812,-35.1193,44
66.5812,-33.9368,89
66.5812,-31.5717,87
66.5812,-30.3891,107
66.5812,-29.2065,103
66.5812,-28.024,116
66.5812,-25.6588,87
66.5812,-24.4763,116
66.5812,-20.9286,174
66.5812,-18.5634,19
66.5812,-17.3809,284
66.5812,-16.1983,139
66.5812,-15.0157,57
66.5812,-13.8332,31
66.5812,-12.6506,21
66.5812,-11.4681,108
66.5812,-10.2855,157
66.5812,-9.1029,192
66.5812,-7.9204,3
66.5812,-4.3727,76
66.5812,-0.825,247
66.5812,0.3576,58
66.5812,1.5402,160
66.5812,2.7227,187
66.5812,3.9053,36
66.5812,5.0879,28
66.5812,6.2704,239
66.5812,7.453,284
66.5812,8.6355,22
66.5812,12.1832,272
66.5812,13.3658,124
66.5812,14.5484,24
66.5812,16.9135,6
66.5812,20.4612,2
66.5812,21.6438,7
66.5812,24.0089,120
66.5812,25.1915,180
66.5812,26.374,91
66.5812,27.5566,34
66.5812,28.7392,56
66.5812,29.9217,226
66.5812,31.1043,202
66.5812,32.2868,116
66.5812,33.4694,12
66.5812,38.1997,100
66.5812,39.3822,56
66.5812,40.5648,137
66.5812,41.7474,147
66.5812,44.1125,116
66.5812,45.2951,51
66.5812,46.4776,123
66.5812,48.8428,81
66.5812,51.2079,174
66.5812,54.7556,116
66.5812,58.3033,174
66.5812,61.851,174
66.5812,64.2161,124
66.5812,66.5812,87
66.5812,68.9464,87
66.5812,71.3115,33
66.5812,72.4941,4
66.5812,73.6766,32
66.5812,74.8592,65
66.5812,76.0417,68
66.5812,77.2243,106
66.5812,81.9546,85
66.5812,83.1371,2
66.5812,84.3197,116
66.5812,89.05,174
66.5812,91.4151,173
66.5812,92.5977,1
66.5812,98.5105,172
66.5812,99.693,89
66.5812,102.0582,3
67.7638,-109.6209,7
67.7638,-97.7953,86
67.7638,-96.6127,1
67.7638,-95.4302,54
67.7638,-94.2476,2
67.7638,-91.8825,87
67.7638,-85.9696,87
67.7638,-83.6045,116
67.7638,-81.2394,87
67.7638,-75.3266,146
67.7638,-74.144,115
67.7638,-69.4137,174
67.7638,-59.9532,199
67.7638,-58.7706,62
67.7638,-56.4055,116
67.7638,-52.8578,174
67.7638,-48.1276,188
67.7638,-46.945,73
67.7638,-44.5799,29
67.7638,-42.2147,87
67.7638,-39.8496,174
67.7638,-37.4845,87
67.7638,-35.1193,174
67.7638,-32.7542,174
67.7638,-30.3891,159
67.7638,-28.024,162
67.7638,-26.8414,116
67.7638,-22.1111,116
67.7638,-20.9286,116
67.7638,-19.746,6
67.7638,-18.5634,49
67.7638,-17.3809,115
67.7638,-16.1983,121
67.7638,-15.0157,55
67.7638,-13.8332,310
67.7638,-12.6506,40
67.7638,-11.4681,56
67.7638,-10.2855,36
67.7638,-9.1029,10
67.7638,-6.7378,43
67.7638,-5.5552,12
67.7638,-4.3727,3
67.7638,-3.1901,231
67.7638,0.3576,24
67.7638,1.5402,114
67.7638,2.7227,207
67.7638,5.0879,2
67.7638,6.2704,29
67.7638,7.453,18
67.7638,8.6355,80
67.7638,9.8181,119
67.7638,13.3658,16
67.7638,15.7309,45
67.7638,16.9135,370
67.7638,18.0961,161
67.7638,24.0089,78
67.7638,25.1915,242
67.7638,26.374,259
67.7638,27.5566,91
67.7638,28.7392,24
67.7638,29.9217,83
67.7638,31.1043,207
67.7638,32.2868,243
67.7638,34.652,42
67.7638,35.8345,363
67.7638,37.0171,30
67.7638,38.1997,18
67.7638,39.3822,265
67.7638,40.5648,72
67.7638,41.7474,106
67.7638,42.9299,116
67.7638,48.8428,180
67.7638,52.3904,145
67.7638,53.573,116
67.7638,55.9381,116
67.7638,60.6684,116
67.7638,67.7638,116
67.7638,70.1289,1
67.7638,71.3115,75
67.7638,72.4941,43
67.7638,73.6766,28
67.7638,74.8592,47
67.7638,76.0417,82
67.7638,77.2243,275
67.7638,78.4069,26
67.7638,81.9546,116
67.7638,86.6848,116
67.7638,94.9628,114
67.7638,105.6059,174
67.7638,109.1536,87
68.9464,-102.5255,174
68.9464,-98.9779,116
68.9464,-94.2476,118
68.9464,-87.1522,87
68.9464,-82.4219,174
68.9464,-80.0568,134
68.9464,-78.8742,40
68.9464,-77.6917,1
68.9464,-76.5091,115
68.9464,-72.9614,106
68.9464,-71.7789,68
68.9464,-70.5963,87
68.9464,-67.0486,174
68.9464,-64.6835,152
68.9464,-63.5009,109
68.9464,-61.1358,224
68.9464,-57.5881,116
68.9464,-55.223,174
68.9464,-49.3101,116
68.9464,-45.7624,212
68.9464,-44.5799,20
68.9464,-43.3973,116
68.9464,-42.2147,58
68.9464,-38.667,167
68.9464,-37.4845,7
68.9464,-33.9368,116
68.9464,-30.3891,15
68.9464,-28.024,99
68.9464,-25.6588,116
68.9464,-23.2937,261
68.9464,-18.5634,13
68.9464,-17.3809,69
68.9464,-16.1983,20
68.9464,-15.0157,41
68.9464,-13.8332,213
68.9464,-12.6506,36
68.9464,-11.4681,88
68.9464,-10.2855,51
68.9464,-7.9204,6
68.9464,-6.7378,346
68.9464,-5.5552,79
68.9464,-4.3727,63
68.9464,-3.1901,112
68.9464,-2.0075,212
68.9464,-0.825,51
68.9464,5.0879,297
68.9464,6.2704,11
68.9464,7.453,23
68.9464,8.6355,111
68.9464,9.8181,321
68.9464,11.0007,104
68.9464,13.3658,150
68.9464,14.5484,55
68.9464,16.9135,24
68.9464,18.0961,10
68.9464,20.4612,142
68.9464,21.6438,197
68.9464,22.8263,44
68.9464,25.1915,49
68.9464,26.374,52
68.9464,27.5566,4
68.9464,29.9217,21
68.9464,31.1043,43
68.9464,32.2868,44
68.9464,34.652,26
68.9464,35.8345,16
68.9464,39.3822,4
68.9464,40.5648,72
68.9464,45.2951,116
68.9464,46.4776,116
68.9464,50.0253,174
68.9464,54.7556,174
68.9464,57.1207,174
68.9464,59.4858,87
68.9464,61.851,70
68.9464,63.0335,28
68.9464,64.2161,108
68.9464,65.3987,125
68.9464,66.5812,27
68.9464,67.7638,32
68.9464,68.9464,7
68.9464,70.1289,41
68.9464,71.3115,209
68.9464,72.4941,139
68.9464,73.6766,52
68.9464,74.8592,17
68.9464,76.0417,57
68.9464,77.2243,112
68.9464,78.4069,142
68.9464,79.5894,35
68.9464,83.1371,87
68.9464,90.2325,174
68.9464,94.9628,2
68.9464,102.0582,150
70.1289,-107.2558,116
70.1289,-96.6127,116
70.1289,-91.8825,31
70.1289,-89.5173,174
70.1289,-84.7871,174
70.1289,-80.0568,87
70.1289,-75.3266,111
70.1289,-74.144,2
70.1289,-68.2312,174
70.1289,-61.1358,37
70.1289,-58.7706,218
70.1289,-56.4055,174
70.1289,-52.8578,116
70.1289,-51.6753,174
70.1289,-49.3101,1
70.1289,-48.1276,86
70.1289,-46.945,87
70.1289,-44.5799,126
70.1289,-43.3973,130
70.1289,-41.0322,116
70.1289,-39.8496,122
70.1289,-37.4845,87
70.1289,-36.3019,174
70.1289,-31.5717,261
70.1289,-29.2065,174
70.1289,-26.8414,174
70.1289,-20.9286,39
70.1289,-19.746,130
70.1289,-18.5634,303
70.1289,-17.3809,197
70.1289,-16.1983,14
70.1289,-15.0157,21
70.1289,-13.8332,196
70.1289,-12.6506,4
70.1289,-10.2855,79
70.1289,-9.1029,38
70.1289,-7.9204,34
70.1289,-6.7378,156
70.1289,-5.5552,176
70.1289,-4.3727,116
70.1289,-3.1901,61
70.1289,-2.0075,4
70.1289,0.3576,53
70.1289,1.5402,201
70.1289,2.7227,10
70.1289,5.0879,34
70.1289,6.2704,263
70.1289,7.453,16
70.1289,8.6355,70
70.1289,9.8181,26
70.1289,13.3658,200
70.1289,14.5484,35
70.1289,15.7309,47
70.1289,16.9135,33
70.1289,18.0961,23
70.1289,20.4612,128
70.1289,21.6438,137
70.1289,22.8263,23
70.1289,24.0089,54
70.1289,25.1915,27
70.1289,26.374,2
70.1289,28.7392,226
70.1289,29.9217,4
70.1289,32.2868,56
70.1289,33.4694,12
70.1289,34.652,246
70.1289,35.8345,186
70.1289,38.1997,116
70.1289,42.9299,52
70.1289,44.1125,35
70.1289,45.2951,24
70.1289,46.4776,32
70.1289,48.8428,12
70.1289,52.3904,261
70.1289,55.9381,2
70.1289,57.1207,114
70.1289,59.4858,174
70.1289,61.851,64
70.1289,63.0335,115
70.1289,64.2161,125
70.1289,65.3987,141
70.1289,66.5812,37
70.1289,67.7638,32
70.1289,68.9464,32
70.1289,70.1289,16
70.1289,71.3115,124
70.1289,72.4941,141
70.1289,73.6766,41
70.1289,74.8592,31
70.1289,76.0417,33
70.1289,77.2243,178
70.1289,78.4069,112
70.1289,79.5894,48
70.1289,81.9546,80
70.1289,84.3197,4
70.1289,85.5023,112
70.1289,87.8674,116
70.1289,92.5977,116
70.1289,97.3279,149
70.1289,98.5105,112
70.1289,102.0582,24
71.3115,-101.343,87
71.3115,-95.4302,87
71.3115,-93.065,84
71.3115,-91.8825,59
71.3115,-87.1522,174
71.3115,-83.6045,101
71.3115,-81.2394,116
71.3115,-77.6917,174
71.3115,-75.3266,148
71.3115,-72.9614,116
71.3115,-70.5963,174
71.3115,-65.866,174
71.3115,-63.5009,261
71.3115,-61.1358,116
71.3115,-58.7706,43
71.3115,-54.0404,261
71.3115,-51.6753,7
71.3115,-49.3101,116
71.3115,-48.1276,116
71.3115,-45.7624,116
71.3115,-44.5799,5
71.3115,-42.2147,41
71.3115,-41.0322,75
71.3115,-39.8496,35
71.3115,-38.667,104
71.3115,-33.9368,174
71.3115,-25.6588,87
71.3115,-23.2937,116
71.3115,-22.1111,42
71.3115,-20.9286,109
71.3115,-19.746,37
71.3115,-18.5634,114
71.3115,-17.3809,63
71.3115,-16.1983,110
71.3115,-15.0157,18
71.3115,-13.8332,165
71.3115,-12.6506,6
71.3115,-11.4681,20
71.3115,-10.2855,43
71.3115,-9.1029,42
71.3115,-7.9204,89
71.3115,-6.7378,133
71.3115,-5.5552,125
71.3115,-4.3727,38
71.3115,-3.1901,50
71.3115,-2.0075,68
71.3115,-0.825,102
71.3115,0.3576,131
71.3115,1.5402,117
71.3115,2.7227,173
71.3115,3.9053,10
71.3115,6.2704,139
71.3115,7.453,17
71.3115,8.6355,29
71.3115,9.8181,11
71.3115,11.0007,36
71.3115,15.7309,46
71.3115,16.9135,53
71.3115,18.0961,201
71.3115,19.2786,24
71.3115,20.4612,53
71.3115,21.6438,119
71.3115,22.8263,84
71.3115,24.0089,52
71.3115,25.1915,40
71.3115,26.374,60
71.3115,27.5566,46
71.3115,28.7392,173
71.3115,29.9217,49
71.3115,31.1043,114
71.3115,32.2868,49
71.3115,33.4694,24
71.3115,34.652,127
71.3115,35.8345,147
71.3115,39.3822,174
71.3115,41.7474,185
71.3115,42.9299,122
71.3115,44.1125,145
71.3115,45.2951,68
71.3115,46.4776,68
71.3115,47.6602,157
71.3115,48.8428,227
71.3115,50.0253,42
71.3115,54.7556,116
71.3115,61.851,60
71.3115,63.0335,221
71.3115,64.2161,140
71.3115,65.3987,153
71.3115,66.5812,71
71.3115,67.7638,4
71.3115,70.1289,73
71.3115,71.3115,195
71.3115,72.4941,150
71.3115,73.6766,61
71.3115,74.8592,16
71.3115,76.0417,44
71.3115,77.2243,28
71.3115,78.4069,64
71.3115,81.9546,94
71.3115,84.3197,116
71.3115,94.9628,118
71.3115,105.6059,116
72.4941,-97.7953,87
72.4941,-90.6999,115
72.4941,-89.5173,1
72.4941,-84.7871,58
72.4941,-83.6045,15
72.4941,-80.0568,174
72.4941,-68.2312,148
72.4941,-67.0486,113
72.4941,-58.7706,55
72.4941,-57.5881,116
72.4941,-55.223,116
72.4941,-51.6753,254
72.4941,-49.3101,116
72.4941,-48.1276,116
72.4941,-45.7624,136
72.4941,-44.5799,93
72.4941,-43.3973,116
72.4941,-41.0322,19
72.4941,-39.8496,97
72.4941,-38.667,116
72.4941,-37.4845,116
72.4941,-35.1193,116
72.4941,-32.7542,174
72.4941,-30.3891,45
72.4941,-29.2065,63
72.4941,-28.024,38
72.4941,-26.8414,96
72.4941,-22.1111,12
72.4941,-20.9286,208
72.4941,-19.746,211
72.4941,-18.5634,93
72.4941,-17.3809,60
72.4941,-16.1983,101
72.4941,-15.0157,131
72.4941,-13.8332,67
72.4941,-12.6506,30
72.4941,-6.7378,213
72.4941,-5.5552,62
72.4941,-4.3727,51
72.4941,-3.1901,29
72.4941,-2.0075,129
72.4941,-0.825,73
72.4941,0.3576,128
72.4941,1.5402,231
72.4941,2.7227,147
72.4941,5.0879,42
72.4941,7.453,37
72.4941,8.6355,79
72.4941,9.8181,151
72.4941,11.0007,301
72.4941,12.1832,77
72.4941,14.5484,113
72.4941,15.7309,200
72.4941,16.9135,106
72.4941,18.0961,112
72.4941,19.2786,40
72.4941,20.4612,26
72.4941,21.6438,82
72.4941,22.8263,226
72.4941,24.0089,108
72.4941,26.374,109
72.4941,27.5566,4
72.4941,28.7392,39
72.4941,29.9217,40
72.4941,32.2868,56
72.4941,34.652,17
72.4941,38.1997,116
72.4941,41.7474,166
72.4941,42.9299,175
72.4941,44.1125,167
72.4941,45.2951,90
72.4941,46.4776,36
72.4941,47.6602,148
72.4941,48.8428,82
72.4941,50.0253,52
72.4941,52.3904,174
72.4941,53.573,32
72.4941,54.7556,82
72.4941,55.9381,36
72.4941,57.1207,93
72.4941,58.3033,31
72.4941,59.4858,57
72.4941,60.6684,2
72.4941,61.851,32
72.4941,63.0335,48
72.4941,64.2161,48
72.4941,65.3987,16
72.4941,66.5812,38
72.4941,67.7638,36
72.4941,68.9464,40
72.4941,71.3115,68
72.4941,72.4941,49
72.4941,73.6766,5
72.4941,74.8592,56
72.4941,76.0417,32
72.4941,77.2243,32
72.4941,78.4069,32
72.4941,86.6848,116
72.4941,89.05,116
72.4941,91.4151,116
72.4941,94.9628,143
72.4941,100.8756,116
73.6766,-103.7081,174
73.6766,-93.065,61
73.6766,-91.8825,113
73.6766,-85.9696,174
73.6766,-82.4219,114
73.6766,-77.6917,146
73.6766,-76.5091,115
73.6766,-74.144,174
73.6766,-71.7789,116
73.6766,-70.5963,116
73.6766,-64.6835,261
73.6766,-62.3183,21
73.6766,-61.1358,153
73.6766,-58.7706,119
73.6766,-54.0404,13
73.6766,-52.8578,98
73.6766,-45.7624,32
73.6766,-42.2147,174
73.6766,-38.667,58
73.6766,-36.3019,174
73.6766,-33.9368,116
73.6766,-32.7542,12
73.6766,-31.5717,36
73.6766,-30.3891,111
73.6766,-29.2065,261
73.6766,-28.024,42
73.6766,-26.8414,102
73.6766,-25.6588,191
73.6766,-24.4763,41
73.6766,-22.1111,78
73.6766,-20.9286,188
73.6766,-19.746,187
73.6766,-18.5634,119
73.6766,-17.3809,173
73.6766,-16.1983,143
73.6766,-15.0157,171
73.6766,-13.8332,42
73.6766,-12.6506,12
73.6766,-11.4681,42
73.6766,-10.2855,177
73.6766,-9.1029,32
73.6766,-7.9204,64
73.6766,-5.5552,18
73.6766,-4.3727,53
73.6766,-3.1901,26
73.6766,-2.0075,96
73.6766,-0.825,47
73.6766,0.3576,38
73.6766,1.5402,68
73.6766,2.7227,7
73.6766,3.9053,10
73.6766,5.0879,76
73.6766,6.2704,258
73.6766,7.453,9
73.6766,8.6355,9
73.6766,9.8181,46
73.6766,11.0007,34
73.6766,12.1832,68
73.6766,13.3658,16
73.6766,14.5484,72
73.6766,15.7309,145
73.6766,16.9135,170
73.6766,18.0961,107
73.6766,19.2786,93
73.6766,20.4612,53
73.6766,21.6438,142
73.6766,22.8263,44
73.6766,25.1915,39
73.6766,26.374,79
73.6766,27.5566,78
73.6766,28.7392,77
73.6766,29.9217,91
73.6766,31.1043,75
73.6766,32.2868,10
73.6766,33.4694,69
73.6766,34.652,71
73.6766,35.8345,27
73.6766,37.0171,67
73.6766,39.3822,174
73.6766,41.7474,12
73.6766,42.9299,99
73.6766,44.1125,137
73.6766,45.2951,64
73.6766,46.4776,48
73.6766,47.6602,113
73.6766,48.8428,45
73.6766,50.0253,76
73.6766,53.573,40
73.6766,54.7556,61
73.6766,55.9381,85
73.6766,57.1207,56
73.6766,58.3033,68
73.6766,59.4858,90
73.6766,63.0335,77
73.6766,64.2161,16
73.6766,65.3987,48
73.6766,67.7638,116
73.6766,73.6766,111
73.6766,74.8592,52
73.6766,77.2243,64
73.6766,80.772,174
73.6766,83.1371,116
73.6766,84.3197,115
73.6766,85.5023,1
73.6766,86.6848,20
73.6766,87.8674,96
73.6766,92.5977,1
73.6766,97.3279,116
74.8592,-100.1604,87
74.8592,-96.6127,174
74.8592,-88.3348,116
74.8592,-82.4219,60
74.8592,-80.0568,87
74.8592,-69.4137,174
74.8592,-67.0486,174
74.8592,-63.5009,18
74.8592,-61.1358,87
74.8592,-58.7706,41
74.8592,-57.5881,109
74.8592,-56.4055,152
74.8592,-54.0404,150
74.8592,-50.4927,116
74.8592,-49.3101,174
74.8592,-46.945,87
74.8592,-45.7624,116
74.8592,-44.5799,116
74.8592,-41.0322,58
74.8592,-39.8496,116
74.8592,-35.1193,87
74.8592,-32.7542,9
74.8592,-31.5717,67
74.8592,-30.3891,222
74.8592,-29.2065,125
74.8592,-28.024,108
74.8592,-26.8414,155
74.8592,-25.6588,216
74.8592,-24.4763,43
74.8592,-23.2937,20
74.8592,-20.9286,58
74.8592,-19.746,90
74.8592,-18.5634,45
74.8592,-17.3809,52
74.8592,-16.1983,119
74.8592,-15.0157,48
74.8592,-13.8332,6
74.8592,-12.6506,27
74.8592,-11.4681,56
74.8592,-10.2855,118
74.8592,-9.1029,133
74.8592,-7.9204,124
74.8592,-5.5552,82
74.8592,-4.3727,45
74.8592,-3.1901,162
74.8592,-2.0075,142
74.8592,-0.825,104
74.8592,0.3576,42
74.8592,3.9053,50
74.8592,5.0879,25
74.8592,6.2704,21
74.8592,7.453,64
74.8592,8.6355,102
74.8592,9.8181,137
74.8592,11.0007,146
74.8592,12.1832,87
74.8592,14.5484,16
74.8592,15.7309,134
74.8592,16.9135,136
74.8592,18.0961,106
74.8592,19.2786,72
74.8592,20.4612,37
74.8592,22.8263,28
74.8592,25.1915,39
74.8592,26.374,39
74.8592,27.5566,128
74.8592,28.7392,102
74.8592,29.9217,117
74.8592,31.1043,12
74.8592,32.2868,98
74.8592,33.4694,55
74.8592,34.652,69
74.8592,35.8345,198
74.8592,37.0171,30
74.8592,40.5648,96
74.8592,42.9299,28
74.8592,44.1125,75
74.8592,45.2951,32
74.8592,46.4776,78
74.8592,47.6602,88
74.8592,48.8428,277
74.8592,50.0253,25
74.8592,51.2079,87
74.8592,53.573,32
74.8592,54.7556,105
74.8592,55.9381,101
74.8592,57.1207,71
74.8592,58.3033,80
74.8592,59.4858,82
74.8592,60.6684,98
74.8592,61.851,36
74.8592,63.0335,4
74.8592,65.3987,94
74.8592,67.7638,58
74.8592,70.1289,116
74.8592,72.4941,116
74.8592,76.0417,116
74.8592,78.4069,106
74.8592,83.1371,116
74.8592,89.05,116
74.8592,92.5977,115
74.8592,103.2407,116
76.0417,-90.6999,174
76.0417,-84.7871,174
76.0417,-78.8742,122
76.0417,-77.6917,52
76.0417,-75.3266,174
76.0417,-74.144,9
76.0417,-72.9614,165
76.0417,-71.7789,116
76.0417,-64.6835,29
76.0417,-63.5009,69
76.0417,-59.9532,158
76.0417,-58.7706,62
76.0417,-54.0404,22
76.0417,-52.8578,51
76.0417,-51.6753,123
76.0417,-49.3101,116
76.0417,-48.1276,116
76.0417,-44.5799,116
76.0417,-42.2147,116
76.0417,-38.667,174
76.0417,-36.3019,174
76.0417,-32.7542,144
76.0417,-31.5717,129
76.0417,-30.3891,81
76.0417,-29.2065,85
76.0417,-28.024,114
76.0417,-26.8414,105
76.0417,-25.6588,98
76.0417,-24.4763,183
76.0417,-23.2937,47
76.0417,-19.746,53
76.0417,-18.5634,5
76.0417,-17.3809,25
76.0417,-16.1983,18
76.0417,-15.0157,70
76.0417,-13.8332,141
76.0417,-12.6506,45
76.0417,-11.4681,52
76.0417,-10.2855,53
76.0417,-9.1029,262
76.0417,-7.9204,36
76.0417,-4.3727,143
76.0417,-3.1901,136
76.0417,-2.0075,104
76.0417,-0.825,251
76.0417,2.7227,111
76.0417,3.9053,129
76.0417,5.0879,174
76.0417,6.2704,132
76.0417,7.453,66
76.0417,8.6355,28
76.0417,9.8181,55
76.0417,11.0007,207
76.0417,12.1832,136
76.0417,15.7309,7
76.0417,16.9135,164
76.0417,18.0961,44
76.0417,19.2786,70
76.0417,21.6438,31
76.0417,22.8263,45
76.0417,24.0089,39
76.0417,26.374,156
76.0417,27.5566,73
76.0417,28.7392,165
76.0417,29.9217,25
76.0417,31.1043,9
76.0417,32.2868,34
76.0417,33.4694,186
76.0417,34.652,193
76.0417,35.8345,69
76.0417,37.0171,128
76.0417,39.3822,84
76.0417,41.7474,84
76.0417,42.9299,12
76.0417,45.2951,68
76.0417,46.4776,40
76.0417,47.6602,36
76.0417,48.8428,50
76.0417,52.3904,60
76.0417,53.573,72
76.0417,54.7556,120
76.0417,55.9381,39
76.0417,57.1207,225
76.0417,58.3033,90
76.0417,59.4858,98
76.0417,60.6684,110
76.0417,61.851,38
76.0417,63.0335,76
76.0417,65.3987,64
76.0417,73.6766,56
76.0417,78.4069,68
76.0417,80.772,116
76.0417,86.6848,116
76.0417,91.4151,2
76.0417,94.9628,116
76.0417,99.693,116
77.2243,-102.5255,116
77.2243,-97.7953,87
77.2243,-94.2476,174
77.2243,-87.1522,174
77.2243,-82.4219,112
77.2243,-81.2394,149
77.2243,-70.5963,116
77.2243,-68.2312,113
77.2243,-65.866,53
77.2243,-64.6835,179
77.2243,-62.3183,174
77.2243,-57.5881,174
77.2243,-55.223,214
77.2243,-54.0404,25
77.2243,-50.4927,116
77.2243,-45.7624,211
77.2243,-42.2147,25
77.2243,-41.0322,174
77.2243,-38.667,116
77.2243,-35.1193,12
77.2243,-33.9368,203
77.2243,-32.7542,1
77.2243,-31.5717,48
77.2243,-30.3891,133
77.2243,-29.2065,118
77.2243,-28.024,88
77.2243,-26.8414,107
77.2243,-25.6588,50
77.2243,-24.4763,136
77.2243,-23.2937,179
77.2243,-22.1111,56
77.2243,-20.9286,30
77.2243,-18.5634,26
77.2243,-17.3809,24
77.2243,-16.1983,101
77.2243,-15.0157,221
77.2243,-13.8332,135
77.2243,-12.6506,148
77.2243,-11.4681,94
77.2243,-10.2855,12
77.2243,-9.1029,3
77.2243,-7.9204,14
77.2243,-6.7378,82
77.2243,-4.3727,22
77.2243,-3.1901,49
77.2243,-2.0075,71
77.2243,-0.825,20
77.2243,2.7227,52
77.2243,3.9053,206
77.2243,5.0879,164
77.2243,6.2704,124
77.2243,7.453,84
77.2243,8.6355,36
77.2243,13.3658,76
77.2243,14.5484,63
77.2243,16.9135,37
77.2243,20.4612,32
77.2243,21.6438,67
77.2243,22.8263,64
77.2243,25.1915,39
77.2243,26.374,88
77.2243,27.5566,131
77.2243,28.7392,87
77.2243,29.9217,97
77.2243,32.2868,75
77.2243,33.4694,90
77.2243,34.652,97
77.2243,35.8345,106
77.2243,37.0171,71
77.2243,39.3822,24
77.2243,40.5648,72
77.2243,41.7474,7
77.2243,42.9299,4
77.2243,44.1125,89
77.2243,45.2951,39
77.2243,46.4776,8
77.2243,47.6602,88
77.2243,48.8428,32
77.2243,51.2079,116
77.2243,53.573,43
77.2243,54.7556,109
77.2243,55.9381,108
77.2243,57.1207,39
77.2243,58.3033,38
77.2243,59.4858,106
77.2243,60.6684,64
77.2243,61.851,76
77.2243,64.2161,56
77.2243,65.3987,8
77.2243,66.5812,3
77.2243,67.7638,112
77.2243,68.9464,59
77.2243,71.3115,56
77.2243,72.4941,102
77.2243,74.8592,118
77.2243,77.2243,116
77.2243,79.5894,87
77.2243,84.3197,116
77.2243,89.05,116
77.2243,91.4151,85
77.2243,97.3279,116
78.4069,-78.8742,87
78.4069,-76.5091,115
78.4069,-72.9614,148
78.4069,-68.2312,148
78.4069,-63.5009,116
78.4069,-59.9532,167
78.4069,-58.7706,94
78.4069,-52.8578,116
78.4069,-49.3101,125
78.4069,-48.1276,136
78.4069,-45.7624,50
78.4069,-43.3973,229
78.4069,-42.2147,7
78.4069,-41.0322,67
78.4069,-37.4845,174
78.4069,-35.1193,30
78.4069,-33.9368,55
78.4069,-32.7542,6
78.4069,-31.5717,28
78.4069,-30.3891,124
78.4069,-29.2065,103
78.4069,-28.024,87
78.4069,-26.8414,65
78.4069,-25.6588,43
78.4069,-24.4763,50
78.4069,-23.2937,76
78.4069,-22.1111,117
78.4069,-20.9286,19
78.4069,-19.746,121
78.4069,-18.5634,2
78.4069,-17.3809,18
78.4069,-16.1983,114
78.4069,-15.0157,64
78.4069,-13.8332,131
78.4069,-12.6506,33
78.4069,-11.4681,87
78.4069,-10.2855,272
78.4069,-9.1029,148
78.4069,-7.9204,65
78.4069,-4.3727,57
78.4069,-3.1901,12
78.4069,0.3576,7
78.4069,1.5402,153
78.4069,2.7227,6
78.4069,3.9053,71
78.4069,5.0879,99
78.4069,6.2704,122
78.4069,7.453,83
78.4069,9.8181,74
78.4069,11.0007,59
78.4069,12.1832,20
78.4069,13.3658,119
78.4069,14.5484,297
78.4069,16.9135,22
78.4069,18.0961,92
78.4069,19.2786,120
78.4069,20.4612,87
78.4069,21.6438,156
78.4069,22.8263,88
78.4069,24.0089,98
78.4069,25.1915,32
78.4069,26.374,39
78.4069,27.5566,60
78.4069,28.7392,157
78.4069,29.9217,50
78.4069,31.1043,62
78.4069,32.2868,28
78.4069,33.4694,155
78.4069,34.652,100
78.4069,35.8345,80
78.4069,37.0171,10
78.4069,38.1997,24
78.4069,39.3822,130
78.4069,40.5648,81
78.4069,41.7474,95
78.4069,42.9299,60
78.4069,44.1125,32
78.4069,45.2951,45
78.4069,48.8428,80
78.4069,51.2079,116
78.4069,52.3904,6
78.4069,53.573,40
78.4069,54.7556,36
78.4069,55.9381,88
78.4069,57.1207,120
78.4069,58.3033,81
78.4069,59.4858,62
78.4069,60.6684,64
78.4069,61.851,28
78.4069,63.0335,40
78.4069,64.2161,69
78.4069,65.3987,16
78.4069,66.5812,113
78.4069,67.7638,174
78.4069,68.9464,89
78.4069,70.1289,47
78.4069,81.9546,116
78.4069,92.5977,70
78.4069,93.7802,56
79.5894,-100.1604,87
79.5894,-96.6127,116
79.5894,-91.8825,174
79.5894,-89.5173,58
79.5894,-88.3348,116
79.5894,-84.7871,174
79.5894,-81.2394,63
79.5894,-76.5091,146
79.5894,-74.144,112
79.5894,-72.9614,1
79.5894,-70.5963,174
79.5894,-67.0486,30
79.5894,-65.866,231
79.5894,-62.3183,29
79.5894,-61.1358,92
79.5894,-57.5881,58
79.5894,-56.4055,116
79.5894,-55.223,94
79.5894,-54.0404,167
79.5894,-51.6753,190
79.5894,-50.4927,71
79.5894,-46.945,116
79.5894,-44.5799,116
79.5894,-41.0322,194
79.5894,-38.667,174
79.5894,-36.3019,44
79.5894,-35.1193,74
79.5894,-33.9368,104
79.5894,-32.7542,6
79.5894,-31.5717,116
79.5894,-30.3891,191
79.5894,-29.2065,75
79.5894,-28.024,75
79.5894,-26.8414,83
79.5894,-25.6588,114
79.5894,-24.4763,86
79.5894,-23.2937,170
79.5894,-22.1111,195
79.5894,-20.9286,24
79.5894,-17.3809,10
79.5894,-16.1983,70
79.5894,-15.0157,90
79.5894,-13.8332,148
79.5894,-12.6506,52
79.5894,-11.4681,72
79.5894,-10.2855,129
79.5894,-9.1029,12
79.5894,-6.7378,8
79.5894,-5.5552,9
79.5894,-4.3727,292
79.5894,-3.1901,81
79.5894,-2.0075,165
79.5894,0.3576,134
79.5894,1.5402,140
79.5894,2.7227,72
79.5894,6.2704,15
79.5894,7.453,21
79.5894,9.8181,219
79.5894,11.0007,225
79.5894,12.1832,10
79.5894,13.3658,40
79.5894,14.5484,156
79.5894,15.7309,13
79.5894,16.9135,50
79.5894,18.0961,74
79.5894,19.2786,134
79.5894,20.4612,119
79.5894,21.6438,100
79.5894,22.8263,98
79.5894,24.0089,108
79.5894,25.1915,89
79.5894,27.5566,18
79.5894,29.9217,39
79.5894,31.1043,61
79.5894,32.2868,11
79.5894,33.4694,109
79.5894,34.652,50
79.5894,35.8345,50
79.5894,37.0171,24
79.5894,38.1997,48
79.5894,39.3822,142
79.5894,40.5648,151
79.5894,41.7474,63
79.5894,42.9299,104
79.5894,44.1125,9
79.5894,45.2951,270
79.5894,46.4776,125
79.5894,47.6602,32
79.5894,48.8428,21
79.5894,50.0253,75
79.5894,52.3904,80
79.5894,54.7556,5
79.5894,55.9381,43
79.5894,57.1207,72
79.5894,58.3033,48
79.5894,59.4858,42
79.5894,60.6684,40
79.5894,63.0335,48
79.5894,64.2161,61
79.5894,66.5812,80
79.5894,67.7638,109
79.5894,68.9464,207
79.5894,70.1289,89
79.5894,73.6766,174
79.5894,74.8592,87
79.5894,77.2243,61
79.5894,78.4069,87
79.5894,80.772,116
79.5894,84.3197,116
79.5894,86.6848,116
79.5894,90.2325,116
79.5894,92.5977,38
79.5894,93.7802,112
79.5894,94.9628,17
79.5894,99.693,116
80.772,-87.1522,27
80.772,-81.2394,111
80.772,-78.8742,82
80.772,-77.6917,23
80.772,-68.2312,116
80.772,-63.5009,87
80.772,-61.1358,140
80.772,-58.7706,174
80.772,-49.3101,174
80.772,-43.3973,116
80.772,-36.3019,2
80.772,-35.1193,169
80.772,-33.9368,90
80.772,-32.7542,32
80.772,-31.5717,185
80.772,-30.3891,106
80.772,-29.2065,95
80.772,-28.024,82
80.772,-26.8414,56
80.772,-25.6588,78
80.772,-24.4763,146
80.772,-23.2937,136
80.772,-22.1111,33
80.772,-20.9286,5
80.772,-17.3809,12
80.772,-16.1983,172
80.772,-15.0157,78
80.772,-13.8332,125
80.772,-12.6506,97
80.772,-11.4681,49
80.772,-10.2855,68
80.772,-7.9204,8
80.772,-6.7378,328
80.772,-5.5552,9
80.772,-4.3727,122
80.772,-3.1901,71
80.772,-2.0075,127
80.772,-0.825,7
80.772,0.3576,6
80.772,1.5402,26
80.772,2.7227,104
80.772,5.0879,22
80.772,6.2704,18
80.772,7.453,20
80.772,9.8181,47
80.772,11.0007,2
80.772,16.9135,32
80.772,18.0961,97
80.772,19.2786,146
80.772,20.4612,41
80.772,21.6438,160
80.772,22.8263,62
80.772,24.0089,106
80.772,25.1915,32
80.772,26.374,48
80.772,27.5566,48
80.772,29.9217,12
80.772,31.1043,18
80.772,33.4694,59
80.772,34.652,10
80.772,35.8345,59
80.772,38.1997,32
80.772,39.3822,57
80.772,40.5648,165
80.772,41.7474,115
80.772,42.9299,70
80.772,44.1125,91
80.772,45.2951,154
80.772,46.4776,47
80.772,47.6602,43
80.772,51.2079,138
80.772,53.573,146
80.772,54.7556,10
80.772,55.9381,74
80.772,57.1207,17
80.772,58.3033,40
80.772,59.4858,40
80.772,60.6684,40
80.772,61.851,80
80.772,64.2161,40
80.772,65.3987,16
80.772,66.5812,36
80.772,67.7638,103
80.772,68.9464,85
80.772,70.1289,32
80.772,71.3115,32
80.772,74.8592,87
80.772,77.2243,26
80.772,83.1371,2
80.772,94.9628,47
81.9546,-94.2476,116
81.9546,-87.1522,60
81.9546,-83.6045,174
81.9546,-78.8742,156
81.9546,-75.3266,183
81.9546,-72.9614,174
81.9546,-67.0486,110
81.9546,-64.6835,87
81.9546,-63.5009,113
81.9546,-62.3183,1
81.9546,-56.4055,174
81.9546,-54.0404,41
81.9546,-52.8578,77
81.9546,-51.6753,116
81.9546,-46.945,174
81.9546,-44.5799,174
81.9546,-41.0322,174
81.9546,-39.8496,116
81.9546,-37.4845,261
81.9546,-33.9368,1
81.9546,-32.7542,79
81.9546,-31.5717,79
81.9546,-30.3891,71
81.9546,-29.2065,52
81.9546,-28.024,39
81.9546,-26.8414,40
81.9546,-25.6588,128
81.9546,-24.4763,235
81.9546,-23.2937,178
81.9546,-22.1111,35
81.9546,-20.9286,108
81.9546,-19.746,45
81.9546,-18.5634,15
81.9546,-17.3809,65
81.9546,-16.1983,161
81.9546,-15.0157,146
81.9546,-13.8332,163
81.9546,-12.6506,182
81.9546,-11.4681,180
81.9546,-10.2855,38
81.9546,-7.9204,105
81.9546,-6.7378,61
81.9546,-5.5552,38
81.9546,-4.3727,9
81.9546,-3.1901,69
81.9546,-2.0075,7
81.9546,-0.825,24
81.9546,0.3576,124
81.9546,1.5402,10
81.9546,3.9053,31
81.9546,5.0879,228
81.9546,6.2704,291
81.9546,7.453,27
81.9546,9.8181,115
81.9546,11.0007,42
81.9546,12.1832,18
81.9546,13.3658,115
81.9546,14.5484,76
81.9546,16.9135,44
81.9546,18.0961,57
81.9546,19.2786,106
81.9546,20.4612,92
81.9546,21.6438,48
81.9546,22.8263,72
81.9546,24.0089,105
81.9546,25.1915,10
81.9546,26.374,96
81.9546,28.7392,64
81.9546,29.9217,216
81.9546,31.1043,204
81.9546,32.2868,38
81.9546,33.4694,20
81.9546,37.0171,24
81.9546,38.1997,54
81.9546,39.3822,8
81.9546,40.5648,127
81.9546,41.7474,69
81.9546,42.9299,96
81.9546,44.1125,46
81.9546,45.2951,99
81.9546,46.4776,36
81.9546,47.6602,61
81.9546,48.8428,96
81.9546,54.7556,46
81.9546,55.9381,4
81.9546,57.1207,111
81.9546,59.4858,40
81.9546,60.6684,68
81.9546,63.0335,69
81.9546,64.2161,77
81.9546,65.3987,25
81.9546,66.5812,53
81.9546,67.7638,24
81.9546,68.9464,56
81.9546,71.3115,17
81.9546,72.4941,91
81.9546,76.0417,87
81.9546,78.4069,87
81.9546,80.772,116
81.9546,83.1371,114
81.9546,85.5023,87
81.9546,87.8674,87
81.9546,91.4151,34
81.9546,97.3279,116
83.1371,-97.7953,87
83.1371,-91.8825,87
83.1371,-89.5173,89
83.1371,-88.3348,85
83.1371,-81.2394,116
83.1371,-75.3266,78
83.1371,-70.5963,174
83.1371,-67.0486,64
83.1371,-63.5009,2
83.1371,-61.1358,174
83.1371,-58.7706,115
83.1371,-57.5881,1
83.1371,-54.0404,143
83.1371,-49.3101,261
83.1371,-45.7624,27
83.1371,-43.3973,177
83.1371,-39.8496,97
83.1371,-35.1193,10
83.1371,-33.9368,20
83.1371,-32.7542,174
83.1371,-31.5717,113
83.1371,-30.3891,49
83.1371,-29.2065,56
83.1371,-28.024,182
83.1371,-26.8414,19
83.1371,-25.6588,17
83.1371,-24.4763,75
83.1371,-23.2937,133
83.1371,-22.1111,37
83.1371,-18.5634,25
83.1371,-17.3809,9
83.1371,-16.1983,10
83.1371,-15.0157,255
83.1371,-13.8332,169
83.1371,-12.6506,148
83.1371,-11.4681,104
83.1371,-10.2855,1
83.1371,-7.9204,195
83.1371,-6.7378,116
83.1371,-5.5552,5
83.1371,-4.3727,67
83.1371,-3.1901,43
83.1371,-2.0075,10
83.1371,-0.825,103
83.1371,0.3576,273
83.1371,1.5402,75
83.1371,2.7227,22
83.1371,5.0879,79
83.1371,6.2704,76
83.1371,9.8181,81
83.1371,11.0007,70
83.1371,12.1832,99
83.1371,13.3658,24
83.1371,14.5484,199
83.1371,15.7309,24
83.1371,18.0961,65
83.1371,19.2786,32
83.1371,20.4612,124
83.1371,22.8263,56
83.1371,24.0089,21
83.1371,25.1915,72
83.1371,26.374,72
83.1371,28.7392,44
83.1371,29.9217,107
83.1371,31.1043,75
83.1371,32.2868,218
83.1371,33.4694,131
83.1371,35.8345,24
83.1371,37.0171,63
83.1371,38.1997,131
83.1371,39.3822,1
83.1371,40.5648,55
83.1371,41.7474,61
83.1371,42.9299,48
83.1371,44.1125,28
83.1371,45.2951,63
83.1371,46.4776,28
83.1371,47.6602,65
83.1371,50.0253,69
83.1371,51.2079,64
83.1371,52.3904,64
83.1371,54.7556,64
83.1371,55.9381,35
83.1371,57.1207,31
83.1371,59.4858,13
83.1371,60.6684,117
83.1371,63.0335,69
83.1371,65.3987,100
83.1371,66.5812,41
83.1371,67.7638,30
83.1371,68.9464,33
83.1371,70.1289,33
83.1371,72.4941,50
83.1371,74.8592,87
83.1371,78.4069,86
83.1371,79.5894,1
83.1371,83.1371,87
83.1371,91.4151,82
84.3197,-85.9696,173
84.3197,-84.7871,1
84.3197,-82.4219,47
84.3197,-81.2394,11
84.3197,-78.8742,116
84.3197,-77.6917,58
84.3197,-72.9614,174
84.3197,-68.2312,10
84.3197,-65.866,145
84.3197,-64.6835,116
84.3197,-62.3183,128
84.3197,-59.9532,87
84.3197,-56.4055,174
84.3197,-51.6753,174
84.3197,-48.1276,116
84.3197,-45.7624,147
84.3197,-43.3973,55
84.3197,-42.2147,29
84.3197,-39.8496,164
84.3197,-37.4845,174
84.3197,-35.1193,8
84.3197,-33.9368,219
84.3197,-32.7542,322
84.3197,-31.5717,178
84.3197,-30.3891,33
84.3197,-29.2065,38
84.3197,-28.024,262
84.3197,-26.8414,160
84.3197,-25.6588,25
84.3197,-24.4763,5
84.3197,-23.2937,13
84.3197,-19.746,39
84.3197,-18.5634,35
84.3197,-15.0157,2
84.3197,-13.8332,37
84.3197,-12.6506,18
84.3197,-7.9204,10
84.3197,-6.7378,21
84.3197,-5.5552,59
84.3197,-4.3727,36
84.3197,-3.1901,18
84.3197,-2.0075,24
84.3197,-0.825,221
84.3197,0.3576,77
84.3197,1.5402,54
84.3197,2.7227,21
84.3197,5.0879,16
84.3197,6.2704,49
84.3197,7.453,14
84.3197,8.6355,22
84.3197,9.8181,72
84.3197,11.0007,216
84.3197,12.1832,96
84.3197,13.3658,195
84.3197,14.5484,157
84.3197,15.7309,82
84.3197,18.0961,95
84.3197,19.2786,52
84.3197,20.4612,36
84.3197,21.6438,108
84.3197,22.8263,89
84.3197,24.0089,107
84.3197,25.1915,34
84.3197,28.7392,187
84.3197,29.9217,39
84.3197,31.1043,62
84.3197,32.2868,48
84.3197,33.4694,57
84.3197,35.8345,24
84.3197,37.0171,137
84.3197,38.1997,16
84.3197,39.3822,84
84.3197,40.5648,65
84.3197,41.7474,63
84.3197,42.9299,56
84.3197,44.1125,53
84.3197,45.2951,47
84.3197,46.4776,32
84.3197,47.6602,3
84.3197,48.8428,64
84.3197,51.2079,31
84.3197,52.3904,16
84.3197,53.573,64
84.3197,54.7556,64
84.3197,57.1207,196
84.3197,58.3033,2
84.3197,60.6684,69
84.3197,61.851,69
84.3197,63.0335,49
84.3197,64.2161,27
84.3197,65.3987,33
84.3197,67.7638,7
84.3197,68.9464,41
84.3197,72.4941,66
84.3197,77.2243,87
84.3197,81.9546,116
84.3197,85.5023,69
84.3197,86.6848,47
84.3197,89.05,116
84.3197,93.7802,109
84.3197,94.9628,7
85.5023,-95.4302,116
85.5023,-75.3266,174
85.5023,-70.5963,116
85.5023,-68.2312,164
85.5023,-62.3183,46
85.5023,-61.1358,10
85.5023,-57.5881,174
85.5023,-54.0404,116
85.5023,-49.3101,174
85.5023,-46.945,85
85.5023,-44.5799,186
85.5023,-42.2147,80
85.5023,-41.0322,36
85.5023,-35.1193,1
85.5023,-33.9368,64
85.5023,-32.7542,125
85.5023,-31.5717,81
85.5023,-30.3891,60
85.5023,-29.2065,125
85.5023,-28.024,64
85.5023,-26.8414,136
85.5023,-25.6588,56
85.5023,-24.4763,3
85.5023,-23.2937,18
85.5023,-22.1111,3
85.5023,-20.9286,38
85.5023,-19.746,40
85.5023,-18.5634,33
85.5023,-17.3809,59
85.5023,-16.1983,19
85.5023,-15.0157,23
85.5023,-9.1029,91
85.5023,-7.9204,71
85.5023,-6.7378,52
85.5023,-5.5552,79
85.5023,-4.3727,293
85.5023,-3.1901,16
85.5023,-0.825,53
85.5023,0.3576,55
85.5023,1.5402,126
85.5023,2.7227,182
85.5023,5.0879,119
85.5023,6.2704,239
85.5023,7.453,44
85.5023,8.6355,22
85.5023,9.8181,66
85.5023,11.0007,212
85.5023,12.1832,195
85.5023,13.3658,38
85.5023,14.5484,45
85.5023,15.7309,7
85.5023,16.9135,48
85.5023,18.0961,48
85.5023,19.2786,12
85.5023,20.4612,113
85.5023,21.6438,129
85.5023,22.8263,156
85.5023,24.0089,124
85.5023,25.1915,36
85.5023,26.374,48
85.5023,28.7392,12
85.5023,34.652,22
85.5023,35.8345,91
85.5023,37.0171,138
85.5023,38.1997,179
85.5023,39.3822,139
85.5023,40.5648,64
85.5023,41.7474,56
85.5023,42.9299,16
85.5023,44.1125,49
85.5023,45.2951,88
85.5023,47.6602,67
85.5023,48.8428,64
85.5023,50.0253,60
85.5023,51.2079,53
85.5023,52.3904,96
85.5023,54.7556,64
85.5023,55.9381,47
85.5023,57.1207,26
85.5023,58.3033,22
85.5023,59.4858,69
85.5023,64.2161,82
85.5023,65.3987,94
85.5023,66.5812,3
85.5023,67.7638,42
85.5023,68.9464,66
85.5023,70.1289,57
85.5023,71.3115,66
85.5023,74.8592,87
85.5023,79.5894,116
85.5023,91.4151,87
86.6848,-91.8825,58
86.6848,-90.6999,116
86.6848,-88.3348,87
86.6848,-83.6045,116
86.6848,-81.2394,116
86.6848,-72.9614,142
86.6848,-65.866,116
86.6848,-63.5009,87
86.6848,-61.1358,77
86.6848,-59.9532,116
86.6848,-55.223,174
86.6848,-52.8578,174
86.6848,-46.945,89
86.6848,-44.5799,33
86.6848,-43.3973,42
86.6848,-41.0322,58
86.6848,-39.8496,59
86.6848,-38.667,115
86.6848,-36.3019,174
86.6848,-33.9368,3
86.6848,-32.7542,15
86.6848,-31.5717,206
86.6848,-30.3891,156
86.6848,-29.2065,115
86.6848,-28.024,62
86.6848,-24.4763,22
86.6848,-23.2937,31
86.6848,-22.1111,139
86.6848,-20.9286,191
86.6848,-19.746,45
86.6848,-18.5634,169
86.6848,-17.3809,203
86.6848,-16.1983,32
86.6848,-15.0157,34
86.6848,-13.8332,94
86.6848,-12.6506,32
86.6848,-10.2855,10
86.6848,-9.1029,180
86.6848,-7.9204,133
86.6848,-6.7378,66
86.6848,-5.5552,52
86.6848,-4.3727,225
86.6848,-3.1901,8
86.6848,-2.0075,87
86.6848,-0.825,20
86.6848,0.3576,102
86.6848,1.5402,122
86.6848,2.7227,90
86.6848,5.0879,60
86.6848,6.2704,153
86.6848,7.453,22
86.6848,9.8181,12
86.6848,11.0007,54
86.6848,12.1832,102
86.6848,13.3658,8
86.6848,15.7309,30
86.6848,18.0961,44
86.6848,19.2786,4
86.6848,20.4612,129
86.6848,21.6438,198
86.6848,22.8263,84
86.6848,24.0089,56
86.6848,25.1915,48
86.6848,27.5566,204
86.6848,28.7392,33
86.6848,29.9217,56
86.6848,31.1043,104
86.6848,32.2868,11
86.6848,34.652,32
86.6848,35.8345,114
86.6848,37.0171,54
86.6848,38.1997,68
86.6848,39.3822,118
86.6848,40.5648,114
86.6848,41.7474,47
86.6848,42.9299,64
86.6848,44.1125,67
86.6848,45.2951,21
86.6848,47.6602,8
86.6848,48.8428,75
86.6848,50.0253,111
86.6848,51.2079,17
86.6848,52.3904,40
86.6848,53.573,157
86.6848,54.7556,111
86.6848,55.9381,4
86.6848,57.1207,7
86.6848,58.3033,97
86.6848,59.4858,67
86.6848,60.6684,12
86.6848,61.851,146
86.6848,63.0335,39
86.6848,64.2161,4
86.6848,65.3987,144
86.6848,66.5812,15
86.6848,67.7638,66
86.6848,68.9464,2
86.6848,70.1289,68
86.6848,71.3115,49
86.6848,72.4941,66
86.6848,73.6766,33
86.6848,77.2243,114
86.6848,84.3197,116
86.6848,86.6848,49
86.6848,87.8674,20
86.6848,93.7802,1
87.8674,-78.8742,64
87.8674,-77.6917,110
87.8674,-72.9614,32
87.8674,-70.5963,116
87.8674,-68.2312,116
87.8674,-62.3183,113
87.8674,-57.5881,174
87.8674,-50.4927,174
87.8674,-48.1276,174
87.8674,-45.7624,234
87.8674,-43.3973,1
87.8674,-42.2147,171
87.8674,-39.8496,87
87.8674,-37.4845,116
87.8674,-35.1193,87
87.8674,-29.2065,7
87.8674,-25.6588,116
87.8674,-23.2937,6
87.8674,-22.1111,158
87.8674,-20.9286,93
87.8674,-19.746,33
87.8674,-18.5634,36
87.8674,-17.3809,21
87.8674,-16.1983,59
87.8674,-15.0157,91
87.8674,-13.8332,159
87.8674,-12.6506,146
87.8674,-11.4681,25
87.8674,-9.1029,43
87.8674,-7.9204,145
87.8674,-6.7378,111
87.8674,-5.5552,54
87.8674,-4.3727,15
87.8674,14.5484,48
87.8674,15.7309,83
87.8674,16.9135,16
87.8674,18.0961,44
87.8674,22.8263,25
87.8674,24.0089,48
87.8674,27.5566,199
87.8674,29.9217,216
87.8674,31.1043,201
87.8674,32.2868,240
87.8674,35.8345,90
87.8674,37.0171,128
87.8674,38.1997,145
87.8674,39.3822,111
87.8674,40.5648,99
87.8674,41.7474,33
87.8674,42.9299,64
87.8674,45.2951,84
87.8674,47.6602,80
87.8674,48.8428,78
87.8674,50.0253,83
87.8674,51.2079,83
87.8674,52.3904,40
87.8674,53.573,54
87.8674,54.7556,112
87.8674,55.9381,32
87.8674,57.1207,51
87.8674,58.3033,4
87.8674,59.4858,7
87.8674,63.0335,73
87.8674,67.7638,92
87.8674,68.9464,99
87.8674,70.1289,203
87.8674,71.3115,50
87.8674,72.4941,42
87.8674,77.2243,2
87.8674,81.9546,116
87.8674,86.6848,31
87.8674,87.8674,116
87.8674,93.7802,86
89.05,-85.9696,152
89.05,-84.7871,22
89.05,-82.4219,59
89.05,-81.2394,115
89.05,-76.5091,61
89.05,-75.3266,113
89.05,-67.0486,116
89.05,-64.6835,174
89.05,-62.3183,61
89.05,-59.9532,116
89.05,-55.223,65
89.05,-54.0404,109
89.05,-52.8578,87
89.05,-45.7624,27
89.05,-43.3973,80
89.05,-42.2147,9
89.05,-36.3019,116
89.05,-32.7542,116
89.05,-23.2937,57
89.05,-22.1111,30
89.05,-20.9286,113
89.05,-19.746,87
89.05,-18.5634,281
89.05,-17.3809,72
89.05,-16.1983,85
89.05,-15.0157,128
89.05,-13.8332,86
89.05,-12.6506,221
89.05,-11.4681,45
89.05,-10.2855,40
89.05,-9.1029,40
89.05,-7.9204,21
89.05,-6.7378,91
89.05,-5.5552,10
89.05,-3.1901,45
89.05,-2.0075,125
89.05,-0.825,40
89.05,0.3576,30
89.05,1.5402,22
89.05,2.7227,102
89.05,3.9053,53
89.05,7.453,200
89.05,8.6355,33
89.05,9.8181,133
89.05,11.0007,116
89.05,13.3658,44
89.05,14.5484,148
89.05,15.7309,39
89.05,16.9135,136
89.05,18.0961,52
89.05,19.2786,17
89.05,20.4612,19
89.05,21.6438,24
89.05,22.8263,48
89.05,24.0089,44
89.05,25.1915,48
89.05,27.5566,2
89.05,29.9217,19
89.05,31.1043,24
89.05,32.2868,1
89.05,35.8345,16
89.05,37.0171,166
89.05,38.1997,57
89.05,39.3822,36
89.05,40.5648,47
89.05,41.7474,56
89.05,46.4776,64
89.05,47.6602,8
89.05,48.8428,112
89.05,50.0253,33
89.05,51.2079,64
89.05,52.3904,54
89.05,53.573,44
89.05,54.7556,80
89.05,57.1207,64
89.05,58.3033,60
89.05,59.4858,77
89.05,60.6684,195
89.05,61.851,5
89.05,64.2161,33
89.05,65.3987,25
89.05,66.5812,33
89.05,67.7638,69
89.05,68.9464,49
89.05,70.1289,164
89.05,71.3115,65
89.05,72.4941,49
89.05,74.8592,66
89.05,79.5894,87
89.05,84.3197,100
89.05,91.4151,85
90.2325,-89.5173,174
90.2325,-78.8742,116
90.2325,-72.9614,174
90.2325,-70.5963,1
90.2325,-69.4137,232
90.2325,-64.6835,46
90.2325,-58.7706,115
90.2325,-56.4055,116
90.2325,-50.4927,116
90.2325,-48.1276,174
90.2325,-44.5799,174
90.2325,-42.2147,87
90.2325,-41.0322,116
90.2325,-38.667,116
90.2325,-29.2065,3
90.2325,-28.024,75
90.2325,-26.8414,41
90.2325,-23.2937,17
90.2325,-22.1111,48
90.2325,-20.9286,265
90.2325,-19.746,99
90.2325,-18.5634,112
90.2325,-17.3809,144
90.2325,-16.1983,125
90.2325,-15.0157,165
90.2325,-13.8332,76
90.2325,-12.6506,142
90.2325,-11.4681,1
90.2325,-4.3727,30
90.2325,-3.1901,152
90.2325,-2.0075,263
90.2325,-0.825,92
90.2325,0.3576,30
90.2325,1.5402,46
90.2325,2.7227,202
90.2325,3.9053,140
90.2325,5.0879,22
90.2325,6.2704,8
90.2325,7.453,204
90.2325,8.6355,66
90.2325,9.8181,40
90.2325,11.0007,163
90.2325,13.3658,108
90.2325,14.5484,4
90.2325,15.7309,152
90.2325,16.9135,85
90.2325,18.0961,91
90.2325,19.2786,24
90.2325,20.4612,60
90.2325,21.6438,96
90.2325,22.8263,13
90.2325,24.0089,4
90.2325,25.1915,48
90.2325,26.374,38
90.2325,27.5566,64
90.2325,28.7392,28
90.2325,32.2868,28
90.2325,33.4694,28
90.2325,35.8345,48
90.2325,37.0171,8
90.2325,38.1997,64
90.2325,39.3822,32
90.2325,40.5648,8
90.2325,41.7474,24
90.2325,42.9299,82
90.2325,44.1125,109
90.2325,45.2951,87
90.2325,46.4776,64
90.2325,47.6602,45
90.2325,48.8428,43
90.2325,50.0253,50
90.2325,51.2079,126
90.2325,52.3904,74
90.2325,53.573,99
90.2325,54.7556,114
90.2325,55.9381,80
90.2325,58.3033,67
90.2325,59.4858,19
90.2325,60.6684,120
90.2325,63.0335,31
90.2325,64.2161,38
90.2325,66.5812,72
90.2325,67.7638,37
90.2325,68.9464,121
90.2325,70.1289,50
90.2325,71.3115,85
90.2325,72.4941,65
90.2325,73.6766,24
90.2325,77.2243,90
90.2325,80.772,49
90.2325,83.1371,51
91.4151,-70.5963,28
91.4151,-67.0486,64
91.4151,-64.6835,70
91.4151,-62.3183,174
91.4151,-58.7706,1
91.4151,-54.0404,174
91.4151,-51.6753,174
91.4151,-49.3101,11
91.4151,-39.8496,87
91.4151,-36.3019,38
91.4151,-35.1193,40
91.4151,-33.9368,16
91.4151,-32.7542,17
91.4151,-31.5717,99
91.4151,-30.3891,8
91.4151,-29.2065,215
91.4151,-28.024,301
91.4151,-26.8414,72
91.4151,-23.2937,86
91.4151,-22.1111,11
91.4151,-20.9286,88
91.4151,-19.746,154
91.4151,-18.5634,131
91.4151,-17.3809,34
91.4151,-16.1983,28
91.4151,-15.0157,30
91.4151,-13.8332,22
91.4151,-12.6506,4
91.4151,-10.2855,10
91.4151,-9.1029,186
91.4151,-7.9204,100
91.4151,-6.7378,33
91.4151,-4.3727,67
91.4151,-3.1901,74
91.4151,-2.0075,164
91.4151,-0.825,45
91.4151,0.3576,41
91.4151,1.5402,46
91.4151,2.7227,173
91.4151,3.9053,123
91.4151,7.453,139
91.4151,8.6355,183
91.4151,9.8181,28
91.4151,11.0007,12
91.4151,13.3658,63
91.4151,14.5484,62
91.4151,15.7309,113
91.4151,16.9135,56
91.4151,18.0961,92
91.4151,19.2786,12
91.4151,20.4612,91
91.4151,21.6438,144
91.4151,22.8263,155
91.4151,26.374,68
91.4151,27.5566,24
91.4151,28.7392,36
91.4151,29.9217,57
91.4151,31.1043,53
91.4151,32.2868,56
91.4151,33.4694,112
91.4151,34.652,32
91.4151,35.8345,56
91.4151,39.3822,99
91.4151,41.7474,50
91.4151,42.9299,6
91.4151,46.4776,56
91.4151,47.6602,8
91.4151,48.8428,60
91.4151,50.0253,77
91.4151,51.2079,91
91.4151,52.3904,56
91.4151,53.573,64
91.4151,54.7556,86
91.4151,55.9381,61
91.4151,57.1207,64
91.4151,58.3033,2
91.4151,59.4858,32
91.4151,61.851,10
91.4151,63.0335,64
91.4151,64.2161,3
91.4151,65.3987,32
91.4151,66.5812,33
91.4151,67.7638,87
91.4151,68.9464,96
91.4151,70.1289,163
91.4151,71.3115,117
91.4151,72.4941,46
91.4151,73.6766,66
91.4151,77.2243,50
91.4151,79.5894,42
91.4151,80.772,36
91.4151,83.1371,34
91.4151,87.8674,131
92.5977,-85.9696,174
92.5977,-82.4219,174
92.5977,-75.3266,216
92.5977,-71.7789,87
92.5977,-67.0486,110
92.5977,-64.6835,116
92.5977,-59.9532,174
92.5977,-57.5881,116
92.5977,-50.4927,116
92.5977,-49.3101,47
92.5977,-48.1276,173
92.5977,-45.7624,174
92.5977,-43.3973,38
92.5977,-42.2147,223
92.5977,-37.4845,9
92.5977,-36.3019,268
92.5977,-35.1193,126
92.5977,-33.9368,14
92.5977,-32.7542,14
92.5977,-31.5717,251
92.5977,-30.3891,91
92.5977,-29.2065,24
92.5977,-28.024,123
92.5977,-26.8414,7
92.5977,-25.6588,48
92.5977,-23.2937,12
92.5977,-22.1111,4
92.5977,-20.9286,49
92.5977,-19.746,226
92.5977,-18.5634,83
92.5977,-17.3809,93
92.5977,-16.1983,81
92.5977,-15.0157,43
92.5977,-13.8332,5
92.5977,-12.6506,87
92.5977,-10.2855,50
92.5977,-9.1029,101
92.5977,-7.9204,155
92.5977,-6.7378,170
92.5977,-5.5552,16
92.5977,-4.3727,15
92.5977,-3.1901,38
92.5977,-2.0075,156
92.5977,-0.825,82
92.5977,0.3576,41
92.5977,1.5402,106
92.5977,2.7227,69
92.5977,3.9053,27
92.5977,8.6355,19
92.5977,11.0007,36
92.5977,13.3658,63
92.5977,14.5484,168
92.5977,15.7309,217
92.5977,16.9135,98
92.5977,18.0961,48
92.5977,19.2786,24
92.5977,20.4612,86
92.5977,21.6438,152
92.5977,22.8263,98
92.5977,25.1915,36
92.5977,26.374,234
92.5977,27.5566,77
92.5977,28.7392,31
92.5977,29.9217,61
92.5977,31.1043,50
92.5977,32.2868,59
92.5977,33.4694,130
92.5977,34.652,202
92.5977,35.8345,56
92.5977,38.1997,50
92.5977,39.3822,1
92.5977,40.5648,25
92.5977,41.7474,50
92.5977,42.9299,49
92.5977,44.1125,50
92.5977,45.2951,40
92.5977,47.6602,5
92.5977,48.8428,133
92.5977,50.0253,60
92.5977,51.2079,40
92.5977,52.3904,56
92.5977,53.573,40
92.5977,54.7556,24
92.5977,55.9381,32
92.5977,57.1207,64
92.5977,58.3033,62
92.5977,59.4858,35
92.5977,60.6684,2
92.5977,61.851,64
92.5977,64.2161,68
92.5977,65.3987,1
92.5977,66.5812,14
92.5977,67.7638,51
92.5977,68.9464,56
92.5977,70.1289,78
92.5977,71.3115,28
92.5977,77.2243,95
92.5977,80.772,4
92.5977,81.9546,2
92.5977,84.3197,53
92.5977,87.8674,5
93.7802,-78.8742,174
93.7802,-75.3266,45
93.7802,-69.4137,116
93.7802,-62.3183,116
93.7802,-57.5881,78
93.7802,-55.223,174
93.7802,-52.8578,79
93.7802,-51.6753,95
93.7802,-48.1276,1
93.7802,-38.667,37
93.7802,-37.4845,53
93.7802,-36.3019,171
93.7802,-35.1193,133
93.7802,-33.9368,61
93.7802,-32.7542,20
93.7802,-31.5717,78
93.7802,-30.3891,179
93.7802,-29.2065,29
93.7802,-28.024,85
93.7802,-26.8414,3
93.7802,-25.6588,209
93.7802,-23.2937,42
93.7802,-19.746,5
93.7802,-18.5634,35
93.7802,-17.3809,182
93.7802,-16.1983,147
93.7802,-15.0157,70
93.7802,-10.2855,40
93.7802,-9.1029,43
93.7802,-7.9204,44
93.7802,-6.7378,61
93.7802,-5.5552,83
93.7802,-4.3727,42
93.7802,-3.1901,15
93.7802,-2.0075,15
93.7802,-0.825,30
93.7802,0.3576,30
93.7802,1.5402,11
93.7802,5.0879,1
93.7802,6.2704,49
93.7802,7.453,32
93.7802,8.6355,16
93.7802,11.0007,4
93.7802,13.3658,20
93.7802,14.5484,73
93.7802,15.7309,88
93.7802,16.9135,96
93.7802,18.0961,48
93.7802,19.2786,12
93.7802,20.4612,78
93.7802,21.6438,181
93.7802,22.8263,32
93.7802,25.1915,36
93.7802,26.374,95
93.7802,27.5566,73
93.7802,31.1043,70
93.7802,32.2868,98
93.7802,33.4694,87
93.7802,34.652,93
93.7802,35.8345,84
93.7802,38.1997,50
93.7802,39.3822,25
93.7802,40.5648,55
93.7802,41.7474,35
93.7802,42.9299,61
93.7802,44.1125,5
93.7802,45.2951,60
93.7802,46.4776,50
93.7802,48.8428,34
93.7802,50.0253,64
93.7802,51.2079,64
93.7802,52.3904,64
93.7802,54.7556,73
93.7802,55.9381,32
93.7802,58.3033,64
93.7802,60.6684,67
93.7802,63.0335,67
93.7802,70.1289,23
93.7802,76.0417,46
93.7802,77.2243,3
93.7802,78.4069,90
93.7802,81.9546,90
93.7802,84.3197,10
93.7802,85.5023,34
94.9628,-72.9614,174
94.9628,-67.0486,116
94.9628,-64.6835,116
94.9628,-61.1358,116
94.9628,-58.7706,58
94.9628,-57.5881,38
94.9628,-49.3101,116
94.9628,-48.1276,116
94.9628,-45.7624,135
94.9628,-44.5799,39
94.9628,-41.0322,116
94.9628,-38.667,33
94.9628,-37.4845,203
94.9628,-36.3019,119
94.9628,-35.1193,158
94.9628,-33.9368,63
94.9628,-32.7542,74
94.9628,-31.5717,128
94.9628,-30.3891,61
94.9628,-29.2065,104
94.9628,-28.024,92
94.9628,-26.8414,34
94.9628,-25.6588,82
94.9628,-24.4763,1
94.9628,-23.2937,30
94.9628,-20.9286,2
94.9628,-17.3809,1
94.9628,-16.1983,1
94.9628,-15.0157,4
94.9628,-12.6506,116
94.9628,-10.2855,90
94.9628,-9.1029,60
94.9628,-7.9204,57
94.9628,-6.7378,80
94.9628,-5.5552,40
94.9628,-3.1901,54
94.9628,-2.0075,69
94.9628,-0.825,70
94.9628,0.3576,11
94.9628,1.5402,85
94.9628,2.7227,16
94.9628,3.9053,111
94.9628,5.0879,157
94.9628,6.2704,78
94.9628,7.453,64
94.9628,8.6355,74
94.9628,9.8181,83
94.9628,11.0007,138
94.9628,12.1832,32
94.9628,14.5484,51
94.9628,15.7309,48
94.9628,18.0961,24
94.9628,19.2786,36
94.9628,20.4612,14
94.9628,21.6438,12
94.9628,24.0089,40
94.9628,25.1915,24
94.9628,26.374,114
94.9628,27.5566,155
94.9628,28.7392,54
94.9628,29.9217,42
94.9628,31.1043,48
94.9628,32.2868,28
94.9628,33.4694,25
94.9628,34.652,31
94.9628,35.8345,100
94.9628,38.1997,55
94.9628,39.3822,55
94.9628,41.7474,85
94.9628,42.9299,50
94.9628,44.1125,85
94.9628,45.2951,50
94.9628,50.0253,19
94.9628,51.2079,29
94.9628,52.3904,64
94.9628,53.573,98
94.9628,54.7556,45
94.9628,55.9381,48
94.9628,57.1207,67
94.9628,65.3987,120
94.9628,73.6766,100
94.9628,76.0417,4
94.9628,77.2243,54
94.9628,78.4069,61
96.1453,-84.7871,87
96.1453,-76.5091,116
96.1453,-70.5963,2
96.1453,-69.4137,85
96.1453,-63.5009,116
96.1453,-56.4055,116
96.1453,-54.0404,174
96.1453,-51.6753,118
96.1453,-42.2147,174
96.1453,-37.4845,70
96.1453,-36.3019,236
96.1453,-35.1193,159
96.1453,-33.9368,101
96.1453,-32.7542,135
96.1453,-31.5717,157
96.1453,-30.3891,102
96.1453,-29.2065,143
96.1453,-28.024,47
96.1453,-26.8414,25
96.1453,-25.6588,6
96.1453,-24.4763,38
96.1453,-23.2937,70
96.1453,-22.1111,83
96.1453,-20.9286,15
96.1453,-15.0157,80
96.1453,-13.8332,1
96.1453,-11.4681,20
96.1453,-10.2855,204
96.1453,-9.1029,155
96.1453,-7.9204,166
96.1453,-6.7378,84
96.1453,-5.5552,30
96.1453,-3.1901,111
96.1453,-2.0075,82
96.1453,-0.825,9
96.1453,0.3576,75
96.1453,1.5402,41
96.1453,2.7227,32
96.1453,3.9053,221
96.1453,5.0879,36
96.1453,6.2704,101
96.1453,7.453,23
96.1453,8.6355,87
96.1453,9.8181,75
96.1453,11.0007,86
96.1453,12.1832,74
96.1453,13.3658,8
96.1453,16.9135,36
96.1453,18.0961,16
96.1453,20.4612,92
96.1453,22.8263,40
96.1453,24.0089,38
96.1453,26.374,67
96.1453,27.5566,76
96.1453,28.7392,52
96.1453,29.9217,28
96.1453,31.1043,158
96.1453,32.2868,88
96.1453,33.4694,56
96.1453,34.652,84
96.1453,35.8345,56
96.1453,38.1997,50
96.1453,39.3822,50
96.1453,47.6602,184
96.1453,60.6684,158
96.1453,63.0335,20
96.1453,64.2161,100
96.1453,68.9464,78
96.1453,73.6766,50
96.1453,74.8592,72
96.1453,76.0417,42
96.1453,83.1371,1
96.1453,84.3197,50
97.3279,-81.2394,116
97.3279,-77.6917,58
97.3279,-70.5963,91
97.3279,-68.2312,87
97.3279,-65.866,116
97.3279,-58.7706,116
97.3279,-51.6753,56
97.3279,-49.3101,174
97.3279,-46.945,174
97.3279,-44.5799,87
97.3279,-41.0322,174
97.3279,-36.3019,17
97.3279,-35.1193,62
97.3279,-33.9368,80
97.3279,-32.7542,71
97.3279,-31.5717,114
97.3279,-30.3891,115
97.3279,-29.2065,42
97.3279,-28.024,33
97.3279,-26.8414,68
97.3279,-25.6588,23
97.3279,-24.4763,19
97.3279,-23.2937,54
97.3279,-22.1111,26
97.3279,-20.9286,25
97.3279,-19.746,163
97.3279,-18.5634,9
97.3279,-13.8332,115
97.3279,-9.1029,43
97.3279,-4.3727,114
97.3279,-3.1901,42
97.3279,-2.0075,50
97.3279,-0.825,60
97.3279,0.3576,18
97.3279,1.5402,78
97.3279,2.7227,30
97.3279,3.9053,74
97.3279,5.0879,190
97.3279,6.2704,33
97.3279,7.453,48
97.3279,8.6355,88
97.3279,9.8181,94
97.3279,11.0007,126
97.3279,12.1832,242
97.3279,14.5484,16
97.3279,16.9135,22
97.3279,18.0961,62
97.3279,19.2786,23
97.3279,20.4612,38
97.3279,21.6438,52
97.3279,22.8263,104
97.3279,25.1915,78
97.3279,27.5566,41
97.3279,28.7392,12
97.3279,31.1043,112
97.3279,32.2868,53
97.3279,33.4694,59
97.3279,34.652,112
97.3279,35.8345,28
97.3279,38.1997,100
97.3279,39.3822,50
97.3279,41.7474,124
97.3279,44.1125,130
97.3279,45.2951,6
97.3279,46.4776,90
97.3279,48.8428,60
97.3279,50.0253,5
97.3279,52.3904,67
97.3279,53.573,9
97.3279,57.1207,97
97.3279,58.3033,42
97.3279,59.4858,71
97.3279,61.851,61
97.3279,63.0335,14
97.3279,67.7638,112
97.3279,71.3115,96
97.3279,78.4069,41
97.3279,79.5894,55
97.3279,83.1371,103
98.5105,-74.144,174
98.5105,-70.5963,25
98.5105,-63.5009,53
98.5105,-61.1358,116
98.5105,-56.4055,174
98.5105,-52.8578,174
98.5105,-43.3973,116
98.5105,-38.667,87
98.5105,-35.1193,19
98.5105,-33.9368,61
98.5105,-32.7542,51
98.5105,-31.5717,101
98.5105,-30.3891,89
98.5105,-29.2065,93
98.5105,-28.024,145
98.5105,-26.8414,98
98.5105,-25.6588,125
98.5105,-24.4763,2
98.5105,-23.2937,15
98.5105,-22.1111,4
98.5105,-20.9286,135
98.5105,-19.746,168
98.5105,-18.5634,208
98.5105,-17.3809,134
98.5105,-16.1983,10
98.5105,-15.0157,42
98.5105,-12.6506,105
98.5105,-11.4681,30
98.5105,-10.2855,60
98.5105,-6.7378,157
98.5105,-4.3727,44
98.5105,-3.1901,32
98.5105,-2.0075,44
98.5105,-0.825,85
98.5105,0.3576,16
98.5105,1.5402,54
98.5105,2.7227,8
98.5105,3.9053,155
98.5105,5.0879,71
98.5105,6.2704,24
98.5105,7.453,44
98.5105,8.6355,96
98.5105,9.8181,123
98.5105,11.0007,22
98.5105,12.1832,116
98.5105,15.7309,22
98.5105,16.9135,127
98.5105,18.0961,139
98.5105,19.2786,123
98.5105,20.4612,8
98.5105,24.0089,38
98.5105,26.374,68
98.5105,27.5566,23
98.5105,28.7392,28
98.5105,29.9217,56
98.5105,31.1043,56
98.5105,32.2868,84
98.5105,33.4694,112
98.5105,34.652,28
98.5105,37.0171,52
98.5105,41.7474,66
98.5105,45.2951,96
98.5105,47.6602,80
98.5105,50.0253,139
98.5105,51.2079,28
98.5105,52.3904,61
98.5105,54.7556,190
98.5105,58.3033,78
98.5105,59.4858,102
98.5105,60.6684,4
98.5105,64.2161,110
98.5105,65.3987,56
98.5105,72.4941,50
98.5105,73.6766,43
98.5105,77.2243,25
98.5105,78.4069,55
99.693,-78.8742,116
99.693,-67.0486,87
99.693,-63.5009,121
99.693,-58.7706,116
99.693,-50.4927,116
99.693,-48.1276,134
99.693,-45.7624,174
99.693,-41.0322,116
99.693,-33.9368,108
99.693,-32.7542,42
99.693,-31.5717,34
99.693,-30.3891,119
99.693,-29.2065,121
99.693,-28.024,134
99.693,-26.8414,153
99.693,-25.6588,103
99.693,-24.4763,5
99.693,-23.2937,26
99.693,-22.1111,12
99.693,-20.9286,197
99.693,-19.746,171
99.693,-18.5634,139
99.693,-17.3809,57
99.693,-16.1983,13
99.693,-13.8332,44
99.693,-12.6506,16
99.693,-11.4681,116
99.693,-9.1029,42
99.693,-7.9204,44
99.693,-5.5552,44
99.693,-4.3727,36
99.693,-3.1901,24
99.693,-2.0075,56
99.693,-0.825,26
99.693,0.3576,8
99.693,1.5402,42
99.693,2.7227,36
99.693,5.0879,15
99.693,6.2704,34
99.693,7.453,38
99.693,8.6355,67
99.693,9.8181,220
99.693,11.0007,78
99.693,12.1832,72
99.693,14.5484,16
99.693,15.7309,138
99.693,16.9135,87
99.693,18.0961,144
99.693,19.2786,108
99.693,20.4612,15
99.693,22.8263,72
99.693,24.0089,68
99.693,25.1915,34
99.693,26.374,34
99.693,27.5566,36
99.693,35.8345,60
99.693,37.0171,6
99.693,38.1997,69
99.693,39.3822,63
99.693,40.5648,71
99.693,41.7474,25
99.693,42.9299,50
99.693,44.1125,84
99.693,51.2079,67
99.693,54.7556,16
99.693,55.9381,48
99.693,59.4858,38
99.693,61.851,85
99.693,67.7638,50
99.693,68.9464,50
99.693,72.4941,100
99.693,76.0417,25
99.693,77.2243,47
100.8756,-76.5091,87
100.8756,-72.9614,87
100.8756,-69.4137,116
100.8756,-65.866,116
100.8756,-61.1358,87
100.8756,-55.223,112
100.8756,-48.1276,40
100.8756,-43.3973,116
100.8756,-38.667,116
100.8756,-36.3019,174
100.8756,-32.7542,10
100.8756,-31.5717,15
100.8756,-30.3891,46
100.8756,-29.2065,154
100.8756,-28.024,165
100.8756,-26.8414,165
100.8756,-24.4763,30
100.8756,-23.2937,24
100.8756,-22.1111,12
100.8756,-20.9286,111
100.8756,-19.746,119
100.8756,-18.5634,34
100.8756,-17.3809,9
100.8756,-16.1983,20
100.8756,-11.4681,91
100.8756,-7.9204,70
100.8756,-6.7378,2
100.8756,-5.5552,150
100.8756,-4.3727,51
100.8756,-3.1901,35
100.8756,-2.0075,73
100.8756,0.3576,36
100.8756,1.5402,50
100.8756,2.7227,72
100.8756,3.9053,9
100.8756,5.0879,90
100.8756,6.2704,33
100.8756,8.6355,14
100.8756,9.8181,36
100.8756,11.0007,72
100.8756,14.5484,32
100.8756,15.7309,112
100.8756,16.9135,118
100.8756,18.0961,34
100.8756,19.2786,38
100.8756,21.6438,34
100.8756,22.8263,132
100.8756,24.0089,34
100.8756,25.1915,68
100.8756,26.374,68
100.8756,27.5566,64
100.8756,28.7392,196
100.8756,29.9217,4
100.8756,31.1043,72
100.8756,34.652,100
100.8756,37.0171,6
100.8756,38.1997,61
100.8756,39.3822,36
100.8756,41.7474,90
100.8756,44.1125,2
100.8756,46.4776,86
100.8756,48.8428,185
100.8756,51.2079,22
100.8756,52.3904,94
100.8756,53.573,48
100.8756,55.9381,48
100.8756,57.1207,1
100.8756,60.6684,50
100.8756,64.2161,48
100.8756,66.5812,50
100.8756,67.7638,100
100.8756,76.0417,80
102.0582,-62.3183,116
102.0582,-57.5881,87
102.0582,-55.223,62
102.0582,-52.8578,16
102.0582,-51.6753,158
102.0582,-49.3101,116
102.0582,-46.945,115
102.0582,-41.0322,116
102.0582,-33.9368,4
102.0582,-30.3891,14
102.0582,-29.2065,3
102.0582,-28.024,10
102.0582,-26.8414,2
102.0582,-25.6588,5
102.0582,-24.4763,24
102.0582,-23.2937,55
102.0582,-22.1111,30
102.0582,-20.9286,27
102.0582,-19.746,25
102.0582,-18.5634,20
102.0582,-17.3809,44
102.0582,-16.1983,153
102.0582,-15.0157,125
102.0582,-11.4681,77
102.0582,-9.1029,74
102.0582,-7.9204,15
102.0582,-6.7378,29
102.0582,-5.5552,6
102.0582,-4.3727,89
102.0582,-3.1901,91
102.0582,-2.0075,12
102.0582,-0.825,107
102.0582,0.3576,146
102.0582,2.7227,85
102.0582,3.9053,49
102.0582,5.0879,16
102.0582,6.2704,34
102.0582,7.453,88
102.0582,8.6355,40
102.0582,9.8181,8
102.0582,12.1832,44
102.0582,13.3658,27
102.0582,15.7309,112
102.0582,16.9135,88
102.0582,18.0961,112
102.0582,21.6438,34
102.0582,22.8263,38
102.0582,24.0089,68
102.0582,25.1915,34
102.0582,26.374,34
102.0582,28.7392,80
102.0582,29.9217,4
102.0582,32.2868,72
102.0582,34.652,135
102.0582,37.0171,85
102.0582,38.1997,75
102.0582,42.9299,90
102.0582,45.2951,52
102.0582,51.2079,30
102.0582,57.1207,97
102.0582,60.6684,82
102.0582,61.851,48
102.0582,67.7638,50
102.0582,70.1289,73
102.0582,73.6766,75
103.2407,-68.2312,116
103.2407,-59.9532,116
103.2407,-56.4055,107
103.2407,-54.0404,87
103.2407,-46.945,59
103.2407,-44.5799,70
103.2407,-43.3973,50
103.2407,-38.667,174
103.2407,-36.3019,87
103.2407,-30.3891,6
103.2407,-28.024,24
103.2407,-26.8414,23
103.2407,-25.6588,22
103.2407,-24.4763,50
103.2407,-23.2937,38
103.2407,-22.1111,100
103.2407,-20.9286,21
103.2407,-19.746,24
103.2407,-18.5634,104
103.2407,-17.3809,166
103.2407,-16.1983,160
103.2407,-15.0157,121
103.2407,-11.4681,100
103.2407,-7.9204,164
103.2407,-6.7378,47
103.2407,-5.5552,101
103.2407,-4.3727,74
103.2407,-3.1901,39
103.2407,-2.0075,40
103.2407,-0.825,23
103.2407,0.3576,106
103.2407,2.7227,65
103.2407,3.9053,68
103.2407,5.0879,16
103.2407,6.2704,258
103.2407,7.453,24
103.2407,8.6355,173
103.2407,9.8181,39
103.2407,12.1832,86
103.2407,15.7309,48
103.2407,19.2786,52
103.2407,21.6438,56
103.2407,22.8263,72
103.2407,24.0089,138
103.2407,25.1915,66
103.2407,26.374,68
103.2407,27.5566,34
103.2407,28.7392,34
103.2407,29.9217,34
103.2407,31.1043,135
103.2407,33.4694,38
103.2407,40.5648,168
103.2407,45.2951,96
103.2407,47.6602,33
103.2407,48.8428,103
103.2407,50.0253,15
103.2407,51.2079,5
103.2407,52.3904,70
103.2407,54.7556,80
103.2407,55.9381,40
103.2407,63.0335,2
103.2407,64.2161,144
103.2407,70.1289,7
104.4233,-74.144,87
104.4233,-70.5963,116
104.4233,-64.6835,116
104.4233,-62.3183,87
104.4233,-56.4055,9
104.4233,-51.6753,116
104.4233,-48.1276,115
104.4233,-44.5799,54
104.4233,-41.0322,116
104.4233,-37.4845,87
104.4233,-33.9368,4
104.4233,-32.7542,24
104.4233,-31.5717,51
104.4233,-30.3891,267
104.4233,-29.2065,37
104.4233,-28.024,31
104.4233,-26.8414,46
104.4233,-25.6588,41
104.4233,-24.4763,50
104.4233,-23.2937,31
104.4233,-22.1111,51
104.4233,-20.9286,43
104.4233,-19.746,8
104.4233,-18.5634,42
104.4233,-17.3809,133
104.4233,-16.1983,122
104.4233,-15.0157,50
104.4233,-11.4681,5
104.4233,-10.2855,100
104.4233,-7.9204,48
104.4233,-6.7378,8
104.4233,-5.5552,100
104.4233,-4.3727,62
104.4233,-3.1901,8
104.4233,-2.0075,97
104.4233,-0.825,35
104.4233,0.3576,76
104.4233,1.5402,14
104.4233,3.9053,28
104.4233,5.0879,20
104.4233,6.2704,40
104.4233,7.453,57
104.4233,8.6355,210
104.4233,9.8181,73
104.4233,14.5484,110
104.4233,16.9135,80
104.4233,19.2786,64
104.4233,21.6438,50
104.4233,22.8263,56
104.4233,24.0089,110
104.4233,25.1915,97
104.4233,26.374,34
104.4233,27.5566,9
104.4233,28.7392,34
104.4233,29.9217,35
104.4233,31.1043,136
104.4233,32.2868,102
104.4233,34.652,50
104.4233,37.0171,137
104.4233,39.3822,73
104.4233,41.7474,91
104.4233,44.1125,82
104.4233,45.2951,51
104.4233,46.4776,32
104.4233,47.6602,126
104.4233,48.8428,40
104.4233,50.0253,7
104.4233,51.2079,58
104.4233,53.573,165
104.4233,54.7556,21
104.4233,55.9381,66
104.4233,57.1207,46
104.4233,59.4858,134
104.4233,66.5812,96
104.4233,68.9464,75
104.4233,72.4941,55
104.4233,76.0417,84
105.6059,-67.0486,116
105.6059,-59.9532,1
105.6059,-57.5881,110
105.6059,-55.223,58
105.6059,-49.3101,146
105.6059,-45.7624,49
105.6059,-43.3973,116
105.6059,-39.8496,116
105.6059,-33.9368,16
105.6059,-32.7542,234
105.6059,-31.5717,101
105.6059,-30.3891,41
105.6059,-29.2065,118
105.6059,-28.024,106
105.6059,-26.8414,132
105.6059,-25.6588,117
105.6059,-24.4763,62
105.6059,-23.2937,74
105.6059,-22.1111,57
105.6059,-20.9286,31
105.6059,-19.746,14
105.6059,-18.5634,1
105.6059,-17.3809,8
105.6059,-16.1983,3
105.6059,-12.6506,40
105.6059,-11.4681,80
105.6059,-10.2855,25
105.6059,-6.7378,74
105.6059,-5.5552,163
105.6059,-4.3727,61
105.6059,-3.1901,43
105.6059,-2.0075,31
105.6059,-0.825,72
105.6059,1.5402,2
105.6059,2.7227,35
105.6059,3.9053,122
105.6059,5.0879,70
105.6059,6.2704,26
105.6059,7.453,12
105.6059,12.1832,100
105.6059,13.3658,60
105.6059,14.5484,30
105.6059,16.9135,59
105.6059,19.2786,50
105.6059,20.4612,25
105.6059,21.6438,32
105.6059,22.8263,36
105.6059,24.0089,67
105.6059,25.1915,35
105.6059,27.5566,59
105.6059,28.7392,68
105.6059,29.9217,52
105.6059,31.1043,16
105.6059,32.2868,4
105.6059,33.4694,72
105.6059,34.652,50
105.6059,37.0171,88
105.6059,39.3822,21
105.6059,40.5648,28
105.6059,41.7474,145
105.6059,51.2079,120
105.6059,59.4858,64
105.6059,61.851,48
105.6059,65.3987,48
105.6059,66.5812,2
106.7884,-70.5963,87
106.7884,-63.5009,116
106.7884,-59.9532,115
106.7884,-57.5881,6
106.7884,-55.223,58
106.7884,-54.0404,58
106.7884,-51.6753,24
106.7884,-45.7624,125
106.7884,-36.3019,6
106.7884,-35.1193,77
106.7884,-33.9368,3
106.7884,-32.7542,86
106.7884,-31.5717,170
106.7884,-30.3891,13
106.7884,-29.2065,12
106.7884,-28.024,26
106.7884,-26.8414,75
106.7884,-25.6588,137
106.7884,-24.4763,98
106.7884,-23.2937,60
106.7884,-22.1111,92
106.7884,-20.9286,41
106.7884,-19.746,24
106.7884,-18.5634,124
106.7884,-17.3809,87
106.7884,-16.1983,22
106.7884,-15.0157,23
106.7884,-7.9204,74
106.7884,-6.7378,78
106.7884,-5.5552,13
106.7884,-4.3727,62
106.7884,-3.1901,87
106.7884,-2.0075,117
106.7884,-0.825,70
106.7884,0.3576,58
106.7884,1.5402,50
106.7884,2.7227,59
106.7884,3.9053,91
106.7884,5.0879,30
106.7884,6.2704,22
106.7884,7.453,14
106.7884,11.0007,137
106.7884,14.5484,60
106.7884,15.7309,70
106.7884,16.9135,40
106.7884,18.0961,73
106.7884,19.2786,42
106.7884,20.4612,75
106.7884,22.8263,16
106.7884,24.0089,19
106.7884,25.1915,68
106.7884,26.374,34
106.7884,27.5566,170
106.7884,28.7392,34
106.7884,29.9217,102
106.7884,31.1043,34
106.7884,32.2868,76
106.7884,44.1125,78
106.7884,46.4776,84
106.7884,53.573,61
106.7884,54.7556,5
106.7884,60.6684,28
106.7884,61.851,72
106.7884,63.0335,52
106.7884,68.9464,54
107.971,-51.6753,237
107.971,-48.1276,87
107.971,-43.3973,87
107.971,-41.0322,116
107.971,-38.667,87
107.971,-36.3019,20
107.971,-35.1193,201
107.971,-33.9368,31
107.971,-32.7542,3
107.971,-31.5717,11
107.971,-30.3891,43
107.971,-29.2065,130
107.971,-28.024,81
107.971,-26.8414,97
107.971,-25.6588,121
107.971,-24.4763,60
107.971,-23.2937,133
107.971,-22.1111,175
107.971,-20.9286,50
107.971,-19.746,67
107.971,-18.5634,73
107.971,-17.3809,82
107.971,-16.1983,281
107.971,-15.0157,51
107.971,-11.4681,126
107.971,-10.2855,69
107.971,-6.7378,2
107.971,-5.5552,122
107.971,-4.3727,65
107.971,-3.1901,105
107.971,-2.0075,17
107.971,-0.825,31
107.971,0.3576,39
107.971,1.5402,32
107.971,2.7227,45
107.971,3.9053,150
107.971,5.0879,192
107.971,9.8181,88
107.971,13.3658,104
107.971,15.7309,110
107.971,21.6438,90
107.971,24.0089,68
107.971,25.1915,15
107.971,26.374,53
107.971,27.5566,34
107.971,28.7392,34
107.971,29.9217,34
107.971,31.1043,38
107.971,34.652,71
107.971,37.0171,84
107.971,38.1997,78
107.971,39.3822,116
107.971,40.5648,68
107.971,48.8428,184
107.971,52.3904,79
107.971,53.573,39
107.971,54.7556,10
107.971,55.9381,49
107.971,57.1207,157
107.971,59.4858,48
107.971,61.851,48
107.971,63.0335,30
107.971,67.7638,48
107.971,68.9464,38
109.1536,-67.0486,116
109.1536,-59.9532,116
109.1536,-56.4055,87
109.1536,-45.7624,26
109.1536,-36.3019,40
109.1536,-35.1193,166
109.1536,-33.9368,6
109.1536,-32.7542,7
109.1536,-31.5717,37
109.1536,-30.3891,28
109.1536,-29.2065,156
109.1536,-28.024,70
109.1536,-26.8414,113
109.1536,-25.6588,78
109.1536,-24.4763,36
109.1536,-23.2937,89
109.1536,-22.1111,194
109.1536,-20.9286,53
109.1536,-19.746,28
109.1536,-18.5634,37
109.1536,-17.3809,140
109.1536,-16.1983,18
109.1536,-15.0157,11
109.1536,-11.4681,5
109.1536,-10.2855,66
109.1536,-7.9204,75
109.1536,-4.3727,73
109.1536,-3.1901,35
109.1536,-2.0075,132
109.1536,-0.825,62
109.1536,0.3576,39
109.1536,1.5402,20
109.1536,2.7227,74
109.1536,3.9053,158
109.1536,5.0879,52
109.1536,8.6355,104
109.1536,11.0007,74
109.1536,12.1832,121
109.1536,18.0961,75
109.1536,21.6438,103
109.1536,24.0089,13
109.1536,27.5566,34
109.1536,28.7392,38
109.1536,33.4694,58
109.1536,34.652,97
109.1536,42.9299,184
109.1536,45.2951,47
109.1536,46.4776,43
109.1536,52.3904,21
109.1536,53.573,13
109.1536,64.2161,49
109.1536,68.9464,63
110.3361,-63.5009,116
110.3361,-54.0404,174
110.3361,-46.945,184
110.3361,-45.7624,51
110.3361,-41.0322,87
110.3361,-38.667,87
110.3361,-36.3019,17
110.3361,-35.1193,3
110.3361,-33.9368,21
110.3361,-32.7542,107
110.3361,-31.5717,123
110.3361,-30.3891,99
110.3361,-29.2065,48
110.3361,-28.024,87
110.3361,-26.8414,55
110.3361,-25.6588,25
110.3361,-24.4763,68
110.3361,-23.2937,123
110.3361,-22.1111,109
110.3361,-20.9286,36
110.3361,-19.746,17
110.3361,-18.5634,24
110.3361,-17.3809,104
110.3361,-15.0157,120
110.3361,-13.8332,14
110.3361,-11.4681,104
110.3361,-7.9204,115
110.3361,-5.5552,62
110.3361,-4.3727,32
110.3361,-3.1901,31
110.3361,-2.0075,62
110.3361,-0.825,39
110.3361,0.3576,5
110.3361,1.5402,44
110.3361,7.453,116
110.3361,11.0007,15
110.3361,14.5484,45
110.3361,15.7309,45
110.3361,16.9135,45
110.3361,19.2786,75
110.3361,20.4612,50
110.3361,22.8263,50
110.3361,24.0089,87
110.3361,26.374,116
110.3361,29.9217,64
110.3361,31.1043,107
110.3361,33.4694,68
110.3361,37.0171,100
110.3361,39.3822,22
110.3361,46.4776,12
110.3361,47.6602,100
110.3361,51.2079,72
110.3361,52.3904,1
110.3361,55.9381,66
110.3361,58.3033,64
110.3361,61.851,49
111.5187,-57.5881,116
111.5187,-50.4927,171
111.5187,-43.3973,87
111.5187,-33.9368,83
111.5187,-32.7542,185
111.5187,-31.5717,160
111.5187,-30.3891,117
111.5187,-29.2065,140
111.5187,-28.024,4
111.5187,-26.8414,19
111.5187,-25.6588,47
111.5187,-24.4763,34
111.5187,-23.2937,43
111.5187,-22.1111,42
111.5187,-20.9286,140
111.5187,-19.746,17
111.5187,-18.5634,91
111.5187,-17.3809,135
111.5187,-15.0157,162
111.5187,-13.8332,12
111.5187,-9.1029,80
111.5187,-7.9204,25
111.5187,-4.3727,28
111.5187,9.8181,97
111.5187,12.1832,86
111.5187,14.5484,90
111.5187,16.9135,135
111.5187,19.2786,42
111.5187,24.0089,50
111.5187,27.5566,8
111.5187,28.7392,20
111.5187,33.4694,117
111.5187,39.3822,86
111.5187,41.7474,59
111.5187,42.9299,91
111.5187,44.1125,3
111.5187,45.2951,50
111.5187,46.4776,4
111.5187,47.6602,90
111.5187,52.3904,66
111.5187,58.3033,10
112.7013,-61.1358,87
112.7013,-50.4927,90
112.7013,-45.7624,1
112.7013,-44.5799,115
112.7013,-41.0322,87
112.7013,-38.667,87
112.7013,-33.9368,12
112.7013,-32.7542,117
112.7013,-31.5717,77
112.7013,-30.3891,233
112.7013,-29.2065,30
112.7013,-28.024,1
112.7013,-26.8414,13
112.7013,-25.6588,7
112.7013,-24.4763,61
112.7013,-23.2937,81
112.7013,-22.1111,68
112.7013,-20.9286,44
112.7013,-19.746,130
112.7013,-18.5634,165
112.7013,-17.3809,53
112.7013,-16.1983,15
112.7013,-15.0157,38
112.7013,-11.4681,87
112.7013,-7.9204,35
112.7013,-6.7378,25
112.7013,-5.5552,75
112.7013,-2.0075,90
112.7013,0.3576,148
112.7013,1.5402,1
112.7013,2.7227,157
112.7013,3.9053,74
112.7013,5.0879,26
112.7013,6.2704,126
112.7013,8.6355,104
112.7013,11.0007,50
112.7013,13.3658,53
112.7013,16.9135,20
112.7013,19.2786,8
112.7013,20.4612,50
112.7013,21.6438,2
112.7013,22.8263,98
112.7013,25.1915,50
112.7013,27.5566,60
112.7013,28.7392,94
112.7013,31.1043,50
112.7013,35.8345,50
112.7013,37.0171,100
112.7013,41.7474,50
112.7013,50.0253,64
112.7013,52.3904,64
112.7013,54.7556,32
112.7013,58.3033,64
112.7013,59.4858,64
113.8838,-52.8578,116
113.8838,-43.3973,1
113.8838,-36.3019,87
113.8838,-33.9368,1
113.8838,-32.7542,41
113.8838,-31.5717,42
113.8838,-30.3891,5
113.8838,-28.024,5
113.8838,-26.8414,112
113.8838,-25.6588,81
113.8838,-24.4763,132
113.8838,-23.2937,18
113.8838,-22.1111,3
113.8838,-20.9286,7
113.8838,-19.746,167
113.8838,-18.5634,191
113.8838,-17.3809,111
113.8838,-16.1983,242
113.8838,-15.0157,31
113.8838,-10.2855,50
113.8838,-9.1029,25
113.8838,-7.9204,50
113.8838,-6.7378,50
113.8838,-5.5552,50
113.8838,-4.3727,75
113.8838,-2.0075,50
113.8838,0.3576,2
113.8838,11.0007,75
113.8838,13.3658,72
113.8838,16.9135,153
113.8838,18.0961,27
113.8838,19.2786,50
113.8838,20.4612,50
113.8838,25.1915,46
113.8838,26.374,36
113.8838,28.7392,19
113.8838,29.9217,23
113.8838,39.3822,50
113.8838,40.5648,85
113.8838,44.1125,50
113.8838,46.4776,50
113.8838,48.8428,96
113.8838,55.9381,111
115.0664,-57.5881,116
115.0664,-52.8578,58
115.0664,-48.1276,88
115.0664,-46.945,86
115.0664,-43.3973,115
115.0664,-39.8496,116
115.0664,-30.3891,6
115.0664,-29.2065,10
115.0664,-28.024,1
115.0664,-26.8414,48
115.0664,-25.6588,111
115.0664,-24.4763,244
115.0664,-23.2937,59
115.0664,-22.1111,20
115.0664,-20.9286,18
115.0664,-19.746,47
115.0664,-18.5634,131
115.0664,-17.3809,9
115.0664,-16.1983,33
115.0664,-12.6506,90
115.0664,-10.2855,90
115.0664,-9.1029,25
115.0664,-7.9204,25
115.0664,-0.825,90
115.0664,3.9053,6
115.0664,6.2704,90
115.0664,7.453,90
115.0664,9.8181,75
115.0664,12.1832,54
115.0664,13.3658,7
115.0664,14.5484,102
115.0664,19.2786,50
115.0664,20.4612,50
115.0664,22.8263,145
115.0664,24.0089,1
115.0664,26.374,84
115.0664,27.5566,23
115.0664,29.9217,82
115.0664,32.2868,54
115.0664,33.4694,56
115.0664,34.652,112
115.0664,37.0171,48
115.0664,42.9299,75
115.0664,52.3904,64
115.0664,55.9381,1
116.249,-37.4845,42
116.249,-35.1193,116
116.249,-29.2065,32
116.249,-28.024,179
116.249,-26.8414,2
116.249,-25.6588,155
116.249,-24.4763,78
116.249,-23.2937,65
116.249,-22.1111,28
116.249,-20.9286,14
116.249,-19.746,5
116.249,-18.5634,28
116.249,-16.1983,4
116.249,-11.4681,45
116.249,-7.9204,50
116.249,-5.5552,50
116.249,-4.3727,61
116.249,-3.1901,114
116.249,0.3576,90
116.249,2.7227,50
116.249,3.9053,153
116.249,5.0879,101
116.249,9.8181,4
116.249,12.1832,61
116.249,13.3658,31
116.249,14.5484,25
116.249,15.7309,50
116.249,27.5566,55
116.249,31.1043,66
116.249,32.2868,14
116.249,33.4694,56
116.249,35.8345,4
116.249,39.3822,77
116.249,42.9299,25
116.249,46.4776,64
116.249,52.3904,64
117.4315,-50.4927,116
117.4315,-44.5799,116
117.4315,-41.0322,87
117.4315,-31.5717,116
117.4315,-28.024,12
117.4315,-26.8414,8
117.4315,-25.6588,5
117.4315,-22.1111,7
117.4315,-13.8332,75
117.4315,-10.2855,90
117.4315,-6.7378,64
117.4315,-4.3727,50
117.4315,2.7227,99
117.4315,6.2704,5
117.4315,7.453,95
117.4315,9.8181,86
117.4315,13.3658,69
117.4315,16.9135,20
117.4315,18.0961,99
117.4315,19.2786,69
117.4315,25.1915,85
117.4315,28.7392,48
117.4315,31.1043,1
117.4315,34.652,44
117.4315,35.8345,74
117.4315,40.5648,50
117.4315,42.9299,55
117.4315,46.4776,54
117.4315,50.0253,97
118.6141,-38.667,116
118.6141,-35.1193,1
118.6141,-17.3809,87
118.6141,-13.8332,75
118.6141,-7.9204,41
118.6141,-6.7378,66
118.6141,-3.1901,44
118.6141,-2.0075,45
118.6141,-0.825,85
118.6141,2.7227,131
118.6141,5.0879,33
118.6141,7.453,80
118.6141,16.9135,98
118.6141,21.6438,148
118.6141,22.8263,20
118.6141,26.374,132
118.6141,29.9217,144
118.6141,33.4694,46
118.6141,34.652,76
118.6141,38.1997,1
118.6141,40.5648,23
118.6141,42.9299,1
118.6141,44.1125,50
118.6141,50.0253,49
119.7966,-46.945,116
119.7966,-41.0322,87
119.7966,-35.1193,86
119.7966,-31.5717,87
119.7966,-29.2065,50
119.7966,-28.024,50
119.7966,-26.8414,50
119.7966,-23.2937,42
119.7966,-19.746,116
119.7966,-12.6506,45
119.7966,-11.4681,180
119.7966,-7.9204,89
119.7966,-4.3727,45
119.7966,5.0879,57
119.7966,9.8181,40
119.7966,11.0007,150
119.7966,13.3658,86
119.7966,16.9135,108
119.7966,18.0961,44
119.7966,22.8263,88
119.7966,24.0089,49
119.7966,38.1997,78
119.7966,40.5648,32
119.7966,42.9299,29
119.7966,46.4776,1
120.9792,-44.5799,85
120.9792,-43.3973,2
120.9792,-23.2937,42
120.9792,-16.1983,120
120.9792,-15.0157,60
120.9792,-12.6506,34
120.9792,-11.4681,11
120.9792,-5.5552,120
120.9792,-4.3727,30
120.9792,-0.825,50
120.9792,0.3576,81
120.9792,7.453,50
120.9792,9.8181,85
120.9792,11.0007,5
120.9792,18.0961,88
120.9792,21.6438,74
120.9792,22.8263,41
120.9792,24.0089,46
120.9792,28.7392,85
120.9792,35.8345,84
120.9792,42.9299,50
120.9792,46.4776,51
122.1618,-36.3019,116
122.1618,-32.7542,116
122.1618,-26.8414,60
122.1618,-25.6588,60
122.1618,-22.1111,42
122.1618,-19.746,116
122.1618,-9.1029,45
122.1618,-6.7378,45
122.1618,-4.3727,30
122.1618,-3.1901,65
122.1618,-0.825,67
122.1618,2.7227,144
122.1618,3.9053,1
122.1618,5.0879,98
122.1618,6.2704,3
122.1618,8.6355,49
122.1618,12.1832,75
122.1618,14.5484,50
122.1618,21.6438,20
122.1618,22.8263,39
122.1618,26.374,80
122.1618,27.5566,52
122.1618,32.2868,110
122.1618,33.4694,36
122.1618,39.3822,75
123.3443,-39.8496,116
123.3443,-29.2065,87
123.3443,-24.4763,100
123.3443,-15.0157,116
123.3443,-12.6506,90
123.3443,-6.7378,85
123.3443,-4.3727,100
123.3443,-0.825,35
123.3443,2.7227,28
123.3443,5.0879,2
123.3443,6.2704,51
123.3443,8.6355,1
123.3443,9.8181,50
123.3443,12.1832,2
123.3443,16.9135,50
123.3443,19.2786,50
123.3443,22.8263,1
124.5269,-22.1111,116
124.5269,-17.3809,87
124.5269,-0.825,50
124.5269,2.7227,64
124.5269,5.0879,135
124.5269,14.5484,50
124.5269,15.7309,50
124.5269,18.0961,50
124.5269,19.2786,39
124.5269,29.9217,50
124.5269,33.4694,50
124.5269,35.8345,50
125.7095,-35.1193,116
125.7095,-30.3891,116
125.7095,-26.8414,87
125.7095,-15.0157,90
125.7095,-11.4681,30
125.7095,-10.2855,180
125.7095,-6.7378,38
125.7095,-4.3727,85
125.7095,-3.1901,45
125.7095,8.6355,50
125.7095,11.0007,50
125.7095,12.1832,50
125.7095,19.2786,30
125.7095,20.4612,81
125.7095,25.1915,146
125.7095,28.7392,50
126.892,-6.7378,27
126.892,-0.825,7
126.892,0.3576,50
126.892,6.2704,50
126.892,20.4612,50
128.0746,-23.2937,116
128.0746,-18.5634,116
128.0746,-6.7378,85
128.0746,-0.825,48
128.0746,2.7227,50
128.0746,8.6355,23
128.0746,9.8181,123
128.0746,14.5484,100
128.0746,15.7309,50
129.2572,-15.0157,29
129.2572,-13.8332,81
129.2572,-10.2855,65
129.2572,-6.7378,45
129.2572,-2.0075,80
129.2572,1.5402,50
129.2572,5.0879,50
