unified_round,native_id,date,role,feature_family,cohort_or_split,own_endpoint,own_metric,outcome,has_archived_metric,source_file
1,loop investigation 1,2026-07-27,search/test,analysis-set assembly and featurisation,ICSD+COD+MP+Alexandria+ELEMENTA+LeMat,infrastructure (no endpoint),"99,162 experimental structures assembled; 38,307 single-anion analysis set",unmarked,yes,"pipeline/pilot_featurize.py 2026-07-27 06:36; src/build_energetics.py, build_icsd_meta.py, build_cod_delta.py, build_provenance.py, build_features.py mtimes 2026-07-28 00:56-05:33; PREREG.md sec 1"
2,loop investigation 2,2026-07-28,search/test,Pauling five-rule audit reproduction,experimental structures (George 2020 protocol),satisfaction of Pauling rules 2-5 jointly,0.0651 joint satisfaction (George published 0.13); algorithm spread up to 5.74 pp on rule 4,diagnostic-only,yes,"src/pauling_radii.py, reproduce_george.py, measure_deff.py, george_table.py mtimes 2026-07-28 07:30-07:45; paper/FACTS.md sec 3"
3,loop investigation 3,2026-07-28,search/test,pre-registration and split seal,analysis set,protocol (no endpoint),"split 22,925 discovery / 9,634 calibration / 5,748 sealed; 3 openings permitted",unmarked,yes,src/seal_lockbox.py mtime 2026-07-28 08:18; PREREG.md v1.0 git ec4b464 08:31; revisions R1/R2 git da563b1 08:43
4,loop investigation 4,2026-07-28,search/test,first frozen-vocabulary rule search on discovery,discovery split real vs perturbed,real-vs-perturbed satisfaction/exclusion,D1 (rho >= 0.735) selected; satisfaction 0.9915 / exclusion 0.3634 as recorded then (4-class negatives),pass,yes,src/search_rules.py 2026-07-28 11:44; report_rules.py 12:06; assemble_set.py 12:30; notes/结果总结.md sec 二
5,loop investigation 5,2026-07-28,search/test,charge-topology (T1) track vs Pauling rule 4,discovery split,coordination-environment prediction vs mode-lookup baseline,NA (superseded by the clean re-search of round 6),unmarked,yes,"src/t1_prior_bs.py, t1_pauling4.py, t1_prior_vs_pauling.py, search_t1.py mtimes 2026-07-28 12:53-13:43"
6,loop investigation 6,2026-07-28,search/test,leakage guard and clean T1 re-search; T0 candidate confirmation,discovery split,coordination prediction with leakage guard,NA,unmarked,no,"src/leakguard.py 22:16, search_t1_clean.py 22:20, confirm_t0_candidate.py 22:27"
7,loop investigation 7,2026-07-28,search/test,"discrimination search, guarded rules, polymorph ranking prototypes",discovery split; MP polymorphs,real-vs-perturbed discrimination; polymorph ranking,NA,unmarked,no,"src/search_discriminate.py 22:38, polymorph_rank.py 22:40, polymorph_rank2.py 22:43, search_guarded.py 22:54, discriminate.py 22:59"
8,loop investigation 8,2026-07-28,search/test,site-level and bond-valence judging; first joint rule-set search,discovery split,real-vs-perturbed satisfaction/exclusion,NA,unmarked,no,"src/site_level.py 23:26, bv_judge.py 23:31, real_rank.py 23:35, eval_real.py 23:38, final_search.py 23:44"
9,loop investigation 9,2026-07-29,search/test,symbolic-regression law track and physical-feature expansion,discovery split; LeMat DFT-relaxed candidates,law form search,PySR checkpoint archived (outputs/20260729_001654_VOvPTE),no-gain,yes,"src/sr_law.py 00:20, phys_feat.py 00:27, phys_lemat.py 00:32; outputs/20260729_001654_VOvPTE/hall_of_fame.csv"
10,loop investigation 10,2026-07-29,search/test,LeMat ranking and full-population satisfaction; first assembled rule sets,all real structures; LeMat candidates,satisfaction; false-positive gap,NA,unmarked,no,"src/lemat_rank.py 02:16, real_all.py 02:23, satisfy_rules.py 02:26, final_rules.py 02:34, feat2.py 02:39, site_match.py 03:01, feat3.py/site_signed.py 03:10"
11,loop investigation 11,2026-07-29,search/test,D1 robustness across three neighbour algorithms,calibration real structures,satisfaction spread across CrystalNN/BrunnerNN/MinimumDistanceNN,0.9895 / 0.9883 / 0.9877; spread 0.18 pp (Pauling rule 4: 5.74 pp),pass,yes,src/robust_blmin.py 2026-07-29 04:00; notes/结果总结.md 稳健性自查; paper/FACTS.md sec 3
12,loop investigation 12,2026-07-29,search/test,negative generator rebuilt to five classes (S5 added),discovery + calibration perturbed sets,perturbation-class construction,"S1 1,904 / S2 1,218 / S3 1,905 / S4 1,660 / S5 1,903 on discovery",unmarked,yes,"src/make_negatives.py 04:15, verify_negatives.py 04:20, phys_law.py 04:18, elec_feat.py 04:18, formula2.py 04:26; paper/FACTS.md sec 7"
13,loop investigation 13,2026-07-29,search/test,"guarded rule search, LeMat conjunction false-positive test, final rule sets",discovery/calibration; 295 LeMat DFT-relaxed,real-vs-perturbed satisfaction/exclusion; false-positive gap,"trusted core (D1@0.804,D3,D4,D5) 0.9577/0.6185 and manual fifth rule D6 (fi>0.55) 0.9169/0.7016, as recorded then; six-rule conjunction false-positive gap +5.2 pp traced entirely to the three coordination-number rules",pass,yes,"src/t0_guard.py 04:38, geom_feat.py 04:50, false_positive.py 05:04, rules_final.py 05:05, sym_feat.py 05:18; notes/结果总结.md 可信核心四条 and 手工补的第五条"
15,loop investigation 15,2026-07-29,search/test,"certified-optimal tree frontier, leave-one-perturbation-out collapse, guarded two-sided band",discovery split,real-vs-perturbed satisfaction/exclusion; held-out-class exclusion,"certified tree (depth<=3, cost ratio 2.5) 0.9518/0.6732 on discovery, dominating L2 in distribution, but mean held-out-class exclusion collapses to 0.2318 (single threshold 0.2771); guarded band D2 gives L1' 0.9870/0.3885 with S4 0.002 -> 0.513","mixed: D2 accepted, certified tree refuted out of distribution",yes,"git ce4e35f 2026-07-29 20:56 (commit message records both results); paper/data/fig3_certified_frontier.csv, fig3_loko.csv, band_scan.csv, band_frontier.csv; paper/FACTS.md sec 9-12"
16,loop investigation 16,2026-07-29,search/test,independent re-verification of every reported number in a second environment,stored matrix realmat.npz,numerical reproduction,agreement to four decimal places between two agents in two environments,pass,yes,git e4553cc 2026-07-29 22:44; paper/FACTS.md sec 20
17,NEXT1,2026-07-31,search/test,"frozen P1 descriptor vocabulary (bond-valence, entropy CN, directional asymmetry)",discovery/calibration real vs perturbed,real-vs-perturbed satisfaction/exclusion deltas vs the existing set,"frozen vocab: calibration pooled exclusion +0.0086, min-kind +0.0585, worst-anion satisfaction -0.0227; extended vocab +0.1290 pooled but LOKO macro -0.0286",fail-gate,yes,reports/2026-07-31-better-laws-formulas.md
18,NEXT2,2026-08-01,search/test,"P2 Voronoi solid angle, P3 Hawthorne prior bond strength, P5 iterative Hoppe ECoN/MEFIR (physically isolated splits)",discovery/calibration real vs perturbed,real-vs-perturbed satisfaction/exclusion deltas,calibration pooled exclusion +0.0271 at satisfaction -0.0026; S5 exclusion +0.1888; worst anion layer (nitrides) -0.0342,fail-gate,yes,reports/2026-08-01-p235-isolated.md
19,NEXT3,2026-08-01,search/test,"six descriptor families: P4 ChemEnv CSM, P6 shell gap, P7 polyanion contact, P8 neighbour-algorithm Jaccard, P9 Hawthorne Lewis match, P10 Voronoi free volume",discovery/calibration real vs perturbed,real-vs-perturbed satisfaction/exclusion deltas,calibration exclusion +0.0581 at satisfaction -0.0009 (strongest raw gain of the programme); LOKO macro +0.0258; worst anion -0.0380,fail-gate,yes,reports/2026-08-01-six-families.md
20,NEXT4,2026-08-01,search/test,corrected periodic-neighbour P2/P6/P7/P9; robust per-anion zero-degradation and soft-margin sequential searches,discovery/calibration real vs perturbed; 295 LeMat DFT-relaxed,real-vs-perturbed exclusion deltas; true leave-one-perturbation-kind-out,calibration gain +0.00443; true LOKO macro about -0.10; p9c_bond_mismatch_max <= 2 recurs in 3/5 LOKO refits,fail-gate,yes,reports/2026-08-01-corrected-anion-law-followup.md
21,NEXT5,2026-08-01,search/test,"composition-level valence-confidence guards (z_an_abs, oxi_n_guesses, oxi_unique)",discovery/calibration; post-2019 COD temporal holdout,real-vs-perturbed satisfaction/exclusion deltas,"beam selects no new guard (bit-identical to previous round); diagnosed variant V4: calibration -0.0002 satisfaction / +0.0238 exclusion, temporal holdout +0.0355, S5 0.109 -> 0.391",fail-gate,yes,reports/2026-08-01-valence-guards.md
39,NEXT23,2026-08-02,search/test,B+E two-term law: SIVR cell anisotropy + SCBVE bond-valence vector asymmetry,"WBM blind 8,192 (zero dev-ID overlap)",DFT relaxation structural change (fingerprint diff > 0.10) four preregistered gates,"coverage LCB 0.981173, low-change recall LCB 0.957550, reject precision LCB 0.922516, savings LCB 0.101685; changed AUC 0.749675; all 4 gates pass, Pauling 2-5 all fail",probe-pass,yes,2026-08-02-next23-analytic-relaxation-change-screening.md | docs/plans/2026-08-02-next23-relaxation-collapse-design.md | SSD/workspace_data/newpauling/next23_relaxation_rule_freeze/MANIFEST.json :: candidate_count=17
40,NEXT24,2026-08-03,search/test,frozen B+E law transferred zero-refit,SSAGen CIVAE 256 x0,label-blind prediction freeze; DFT endpoint pending (VASP not run),rejected 255/256 supported; SSAGen risk median 7.950 vs frozen threshold 2.033; min 3.201,unmarked,yes,2026-08-03-next24-ssagen-cross-source-prediction-freeze.md | docs/plans/2026-08-03-next24-generated-cross-source-design.md | artifact mtime: docs/plans/2026-08-03-next24-generated-cross-source-design.md
41,NEXT25,2026-08-03,search/test,frozen B+E law transferred zero-refit,OMatG Linear-ODE / MP-20 CSP (512 unseen compositions),MP-20 reference-match exclusion (StructureMatcher) four gates,"match protection LCB 0.877490 (<0.95), reject precision LCB 0.446289 (<0.90); nonmatch AUC 0.731252; Spearman 0.509 with RMSD",fail-gate,yes,2026-08-03-next25-omatg-blind-csp-screening.md | docs/plans/2026-08-03-next25-omatg-blind-csp-design.md | artifact mtime: docs/plans/2026-08-03-next25-omatg-blind-csp-implementation.md
45,NEXT29,2026-08-03,search/test,frozen C1.05>=6.3 molecular contact law transferred,OMatG 512,CSP reference-match exclusion,"coverage LCB 0.2460, nonmatch precision LCB 0.0000, savings LCB 0.0013; nonmatch AUC 0.6213",fail-gate,yes,2026-08-03-next29-next31-energy-boundary.md | docs/plans/next29_omatg_contact_transport.py | artifact mtime: $PRIS_ARCHIVE/next29_omatg_contact_features_v1
48,NEXT32,2026-08-03,search/test,absolute periodic contacts + SIVR/Madelung/SCBVE (140 candidates),"OMat24 rattled-relax dev 4,096 (parent-unique)",severe initial DFT response AUC + six gates,0/140 promoted; best AUC 0.6751; near-miss precision LCB 0.6653,fail-gate,yes,2026-08-03-next32-omat24-inorganic-response.md | docs/plans/2026-08-03-next32-omat24-inorganic-response-design.md | artifact mtime: $PRIS_ARCHIVE/next32_omat24_raw_audit_v1
49,NEXT33,2026-08-03,search/test,approximate symmetry recovery + directional steric imbalance (185 scan rows),"OMat24 rattled-relax dev 4,096",severe initial DFT response AUC + six gates,0/155 eligible rows pass; best AUC 0.706821 (vs NEXT32 best 0.675079); precision LCB max 0.681791,fail-gate,yes,2026-08-03-next33-symmetry-steric.md | docs/plans/2026-08-03-next33-symmetry-steric-design.md | artifact mtime: docs/plans/2026-08-03-next33-symmetry-steric-design.md
50,NEXT34,2026-08-03,search/test,analytic periodic point-charge (Ewald) field imbalance (130 scan rows),"OMat24 rattled-relax dev 4,096",severe initial DFT response AUC + six gates,0/130 pass; best new single AUC 0.532248; best new pair 0.627808 < comparator 0.706821,no-gain,yes,2026-08-03-next34-analytic-field.md | docs/plans/2026-08-03-next34-analytic-field-design.md | artifact mtime: docs/plans/2026-08-03-next34-analytic-field-design.md
51,NEXT35,2026-08-03,search/test,Coulomb-steric closed-form vector balance ACSB (90 scan rows),"OMat24 rattled-relax dev 4,096",severe initial DFT response AUC + six gates,0/90 pass; all 7 ACSB singles AUC < 0.50 (best 0.477258); best pair 0.627249,no-gain,yes,2026-08-03-next35-coulomb-steric-balance.md | docs/plans/2026-08-03-next35-coulomb-steric-balance-design.md | artifact mtime: docs/plans/2026-08-03-next35-coulomb-steric-balance-design.md
52,NEXT36,2026-08-03,search/test,weighted formal-charge long-wave spectrum CSF (85 scan rows),"OMat24 rattled-relax dev 4,096",severe initial DFT response AUC + six gates,0/85 pass; best new single AUC 0.490051; best new pair 0.611400,no-gain,yes,2026-08-03-next36-charge-spectrum.md | docs/plans/2026-08-03-next36-charge-spectrum-design.md | artifact mtime: docs/plans/2026-08-03-next36-charge-spectrum-design.md
53,NEXT37,2026-08-03,search/test,self-stress compatibility projection SSCP (85 scan rows),"OMat24 rattled-relax dev 4,096",severe initial DFT response AUC + six gates,0/85 pass; best new single AUC 0.638220 (load RMS); best new pair 0.694567 < comparator 0.706821,fail-gate,yes,2026-08-03-next37-self-stress-compatibility.md | docs/plans/2026-08-03-next37-self-stress-compatibility-design.md | artifact mtime: docs/plans/2026-08-03-next37-self-stress-compatibility-implementation.md
54,NEXT38,2026-08-03,search/test,bond-valence transport compatibility BVTC (85 scan rows),"OMat24 rattled-relax dev 4,096",severe initial DFT response AUC + six gates,0/85 pass; best new single AUC 0.568061; best new pair 0.665275 < comparator 0.706821,no-gain,yes,2026-08-03-next38-bond-valence-transport-compatibility.md | docs/plans/2026-08-03-next38-bond-valence-transport-compatibility-design.md | artifact mtime: docs/plans/2026-08-03-next38-bond-valence-transport-compatibility-design.md
55,NEXT39,2026-08-03,search/test,frozen B+E law transferred zero-refit,"OMat24 sparse trajectories 981 (step>=20, parent-unique)",step0-to-latest fingerprint change: coverage/protected recall/precision/savings,"protected class empty so protected-recall LCB 0.000000 (fail); Spearman 0.294705, severe(>=0.5) AUC 0.591597",fail-gate,yes,2026-08-03-next39-omat24-trajectory-confirmation.md | docs/plans/2026-08-03-next39-omat24-trajectory-confirmation-design.md | artifact mtime: docs/plans/2026-08-03-next39-omat24-trajectory-confirmation-design.md
56,NEXT40,2026-08-03,search/test,frozen B+E law transferred zero-refit (adaptive short-horizon),"OMat24 short trajectories 1,714 (parent-disjoint, steps 1-19)",step0-to-latest fingerprint change four gates,"protected recall 0.592593, LCB 0.480757 (<0.95); precision LCB 0.957480; no threshold passes four gates on this source",fail-gate,yes,2026-08-03-next40-omat24-short-horizon-validation.md | docs/plans/2026-08-03-next40-omat24-short-horizon-design.md | artifact mtime: docs/plans/2026-08-03-next40-omat24-short-horizon-design.md
57,NEXT41,2026-08-03,search/test,"B+E AND absolute covalent short-contact guard (6 guards, 8,442 candidates)","WBM 8,192 + OMat24 short 1,714 (both demoted to development)",per-source four gates (coverage/protected recall/precision/savings),"0/8,442 promoted; best worst-source protected-recall LCB 0.755672 among rows passing other three gates",fail-gate,yes,2026-08-03-next41-source-balanced-contact-guard.md | docs/plans/2026-08-03-next41-source-balanced-contact-guard-design.md | SSD/workspace_data/newpauling/next41_source_balanced_contact_guard_search_v1/MANIFEST.json :: candidate_count=8442; eligible_count=0 || SSD/workspace_data/newpauling/next41_source_
58,NEXT42,2026-08-03,search/test,frozen B+E law transferred zero-refit,"Alexandria round-1 raw x0 2,285 (force-converged DFT finals)",x0-to-converged-DFT structural change: coverage/protected recall/precision/savings gates,"protected recall 0.8162 (LCB 0.8001 fail), precision LCB 0.3696 fail; changed AUC 0.6294; Pauling P2+P5 also fails",fail-gate,yes,2026-08-03-next42-alexandria-converged-validation.md | docs/plans/2026-08-03-next42-converged-alexandria-source-design.md | artifact mtime: docs/plans/2026-08-03-next42-converged-alexandria-source-design.md
59,NEXT43,2026-08-03,search/test,"74-quantity analytic feature bank + 25,099 finite formulas","Alexandria 2,285 (discovery 1,381 / internal validation 904)",structural-change protection/precision/savings gates,"best (cov_q05 + sscp_load_q95): validation precision 0.6981, protected recall 0.9494, AUC 0.7033; precision gate fail",fail-gate,yes,2026-08-03-next43-next46-qualified-development-search.md | docs/plans/2026-08-03-next43-analytic-law-search-design.md | SSD/workspace_data/newpauling/next43_alexandria_development/features/MANIFEST.json :: candidate_feature_count=74 || SSD/workspace_data/newpauling/next43_alexandria_development/sear
60,NEXT44,2026-08-03,search/test,"87 rich tail/cell/composition features, 26,320 formulas","Alexandria 2,285 (dev/validation split)",structural-change protection/precision/savings gates,"best: precision 0.7647, protected recall 0.9621, changed AUC 0.7082; precision and savings gates fail",fail-gate,yes,2026-08-03-next43-next46-qualified-development-search.md | docs/plans/2026-08-03-next44-rich-analytic-features-design.md | SSD/workspace_data/newpauling/next44_alexandria_development/features/MANIFEST.json :: candidate_feature_count=87 || SSD/workspace_data/newpauling/next44_alexandria_development/sear
61,NEXT45,2026-08-03,search/test,"exhaustive 1-2 term conjunctive rectangles (528,488)","Alexandria 2,285",structural-change protection/precision/savings gates,"best rectangle precision 0.7568, savings 0.0832, changed AUC 0.5074; weaker than NEXT44",no-gain,yes,2026-08-03-next43-next46-qualified-development-search.md | docs/plans/2026-08-03-next45-exhaustive-rectangles-design.md | SSD/workspace_data/newpauling/next45_alexandria_development/search/NEXT45_EXHAUSTIVE_RECTANGLE_SEARCH.json :: candidate_count=528488; candidate_feature_count=161
62,NEXT46,2026-08-03,search/test,"local motif coherence (21 CrystalNN/Voronoi coordination order parameters), 26,913 formulas","Alexandria 2,285 (validation 904)",structural-change protection/precision/savings gates,"validation: coverage LCB 0.9369 pass, protected recall LCB 0.9512 pass, precision LCB 0.6993 fail, savings LCB 0.0926 fail; changed/severe AUC 0.7306/0.7763",fail-gate,yes,2026-08-03-next43-next46-qualified-development-search.md | docs/plans/2026-08-03-next46-motif-coherence-design.md | SSD/workspace_data/newpauling/next46_alexandria_development/features/MANIFEST.json :: candidate_feature_count=21 || SSD/workspace_data/newpauling/next46_alexandria_development/sear
99,NEXT83,2026-08-03,search/test,"SCIGEN source audit (official DFT archive, 24,742 POSCAR/CONTCAR)","SCIGEN 24,742",NA (source audit),NA,unmarked,no,2026-08-03-next83-next87-scigen-independent-dft-discovery-negative.md | docs/plans/2026-08-03-next83-next89-scigen-independent-dft-validation-design.md | artifact mtime: docs/plans/2026-08-03-next83-next89-scigen-independent-dft-validation-design.md
100,NEXT84,2026-08-03,search/test,geometry lockbox + reduced-formula-group partition,"SCIGEN (discovery 13,470 / validation 5,174 / replication 6,098)",NA (partition before endpoint opening),NA,unmarked,no,2026-08-03-next83-next87-scigen-independent-dft-discovery-negative.md | docs/plans/2026-08-03-next83-next89-scigen-independent-dft-validation-design.md | artifact mtime: tests/test_next84_scigen_geometry_lockbox.py
101,NEXT85,2026-08-03,search/test,174 label-free analytic x0 features,SCIGEN all partitions,NA (label-free feature build),zero full-row analytic feature errors,unmarked,yes,2026-08-03-next83-next87-scigen-independent-dft-discovery-negative.md | docs/plans/2026-08-03-next83-next89-scigen-independent-dft-validation-design.md | artifact mtime: tests/test_next85_scigen_label_free_features.py
102,NEXT86,2026-08-03,search/test,endpoint router + 90-term frozen candidate catalogue,SCIGEN discovery,NA (label-free term freeze),86/90 terms passed label-free coverage/variability,unmarked,yes,2026-08-03-next83-next87-scigen-independent-dft-discovery-negative.md | docs/plans/2026-08-03-next83-next89-scigen-independent-dft-validation-design.md | artifact mtime: docs/plans/2026-08-03-next86-scigen-term-catalogue-amendment.md
103,NEXT87,2026-08-03,search/test,"sparse nonnegative hinge law search (6,186 formulas, 1-3 terms)","SCIGEN discovery 13,470",protected-vs-severe instability gates + fold-stability + Pauling comparison,"pooled AUC 0.82146, severe precision LCB 0.98505, protected recall LCB 0.99861; FAIL: exact term-list fold wins max 2/5 (<4/5) and severe rejected 296 < Pauling 882",fail-gate,yes,2026-08-03-next83-next87-scigen-independent-dft-discovery-negative.md | docs/plans/2026-08-03-next83-next89-scigen-independent-dft-validation-design.md | SSD/workspace_data/newpauling/next87_scigen_sparse_law_search_v1/MANIFEST.json :: candidate_count=6186 || SSD/workspace_data/newpauling/next87_scigen_sparse_law_search_v1/NEXT87_DI
104,NEXT88,2026-08-03 (range-plan date),search/test,reserved (SCIGEN validation slot; NEXT88 not authorized after NEXT87 discovery failure),SCIGEN,NA,NA,not-run (blocked upstream),no,2026-08-03-next83-next87-scigen-independent-dft-discovery-negative.md | docs/plans/2026-08-03-next83-next89-scigen-independent-dft-validation-design.md
105,NEXT89,2026-08-03 (range-plan date),search/test,reserved (SCIGEN replication slot; NEXT89 not authorized after NEXT87 discovery failure),SCIGEN,NA,NA,not-run (blocked upstream),no,2026-08-03-next83-next87-scigen-independent-dft-discovery-negative.md | docs/plans/2026-08-03-next83-next89-scigen-independent-dft-validation-design.md
106,NEXT90,2026-08-03,search/test,"four fixed mechanism envelopes, 125 frozen weight vectors","SCIGEN discovery 13,470",protected-vs-severe gates + fold-stability + Pauling severe count,"best pooled/macro AUC 0.85267/0.68735; FAIL: fold wins max 3/5, worst lattice AUC 0.52336 (<0.55), severe rejected 303 < 882",fail-gate,yes,2026-08-03-next90-next92-rli-one-shot-validation.md | docs/plans/2026-08-03-next90-scigen-mechanism-envelope-design.md | SSD/workspace_data/newpauling/next90_scigen_mechanism_envelope_v1/MANIFEST.json :: candidate_count=125 || SSD/workspace_data/newpauling/next90_scigen_mechanism_envelope_v1/NEXT90_D
107,NEXT91,2026-08-03,search/test,RLI two-term (sivr_edge_mismatch_max + 4x sscp_load_rms) endpoint-free freeze,SCIGEN all partitions,NA (endpoint-free prediction freeze),"frozen rejects: discovery 1,672/13,470; validation 652/5,174; replication 814/6,098",unmarked,yes,2026-08-03-next90-next92-rli-one-shot-validation.md | docs/plans/2026-08-03-next91-next93-scigen-fixed-rli-validation-design.md | artifact mtime: docs/plans/2026-08-03-next91-next93-scigen-fixed-rli-validation-design.md
108,NEXT92,2026-08-03,search/test,RLI one-shot internal validation,"SCIGEN internal validation 5,174 (composition-isolated)",protected-vs-severe gates incl. worst-lattice AUC >= 0.55,"all aggregate gates pass (severe precision LCB 0.93701, pooled AUC 0.80195, severe rejected 520 > Pauling 333) but worst lattice sqr AUC 0.52982 < 0.55; formal failure",fail-gate,yes,2026-08-03-next90-next92-rli-one-shot-validation.md | docs/plans/2026-08-03-next91-next93-scigen-fixed-rli-validation-design.md | SSD/workspace_data/newpauling/next92_scigen_rli_internal_validation_v1/NEXT92_RLI_INTERNAL_VALIDATION.json :: passes_all_gates=False
109,NEXT93,2026-08-04,search/test,WyFormer source lockbox (93b blind reroute after V1 aggregate-count exposure),"WyFormer/DiffCSP++ 9,580 x0 (discovery 5,232 / validation 2,135 / replication 2,213)",NA (partition + blind repair),V1 permanently marked non-blind; 93b rerouted with new salt,unmarked,yes,2026-08-04-next93-next98b-wyformer-cross-source-no-dft-search.md | docs/plans/2026-08-03-next91-next93-scigen-fixed-rli-validation-design.md | artifact mtime: $PRIS_ARCHIVE/next93_wyformer_source_audit_v1
110,NEXT94,2026-08-04,search/test,label-free analytic features (SCIGEN-isomorphic implementation),"WyFormer 9,580",NA (label-free feature build),no full-row errors,unmarked,yes,2026-08-04-next93-next98b-wyformer-cross-source-no-dft-search.md | docs/plans/2026-08-03-next93-next97-wyformer-no-dft-loop.md | artifact mtime: tests/test_next94_wyformer_label_free_features.py
111,NEXT95,2026-08-04,search/test,"CVR-Risk three-hinge law (cov_site_overlap_max + scbv_mismatch_q95 + 0.5 sivr_edge_mismatch_rms), SAFE/BROAD thresholds","WyFormer discovery 5,232 (6,170 candidates)",protected-vs-severe SAFE gates and BROAD Pauling-Pareto on discovery,"SAFE discovery: coverage LB 0.9788, protected recall LB 0.9950, severe precision LB 0.9325, savings LB 0.0359, 5/5 folds pass; BROAD Pareto-dominates Pauling",probe-pass,yes,2026-08-04-next93-next98b-wyformer-cross-source-no-dft-search.md | docs/plans/2026-08-03-next93-next97-wyformer-no-dft-loop.md | SSD/workspace_data/newpauling/next95_wyformer_sparse_law_search_v1/NEXT95_WYFORMER_DISCOVERY_EVALUATION.json :: passes_all_discovery_gates=False; passes_all_discovery_gates=False; 
112,NEXT96,2026-08-04,search/test,"dual operating-point candidate freeze (formula + per-row decisions, all partitions)",WyFormer,NA (pre-validation freeze),NA,probe-pass,no,2026-08-04-next93-next98b-wyformer-cross-source-no-dft-search.md | docs/plans/2026-08-03-next93-next97-wyformer-no-dft-loop.md | SSD/workspace_data/newpauling/next96_wyformer_dual_operating_candidate_v1/NEXT96_DISCOVERY_DUAL_OPERATING_EVIDENCE.json :: passes_all=True
113,NEXT97,2026-08-04,search/test,CVR-Risk one-shot internal validation,"WyFormer internal validation 2,135",SAFE aggregate + per-fold gates; BROAD Pauling-Pareto,"SAFE aggregate: precision LB 0.834175, pooled AUC 0.761935 pass; per-fold precision LBs 0.4976-0.7689 fail 0.80 gate (fold savings LB 0.01936 also fails); BROAD beats Pauling overall and 5/5 folds",fail-gate,yes,2026-08-04-next93-next98b-wyformer-cross-source-no-dft-search.md | docs/plans/2026-08-03-next93-next97-wyformer-no-dft-loop.md | SSD/workspace_data/newpauling/next97_wyformer_dual_operating_one_shot_validation_v1/NEXT97_WYFORMER_DUAL_OPERATING_VALIDATION.json :: passes_all=True; passes_all_validation_gates=F
114,NEXT98,2026-08-04,search/test,"cross-source three-term nonnegative-sum search with shared threshold (NEXT98 top-slice 798 + NEXT98b exhaustive 12,111)","SCIGEN discovery 13,470 + WyFormer discovery 5,232",dual-source AUC gates + 12 SAFE cells + shared BROAD,"67/12,111 pass dual-source AUC; 0 pass SAFE 12/12; 0 pass SAFE+BROAD; best candidate 9/12 cells",fail-gate,yes,2026-08-04-next93-next98b-wyformer-cross-source-no-dft-search.md | docs/plans/2026-08-04-next98-next100-cross-source-replication.md | SSD/workspace_data/newpauling/next98b_cross_source_exhaustive_search_v1/MANIFEST.json :: freeze_authorized=False; passes_all_cross_source_discovery_gates=False; candidate_count=121
115,NEXT99,2026-08-04 (range-plan date),search/test,reserved (cross-source replication slot; plan docs/plans/2026-08-04-next98-next100-cross-source-replication.md; replication never authorized),SCIGEN+WyFormer replication,NA,NA,not-run (blocked upstream),no,docs/plans/2026-08-04-next98-next100-cross-source-replication.md | docs/plans/2026-08-04-next98-next100-cross-source-replication.md
116,NEXT100,2026-08-04 (range-plan date),search/test,reserved (cross-source replication slot; plan docs/plans/2026-08-04-next98-next100-cross-source-replication.md; replication never authorized),SCIGEN+WyFormer replication,NA,NA,not-run (blocked upstream),no,docs/plans/2026-08-04-next98-next100-cross-source-replication.md | docs/plans/2026-08-04-next98-next100-cross-source-replication.md
117,NEXT101,2026-08-04,search/test,DOBVR discrete oxidation-state bond-valence realizability (strict + 101b expanded catalogue),SCIGEN + WyFormer discovery,NA (mechanism + catalogue build),"strict coverage 2,332/13,470 (17.31%) and 1,884/5,232 (36.01%); expanded 7,112/13,470 (52.80%) and 3,000/5,232 (57.34%)",unmarked,yes,2026-08-04-next101-next103-dobvr-no-dft-search.md | docs/plans/2026-08-04-next101-discrete-oxidation-bv-realizability.md | artifact mtime: docs/plans/2026-08-04-next101-discrete-oxidation-bv-realizability.md
118,NEXT102,2026-08-04,search/test,cross-source DOBVR label-free features,"SCIGEN 13,470 + WyFormer 5,232 discovery",NA (label-free feature build),no endpoint opened during build,unmarked,yes,2026-08-04-next101-next103-dobvr-no-dft-search.md | docs/plans/next102_cross_source_dobvr_features.py | artifact mtime: tests/test_next102_cross_source_dobvr_features.py
119,NEXT103,2026-08-04,search/test,"DOBVR as optional fail-open guard on 67 AUC-qualified bases (4,757 candidates)",SCIGEN + WyFormer discovery,dual-source AUC + 12 SAFE cells + BROAD,"3,114/4,757 pass dual AUC; 0 pass SAFE 12/12 (max 9/12); best diagnostic candidate fails WyFormer folds 0/3/4 precision LCBs 0.6467/0.7338/0.7252 (<0.80)",fail-gate,yes,2026-08-04-next101-next103-dobvr-no-dft-search.md | docs/plans/2026-08-04-next103-dobvr-optional-guard-cross-source-search.md | SSD/workspace_data/newpauling/next103_dobvr_optional_guard_search_v1/MANIFEST.json :: freeze_authorized=False; passes_all_cross_source_discovery_gates=False; candidate_count=4757; 
120,NEXT104,2026-08-04,search/test,CMVF convex mixed-valence flow certificate (lexicographic LPs: reallocation/overload/scale mismatch),SCIGEN + WyFormer discovery,NA (mechanism build),NA,unmarked,no,2026-08-04-next104-next108-cmvf-no-dft-search.md | docs/plans/2026-08-04-next104-convex-mixed-valence-flow-certificate-design.md | artifact mtime: docs/plans/2026-08-04-next104-convex-mixed-valence-flow-certificate-design.md
121,NEXT105,2026-08-04,search/test,cross-source CMVF label-free features,"SCIGEN 13,470 + WyFormer 5,232 discovery",NA (label-free feature build),"core coverage 20.29%/41.48%, expanded 54.47%/60.11% (combined 56.05%)",unmarked,yes,2026-08-04-next104-next108-cmvf-no-dft-search.md | docs/plans/next105_cross_source_cmvf_features.py | artifact mtime: tests/test_next105_cross_source_cmvf_features.py
122,NEXT106,2026-08-04,search/test,"single CMVF optional guard on 67 AUC-pass bases (2,077 candidates)",SCIGEN + WyFormer discovery,dual-source AUC + 12 SAFE cells + BROAD,max SAFE 9/12 (unchanged); 0 SAFE-all; 0 all-gates,no-gain,yes,2026-08-04-next104-next108-cmvf-no-dft-search.md | docs/plans/2026-08-04-next106-cmvf-search.md | SSD/workspace_data/newpauling/next106_cmvf_optional_guard_search_v1/MANIFEST.json :: freeze_authorized=False; passes_all_cross_source_discovery_gates=False; candidate_count=2077; e
123,NEXT107,2026-08-04,search/test,"two same-catalogue CMVF guards (12,127 candidates)",SCIGEN + WyFormer discovery,dual-source AUC + 12 SAFE cells + BROAD,max SAFE 10/12 (9/12 among AUC-pass); 0 SAFE-all; 0 all-gates,fail-gate,yes,2026-08-04-next104-next108-cmvf-no-dft-search.md | docs/plans/2026-08-04-next107-two-axis-cmvf-guard-search.md | SSD/workspace_data/newpauling/next107_two_axis_cmvf_guard_search_v1/MANIFEST.json :: freeze_authorized=False; passes_all_cross_source_discovery_gates=False; candidate_count=12127; 
124,NEXT108,2026-08-04,search/test,"near-miss frontier rescue: 353 near-AUC bases + expanded overload/reallocation pair (9,178 candidates)",SCIGEN + WyFormer discovery,dual-source AUC + 12 SAFE cells + BROAD,"1 candidate SAFE 12/12 but SCIGEN worst-lattice AUC 0.53633 < 0.55; 1,105 pass all AUC gates with max 10/12 SAFE; 0 all-gates",fail-gate,yes,2026-08-04-next104-next108-cmvf-no-dft-search.md | docs/plans/2026-08-04-next108-near-miss-expanded-flow-rescue.md | SSD/workspace_data/newpauling/next108_near_miss_cmvf_rescue_v1/MANIFEST.json :: freeze_authorized=False; passes_all_cross_source_discovery_gates=False; candidate_count=9178 || SSD/
125,NEXT109,2026-08-08,search/test,CMVO Brown-free graph-interval obstruction certificate (normalized infeasibility D* + gap decompositions),SCIGEN + WyFormer discovery,NA (mechanism build),"coverage raised to expanded 11,194/13,470 (83.10%) and 4,545/5,232 (86.87%)",unmarked,yes,2026-08-08-next109-next111-cmvo-no-dft-search.md | docs/plans/2026-08-08-next109-convex-mixed-valence-obstruction-design.md | artifact mtime: docs/plans/2026-08-08-next109-convex-mixed-valence-obstruction-design.md
126,NEXT110,2026-08-08,search/test,cross-source CMVO label-free features,"SCIGEN 13,470 + WyFormer 5,232 discovery",NA (label-free feature build),"core support 7,696 (57.13%) / 3,722 (71.14%); expanded 11,194 / 4,545",unmarked,yes,2026-08-08-next109-next111-cmvo-no-dft-search.md | docs/plans/2026-08-08-next109-next111-cmvo-implementation.md | artifact mtime: tests/test_next110_cross_source_cmvo_features.py
127,NEXT111,2026-08-08,search/test,"CMVO optional guard search on 353 near-miss bases (22,592 candidates)",SCIGEN + WyFormer discovery,dual-source AUC + 12 SAFE cells + shared BROAD,"4,295 pass all AUC gates; 4 pass SAFE 12/12; 0 pass both; 0 BROAD; component_balance_gap pushes one base past all AUC gates (SCIGEN worst 0.55009) at 10/12 SAFE",fail-gate,yes,2026-08-08-next109-next111-cmvo-no-dft-search.md | docs/plans/2026-08-08-next109-next111-cmvo-implementation.md | SSD/workspace_data/newpauling/next111_cmvo_optional_search_v1/MANIFEST.json :: freeze_authorized=False; passes_all_cross_source_discovery_gates=False; candidate_count=22592 || SSD/
128,NEXT112,2026-08-08,search/test,"CMVOM obstruction morphology certificate (component-weighted gaps, localized slack severity, side slack asymmetry via secondary LPs)",SCIGEN + WyFormer discovery,NA (mechanism build),invariance tests pass; no new technical abstentions,unmarked,yes,2026-08-08-next112-next114-cmvom-no-dft-search.md | docs/plans/2026-08-08-next112-next114-obstruction-morphology-implementation.md | artifact mtime: docs/plans/2026-08-08-next112-next114-obstruction-morphology-implementation.md
129,NEXT113,2026-08-08,search/test,"cross-source CMVOM label-free features (3 retained terms, expanded terms IQR=0 excluded)","SCIGEN 13,470 + WyFormer 5,232 discovery",NA (label-free feature build),support identical to NEXT110 (57.13%/71.14% core; 83.10%/86.87% expanded),unmarked,yes,2026-08-08-next112-next114-cmvom-no-dft-search.md | docs/plans/2026-08-08-next112-next114-obstruction-morphology-implementation.md | artifact mtime: docs/plans/2026-08-08-next113-cmvom-feature-freeze.json
130,NEXT114,2026-08-08,search/test,"CMVOM frontier rescue on 42 conflict-frontier bases (2,688 candidates)",SCIGEN + WyFormer discovery,dual-source AUC + 12 SAFE cells + BROAD,111 pass dual AUC (max SAFE 10/12); 7 pass SAFE 12/12; 0 both; 0 BROAD; best new SAFE candidate drops SCIGEN worst AUC 0.552781 -> 0.526551 (fail),fail-gate,yes,2026-08-08-next112-next114-cmvom-no-dft-search.md | docs/plans/2026-08-08-next112-next114-obstruction-morphology-implementation.md | SSD/workspace_data/newpauling/next114_cmvom_frontier_rescue_v1/MANIFEST.json :: freeze_authorized=False; passes_all_cross_source_discovery_gates=False; candidate_count=2688 || SSD/
131,NEXT115,2026-08-08,search/test,Hall closure invariants (interval-flow obstruction LP),prototype bipartite interval graphs + raw structures,exact closure-LP vs exhaustive-subset equivalence and invariance checks,"max abs error 2.220446049250313e-15 over 5,000 graphs; 0 fractional primary solutions; 0 flow-feasibility mismatches",probe-pass,yes,line 44 | docs/plans/2026-08-08-next115-hall-closure-design.md | artifact mtime: docs/plans/2026-08-08-next115-hall-closure-design.md
132,NEXT116,2026-08-08,search/test,Hall closure invariants (HCID cross-source feature freeze),SCIGEN+WyFormer discovery,label-free feature coverage matching NEXT113 sign-pattern support,"SCIGEN 7,696 core / 11,194 expanded supported of 13,470; WyFormer 3,722 / 4,545 of 5,232",probe-pass,yes,line 100 | docs/plans/2026-08-08-next115-next117-hall-closure-implementation.md | artifact mtime: docs/plans/2026-08-08-next116-hcid-feature-freeze.json
133,NEXT117,2026-08-08,search/test,Hall closure invariants (HCID frontier search),SCIGEN+WyFormer discovery,six source-AUC + SAFE12 + BROAD discovery gates,"11,349 candidates; 6,176 pass six AUC; 463 pass SAFE12; 0 pass both; 0 pass BROAD; 44 candidates reach 11/12 SAFE (up from 10/12)",fail-gate,yes,line 171 | docs/plans/2026-08-08-next115-next117-hall-closure-implementation.md | SSD/workspace_data/newpauling/next117_hcid_frontier_rescue_v1/MANIFEST.json :: freeze_authorized=False; passes_all_cross_source_discovery_gates=False; candidate_count=11349 || SSD/
134,NEXT118,2026-08-08,search/test,metallic applicability protection,SCIGEN+WyFormer discovery,six source-AUC + SAFE12 gates,"44*120 binary + 16,500 continuous + 595/1,650/1,050 rescue variants: no SAFE12+AUC intersection; best SAFE12-side SCIGEN worst-lattice AUC ~0.528143",abandoned-family,yes,line 300 | docs/plans/2026-08-08-next118-metallic-applicability-protection-design.md | artifact mtime: docs/plans/2026-08-08-next118-metallic-applicability-protection-design.md
135,NEXT119,2026-08-08,search/test,bounded valence-transport budget (BVTBD closed-form design),prototype,kernel/builder tests incl. multi-coordinate oracle,passed 20 kernel/builder tests; earlier exact TRF box prototype abandoned (>20-min latency tail),probe-pass,yes,line 323 | docs/plans/2026-08-08-next119-bounded-valence-transport-design.md | artifact mtime: tests/test_next119_bounded_valence_transport.py
136,NEXT120,2026-08-08,search/test,BVTBD label-free feature build,SCIGEN+WyFormer discovery,label-free feature coverage,"SCIGEN 13,008/13,470 supported; WyFormer 4,984/5,232; all 11 features finite",probe-pass,yes,line 358 | docs/plans/2026-08-08-next120-bvtbd-feature-freeze.json | artifact mtime: tests/test_next120_cross_source_bvtbd_features.py
137,NEXT121,2026-08-08,search/test,BVTBD frontier rescue search,SCIGEN+WyFormer discovery,six source-AUC + SAFE12 + BROAD discovery gates,"59,319 candidates; 11,450 pass six AUC; 3,573 SAFE12; 0 both; closest SAFE12 SCIGEN worst AUC 0.544910787 < 0.55 (deficit 0.005089213)",fail-gate,yes,line 391 | docs/plans/2026-08-08-next121-bvtbd-frontier-rescue-design.md | SSD/workspace_data/newpauling/next121_bvtbd_frontier_rescue_v1/MANIFEST.json :: freeze_authorized=False; passes_all_cross_source_discovery_gates=False; candidate_count=59319 || SSD
138,NEXT122,2026-08-08,search/test,fixed SAFE12 BVTC/PRLR rescue,SCIGEN+WyFormer discovery,six source-AUC + SAFE12 + BROAD discovery gates,"14,292 candidates; 572 pass six AUC; 7,169 SAFE12; 0 both; closest SAFE12 SCIGEN worst AUC 0.547835972 (deficit 0.002164028); 0 BROAD",fail-gate,yes,line 512 | docs/plans/2026-08-08-next122-safe12-bvtc-prlr-rescue-design.md | SSD/workspace_data/newpauling/next122_safe12_bvtc_prlr_rescue_v1/MANIFEST.json :: freeze_authorized=False; passes_all_cross_source_discovery_gates=False; candidate_count=14292 || S
139,NEXT123,2026-08-08,search/test,multiscale Hall contact robustness (MHCR design),SCIGEN+WyFormer discovery,frozen label-free feature construction,NA,probe-pass,no,line 616 | docs/plans/2026-08-08-next123-multiscale-hall-contact-robustness-design.md | artifact mtime: docs/plans/2026-08-08-next123-multiscale-hall-contact-robustness-design.md
140,NEXT124,2026-08-08,search/test,MHCR label-free feature build,SCIGEN+WyFormer discovery,label-free coverage + redundancy cutoff,"core supported 7,696/13,470 SCIGEN, 3,722/5,232 WyFormer; max pairwise Spearman ~0.561158 < 0.98 cutoff",probe-pass,yes,line 629 | docs/plans/2026-08-08-next123-next125-mhcr-implementation.md | artifact mtime: tests/test_next124_cross_source_mhcr_features.py
141,NEXT125,2026-08-08,search/test,MHCR frontier rescue search,SCIGEN+WyFormer discovery,six source-AUC + SAFE12 + BROAD discovery gates,"57,178 candidates; 260 pass six AUC + SAFE12 (first closure of the AUC-SAFE12 conflict); 0 pass BROAD; best min AUC margin +0.003498697",fail-gate,yes,line 660 | docs/plans/2026-08-08-next123-next125-mhcr-implementation.md | SSD/workspace_data/newpauling/next125_mhcr_frontier_rescue_v1/MANIFEST.json :: freeze_authorized=False; passes_all_cross_source_discovery_gates=False; candidate_count=57178 || SSD/
142,NEXT126,2026-08-08,search/test,Hall-profile persistence (HPP) feature,SCIGEN+WyFormer discovery,label-free feature build,"SCIGEN 499 nonzero of 11,194 supported (Spearman vs tau50 0.641163); WyFormer 629/4,545 (0.740195)",probe-pass,yes,line 765 | docs/plans/2026-08-08-next126-next127-hall-profile-persistence.md | artifact mtime: docs/plans/2026-08-08-next126-next127-hall-profile-persistence.md
143,NEXT127,2026-08-08,search/test,HPP rescue search,SCIGEN+WyFormer discovery,six source-AUC + SAFE12 + BROAD discovery gates,"1,300 candidates; 1,300 pass AUC; 396 SAFE12; 0 BROAD; branch terminated",fail-gate,yes,line 797 | docs/plans/2026-08-08-next126-next127-hall-profile-persistence.md | SSD/workspace_data/newpauling/next127_hall_profile_persistence_rescue_v1/MANIFEST.json :: freeze_authorized=False; passes_all_cross_source_discovery_gates=False; candidate_count=13
144,NEXT128,2026-08-08,diagnostic,exact BROAD residual diagnostic of NEXT125 laws,SCIGEN+WyFormer discovery labels (offline),exact Pauling-Pareto threshold enumeration,all 260 laws fail exactly six SCIGEN protected_kept constraints; best normalized six-cell shortfall 1.153343964; kept 2467/3045 aggregate,diagnostic-only,yes,line 851 | docs/plans/2026-08-08-next128-broad-residual-diagnostic.md | artifact mtime: docs/plans/2026-08-08-next128-broad-residual-diagnostic.md
145,NEXT129,2026-08-08,search/test,high-coordination protection feature,SCIGEN+WyFormer discovery,label-free feature build,"coverage 13,470/13,470 SCIGEN and 5,229/5,232 WyFormer; positive on 7,258 / 2,080 rows",probe-pass,yes,line 889 | docs/plans/2026-08-08-next129-next130-coordination-protection.md | artifact mtime: docs/plans/2026-08-08-next129-next130-coordination-protection.md
146,NEXT130,2026-08-08,search/test,coordination-protection search,SCIGEN+WyFormer discovery,six source-AUC + SAFE12 + BROAD discovery gates,"1,560 candidates; all retain AUC; 454 retain SAFE12; 0 BROAD",fail-gate,yes,line 915 | docs/plans/2026-08-08-next129-next130-coordination-protection.md | SSD/workspace_data/newpauling/next130_coordination_protection_search_v1/MANIFEST.json :: freeze_authorized=False; passes_all_cross_source_discovery_gates=False; candidate_count=156
147,NEXT131,2026-08-08,diagnostic,residual after coordination protection,SCIGEN+WyFormer discovery labels (offline),exact BROAD threshold residual,same six SCIGEN protected_kept failures; best weight-2 shortfall 0.792624940 (~31% smaller than 1.153343964),diagnostic-only,yes,line 954 | docs/plans/2026-08-08-next131-protected-broad-residual-diagnostic.md | SSD/workspace_data/newpauling/next131_protected_broad_residual_diagnostic_v1/NEXT131_PROTECTED_BROAD_RESIDUAL_DIAGNOSTIC.json :: candidate_count=260; candidate_count=112; candidate
148,NEXT132,2026-08-08,search/test,higher-weight coordination termination search,SCIGEN+WyFormer discovery,six source-AUC + SAFE12 + BROAD discovery gates,weights 3/4/6 lose SAFE12; 8/12 lose AUC; 0 BROAD; univariate weight extrapolation terminated,fail-gate,yes,line 983 | docs/plans/2026-08-08-next132-extended-coordination-protection-search-freeze.json | SSD/workspace_data/newpauling/next132_extended_coordination_protection_search_v1/MANIFEST.json :: freeze_authorized=False; passes_all_cross_source_discovery_gates=False; candidate_
149,NEXT133,2026-08-08,search/test,compactness protection features (low volume; covalent packing),SCIGEN+WyFormer discovery,label-free feature build (residual-audit motivated),"low geom_volume_pa pooled AUC 0.734414, worst-fold 0.707213 in residual audit; full support 13,470 + 5,232",probe-pass,yes,line 1000 | docs/plans/2026-08-08-next133-next134-compactness-protection.md | artifact mtime: docs/plans/2026-08-08-next133-next134-compactness-protection.md
150,NEXT134,2026-08-08,search/test,compactness-protection search,SCIGEN+WyFormer discovery,six source-AUC + SAFE12 + BROAD discovery gates,539 candidates; 264 AUC; 93 SAFE12; 79 both; 0 BROAD; some raise SCIGEN worst AUC to ~0.56410,fail-gate,yes,line 1027 | docs/plans/2026-08-08-next133-next134-compactness-protection.md | SSD/workspace_data/newpauling/next134_compactness_protection_search_v1/MANIFEST.json :: freeze_authorized=False; passes_all_cross_source_discovery_gates=False; candidate_count=539 
151,NEXT135,2026-08-08,search/test,conjunctive-product protection search,SCIGEN+WyFormer discovery,six source-AUC + SAFE12 + BROAD discovery gates,539 candidates; 539 AUC; 119 SAFE12; 0 BROAD; best SCIGEN pooled/macro/worst 0.841038584/0.691965848/0.559729221,fail-gate,yes,line 1078 | docs/plans/2026-08-08-next135-conjunctive-compactness-search-freeze.json | SSD/workspace_data/newpauling/next135_conjunctive_compactness_search_v1/MANIFEST.json :: freeze_authorized=False; passes_all_cross_source_discovery_gates=False; candidate_count=539
152,NEXT136,2026-08-08,diagnostic,residual after product protection,SCIGEN+WyFormer discovery labels (offline),exact BROAD threshold residual,best shortfall 0.773270972 (further -2.44%); kept 2656/3045; same six SCIGEN protected_kept failures,diagnostic-only,yes,line 1119 | docs/plans/2026-08-08-next136-conjunctive-broad-residual-diagnostic.md | SSD/workspace_data/newpauling/next136_conjunctive_broad_residual_diagnostic_v1/NEXT136_CONJUNCTIVE_BROAD_RESIDUAL_DIAGNOSTIC.json :: candidate_count=11; candidate_count=11; candida
153,NEXT137,2026-08-08,search/test,conjunctive-min bottleneck search,SCIGEN+WyFormer discovery,six source-AUC + SAFE12 + BROAD discovery gates,539 candidates; 517 AUC; 66 SAFE12; 0 BROAD,fail-gate,yes,line 1141 | docs/plans/2026-08-08-next137-conjunctive-bottleneck-search-freeze.json | SSD/workspace_data/newpauling/next137_conjunctive_bottleneck_search_v1/MANIFEST.json :: freeze_authorized=False; passes_all_cross_source_discovery_gates=False; candidate_count=539 
154,NEXT138,2026-08-08,diagnostic,bottleneck residual diagnostic,SCIGEN+WyFormer discovery labels (offline),exact BROAD threshold residual,"best min-law shortfall 0.786391801, worse than product 0.773270972; coordination-by-compactness grammar closed",diagnostic-only,yes,line 1141 | docs/plans/2026-08-08-next138-bottleneck-broad-residual-diagnostic.md | SSD/workspace_data/newpauling/next138_bottleneck_broad_residual_diagnostic_v1/NEXT138_BOTTLENECK_BROAD_RESIDUAL_DIAGNOSTIC.json :: candidate_count=11; candidate_count=44; candidate
155,NEXT139,2026-08-08,search/test,analytic Ewald field protection feature,SCIGEN+WyFormer discovery,label-free feature build,"-aefi_field_max protected-vs-severe AUC SCIGEN 0.8268/0.7612, WyFormer 0.6397/0.6183; support 13,260/13,470 and 5,204/5,232",probe-pass,yes,line 1211 | docs/plans/2026-08-08-next139-analytic-field-protection.md | artifact mtime: docs/plans/2026-08-08-next139-analytic-field-protection.md
156,NEXT140,2026-08-08,search/test,analytic-field protection search,SCIGEN+WyFormer discovery,six source-AUC + SAFE12 + BROAD discovery gates,88 candidates; 33 SAFE12 (weights <=0.25); weights >=4 lose AUC; 0 BROAD,fail-gate,yes,line 1240 | docs/plans/2026-08-08-next140-analytic-field-protection-search-freeze.json | SSD/workspace_data/newpauling/next140_analytic_field_protection_search_v1/MANIFEST.json :: freeze_authorized=False; passes_all_cross_source_discovery_gates=False; candidate_count=8
157,NEXT141,2026-08-08,diagnostic,analytic-field residual diagnostic,SCIGEN+WyFormer discovery labels (offline),exact BROAD threshold residual,shortfall worsens 0.792624940 -> 0.794374063 -> 0.820177208 with weight; branch closed,diagnostic-only,yes,line 1254 | docs/plans/2026-08-08-next141-analytic-field-broad-residual-diagnostic.md | SSD/workspace_data/newpauling/next141_analytic_field_broad_residual_diagnostic_v1/NEXT141_ANALYTIC_FIELD_BROAD_RESIDUAL_DIAGNOSTIC.json :: candidate_count=11; candidate_count=11; c
158,NEXT142,2026-08-08,diagnostic,threshold-local retention audit,SCIGEN+WyFormer discovery labels (offline),threshold-local protected-vs-severe AUC over 149 features,selected lower acsb_site_residual_max: SCIGEN 0.647826/0.647564/0.626170; WyFormer pooled 0.548078,diagnostic-only,yes,line 1304 | docs/plans/2026-08-08-next142-threshold-local-retention-audit.md | artifact mtime: docs/plans/2026-08-08-next142-threshold-local-retention-audit.md
159,NEXT143,2026-08-08,search/test,Coulomb-steric balance protection feature (ACSB),SCIGEN+WyFormer discovery,label-free feature build (parameter-free),"support 13,260/13,470 and 5,204/5,232; positive on 5,880 / 2,016 rows",probe-pass,yes,line 1341 | docs/plans/2026-08-08-next143-coulomb-steric-balance-protection.md | artifact mtime: docs/plans/2026-08-08-next143-coulomb-steric-balance-protection.md
160,NEXT144,2026-08-08,search/test,balance-protection search,SCIGEN+WyFormer discovery,six source-AUC + SAFE12 + BROAD discovery gates,88 candidates; 22 SAFE12 (weights 0 and 0.1); 0 BROAD,fail-gate,yes,line 1364 | docs/plans/2026-08-08-next144-coulomb-steric-balance-protection-search-freeze.json | SSD/workspace_data/newpauling/next144_coulomb_steric_balance_protection_search_v1/MANIFEST.json :: freeze_authorized=False; passes_all_cross_source_discovery_gates=False; candidate
161,NEXT145,2026-08-08,diagnostic,balance residual diagnostic,SCIGEN+WyFormer discovery labels (offline),exact BROAD threshold residual,shortfall 0.792624940 at w=0 worsens to 0.812704862 at w=0.1; branch terminated,diagnostic-only,yes,line 1364 | docs/plans/2026-08-08-next145-coulomb-steric-balance-broad-residual-diagnostic.md | SSD/workspace_data/newpauling/next145_coulomb_steric_balance_broad_residual_diagnostic_v1/NEXT145_COULOMB_STERIC_BALANCE_BROAD_RESIDUAL_DIAGNOSTIC.json :: candidate_count=11; candi
162,NEXT146,2026-08-08,search/test,sparse balance exemption search,SCIGEN+WyFormer discovery,six source-AUC + SAFE12 + BROAD discovery gates,231 candidates; 55 SAFE12; 0 BROAD,fail-gate,yes,line 1428 | docs/plans/2026-08-08-next146-conditional-balance-exemption-search-freeze.json | SSD/workspace_data/newpauling/next146_conditional_balance_exemption_search_v1/MANIFEST.json :: freeze_authorized=False; passes_all_cross_source_discovery_gates=False; candidate_cou
163,NEXT147,2026-08-08,diagnostic,exemption residual diagnostic,SCIGEN+WyFormer discovery labels (offline),exact BROAD threshold residual,every cutoff worsens residual (0.814260497-0.824271884 vs 0.792624940 baseline); ACSB axis closed,diagnostic-only,yes,line 1446 | docs/plans/2026-08-08-next147-conditional-balance-exemption-broad-residual-diagnostic.md | SSD/workspace_data/newpauling/next147_conditional_balance_exemption_broad_residual_diagnostic_v1/NEXT147_CONDITIONAL_BALANCE_EXEMPTION_BROAD_RESIDUAL_DIAGNOSTIC.json :: candidate_c
164,NEXT148,2026-08-08,search/test,formal-charge spectrum protection feature,SCIGEN+WyFormer discovery,label-free feature build,"lower csf_long_fraction shell AUC SCIGEN 0.598915/0.570485; WyFormer 0.649294/0.615480; support 13,260 / 5,204",probe-pass,yes,line 1480 | docs/plans/2026-08-08-next148-charge-order-spectrum-protection.md | artifact mtime: docs/plans/2026-08-08-next148-charge-order-spectrum-protection.md
165,NEXT149,2026-08-08,search/test,spectrum-protection search,SCIGEN+WyFormer discovery,six source-AUC + SAFE12 + BROAD discovery gates,88 candidates; 33 SAFE12; all positive weights fail source-AUC gates; 0 BROAD,fail-gate,yes,line 1498 | docs/plans/2026-08-08-next149-charge-order-spectrum-protection-search-freeze.json | SSD/workspace_data/newpauling/next149_charge_order_spectrum_protection_search_v1/MANIFEST.json :: freeze_authorized=False; passes_all_cross_source_discovery_gates=False; candidate_
166,NEXT150,2026-08-08,diagnostic,spectrum residual diagnostic,SCIGEN+WyFormer discovery labels (offline),exact BROAD threshold residual,weight-1 shortfall 0.848774725; weight-2 4.303826445 with 12 BROAD failures; branch closed,diagnostic-only,yes,line 1513 | docs/plans/2026-08-08-next150-charge-order-spectrum-broad-residual-diagnostic.md | SSD/workspace_data/newpauling/next150_charge_order_spectrum_broad_residual_diagnostic_v1/NEXT150_CHARGE_ORDER_SPECTRUM_BROAD_RESIDUAL_DIAGNOSTIC.json :: candidate_count=11; candida
167,NEXT151,2026-08-08,diagnostic,contribution-multiplicity audit,SCIGEN+WyFormer discovery labels (offline),cross-source shell eligibility of 14 aggregation statistics,"sum_minus_top2 sole eligible; shell AUC SCIGEN 0.580291/0.579997/0.556517, WyFormer pooled 0.647729",diagnostic-only,yes,line 1569 | docs/plans/2026-08-08-next151-violation-multiplicity-audit.md | SSD/workspace_data/newpauling/next151_violation_multiplicity_audit_v1/MANIFEST.json :: eligible_aggregation_count=1
168,NEXT152,2026-08-08,search/test,complete top-two trimming search,SCIGEN+WyFormer discovery,six source-AUC + SAFE12 + BROAD discovery gates,176 candidates; 62 SAFE12; 0 pass AUC (best WyFormer pooled 0.740505 < 0.75); 0 BROAD,fail-gate,yes,line 1605 | docs/plans/2026-08-08-next152-trimmed-joint-base-search.md | SSD/workspace_data/newpauling/next152_trimmed_joint_base_search_v1/MANIFEST.json :: freeze_authorized=False; passes_all_cross_source_discovery_gates=False; candidate_count=176 || S
169,NEXT153,2026-08-08,search/test,top-two attenuation homotopy search,SCIGEN+WyFormer discovery,six source-AUC + SAFE12 + BROAD discovery gates,66 candidates; gamma 0 and 0.1 each retain 11 AUC+SAFE12; 0 BROAD,fail-gate,yes,line 1632 | docs/plans/2026-08-08-next153-top2-attenuation-homotopy-search.md | SSD/workspace_data/newpauling/next153_top2_attenuation_homotopy_search_v1/MANIFEST.json :: freeze_authorized=False; passes_all_cross_source_discovery_gates=False; candidate_count=6
170,NEXT154,2026-08-08,diagnostic,attenuation residual diagnostic,SCIGEN+WyFormer discovery labels (offline),exact BROAD threshold residual,gamma=0: 0.773270972; gamma=0.1: 0.773960122; top-two attenuation terminated,diagnostic-only,yes,line 1653 | docs/plans/2026-08-08-next154-top2-attenuation-broad-residual-diagnostic.md | SSD/workspace_data/newpauling/next154_top2_attenuation_broad_residual_diagnostic_v1/MANIFEST.json :: candidate_count=22 || SSD/workspace_data/newpauling/next154_top2_attenuation_br
171,NEXT155,2026-08-08,diagnostic,robust saturation audit,SCIGEN+WyFormer discovery labels (offline),cross-source eligibility of 9 saturation statistics,"sum_clip_0p5 selected; shell AUC SCIGEN 0.580381/0.561724, WyFormer 0.655086; full-extreme 0.821189/0.780613",diagnostic-only,yes,line 1677 | docs/plans/2026-08-08-next155-robust-contribution-transform-audit.md | SSD/workspace_data/newpauling/next155_robust_contribution_transform_audit_v1/MANIFEST.json :: eligible_statistic_count=2
172,NEXT156,2026-08-08,search/test,capped-contribution law search,SCIGEN+WyFormer discovery,six source-AUC + SAFE12 + BROAD discovery gates,176 candidates; all 176 pass AUC; 0 SAFE12; 0 BROAD; cap=0.5 branch terminated,fail-gate,yes,line 1701 | docs/plans/2026-08-08-next156-capped-contribution-joint-base-search.md | SSD/workspace_data/newpauling/next156_capped_contribution_joint_base_search_v1/MANIFEST.json :: freeze_authorized=False; passes_all_cross_source_discovery_gates=False; candidate_co
173,NEXT157,2026-08-08,diagnostic,mechanism-family consensus audit,SCIGEN+WyFormer discovery labels (offline),cross-source eligibility of 10 family statistics,"family_capped_mean_sum selected (3/10 eligible); shell AUC SCIGEN 0.583555/0.565260, WyFormer 0.656105",diagnostic-only,yes,line 1759 | docs/plans/2026-08-08-next157-mechanism-family-consensus-audit.md | SSD/workspace_data/newpauling/next157_mechanism_family_consensus_audit_v1/MANIFEST.json :: eligible_statistic_count=3
174,NEXT158,2026-08-08,search/test,family-consensus law search,SCIGEN+WyFormer discovery,six source-AUC + SAFE12 + BROAD discovery gates,176 candidates; 88 pass AUC; 3 pass AUC+SAFE12; 0 BROAD,fail-gate,yes,line 1794 | docs/plans/2026-08-08-next158-mechanism-family-consensus-search.md | SSD/workspace_data/newpauling/next158_mechanism_family_consensus_search_v1/MANIFEST.json :: freeze_authorized=False; passes_all_cross_source_discovery_gates=False; candidate_count=
175,NEXT159,2026-08-08,diagnostic,family-consensus residual,SCIGEN+WyFormer discovery labels (offline),exact BROAD threshold residual,all three candidates: six SCIGEN protected_kept failures; shortfall 0.868227031 at threshold 0.2342942909,diagnostic-only,yes,line 1812 | docs/plans/2026-08-08-next159-mechanism-family-broad-residual-diagnostic.md | SSD/workspace_data/newpauling/next159_mechanism_family_broad_residual_diagnostic_v1/MANIFEST.json :: candidate_count=3 || SSD/workspace_data/newpauling/next159_mechanism_family_bro
176,NEXT160,2026-08-08,search/test,hard family-concurrence rescue search,SCIGEN+WyFormer discovery,six source-AUC gates,352 candidates; 0 pass AUC (best WyFormer pooled ~0.714 < 0.75); terminated,fail-gate,yes,line 1836 | docs/plans/2026-08-08-next160-secondary-family-consensus-rescue.md | SSD/workspace_data/newpauling/next160_secondary_family_consensus_rescue_v1/MANIFEST.json :: freeze_authorized=False; passes_all_cross_source_discovery_gates=False; candidate_count=
177,NEXT161,2026-08-08,diagnostic,dominant-family attenuation audit,SCIGEN+WyFormer discovery labels (offline),preregistered audit gates over gamma grid,"gamma=0.1 selected; shell AUC SCIGEN 0.584479/0.563379, WyFormer 0.654297",diagnostic-only,yes,line 1855 | docs/plans/2026-08-08-next161-family-dominance-attenuation-audit.md | SSD/workspace_data/newpauling/next161_family_dominance_attenuation_audit_v1/MANIFEST.json :: eligible_statistic_count=4
178,NEXT162,2026-08-08,search/test,dominance attenuation search,SCIGEN+WyFormer discovery,six source-AUC + SAFE12 + BROAD discovery gates,176 candidates; 88 pass AUC; 0 SAFE12; 0 BROAD; closest 11/12 SAFE,fail-gate,yes,line 1870 | docs/plans/2026-08-08-next162-family-dominance-attenuation-search.md | SSD/workspace_data/newpauling/next162_family_dominance_attenuation_search_v1/MANIFEST.json :: freeze_authorized=False; passes_all_cross_source_discovery_gates=False; candidate_coun
179,NEXT163,2026-08-08,search/test,interior family-attenuation search,SCIGEN+WyFormer discovery,six source-AUC + SAFE12 + BROAD discovery gates,704 new candidates; 12 AUC+SAFE12 in total; 0 BROAD,fail-gate,yes,line 1896 | docs/plans/2026-08-08-next163-interior-family-attenuation-search.md | SSD/workspace_data/newpauling/next163_interior_family_attenuation_search_v1/MANIFEST.json :: freeze_authorized=False; passes_all_cross_source_discovery_gates=False; candidate_count
180,NEXT164,2026-08-08,diagnostic,interior attenuation residual,SCIGEN+WyFormer discovery labels (offline),exact BROAD threshold residual,best gamma=0.075 shortfall 0.860418594 (-0.007808437); same six failures; branch terminated,diagnostic-only,yes,line 1910 | docs/plans/2026-08-08-next164-interior-attenuation-broad-residual.md | SSD/workspace_data/newpauling/next164_interior_attenuation_broad_residual_v1/MANIFEST.json :: candidate_count=12 || SSD/workspace_data/newpauling/next164_interior_attenuation_broad
181,NEXT165,2026-08-08,diagnostic,family-specific repair audit,SCIGEN+WyFormer discovery labels (offline),cross-source eligibility of 15 family statistics,"0/15 eligible; top valence_transport_margin SCIGEN shell 0.537442/0.518900, WyFormer 0.531324",diagnostic-only,yes,line 1980 | docs/plans/2026-08-08-next165-family-specific-repair-audit.md | SSD/workspace_data/newpauling/next165_family_specific_repair_audit_v1/MANIFEST.json :: eligible_statistic_count=0
182,NEXT166,2026-08-08,search/test,periodic contact-topology translation rank features,SCIGEN+WyFormer discovery,label-free feature build (exact integer rank),"Voronoi supported 13,220/13,470 SCIGEN and 5,138/5,232 WyFormer; CrystalNN 12,749 / 5,026",probe-pass,yes,line 2043 | docs/plans/2026-08-08-next166-periodic-contact-topology-features.md | artifact mtime: docs/plans/2026-08-08-next166-periodic-contact-topology-features.md
183,NEXT167,2026-08-08,search/test,contact-topology threshold-local audit,SCIGEN+WyFormer discovery labels (offline),cross-source repair-shell eligibility of 14 hypotheses,0/14 eligible; top lower CrystalNN rank-0 fraction shell 0.507595/0.503752 (near random); branch terminated,abandoned-family,yes,line 2085 | docs/plans/2026-08-08-next167-periodic-contact-topology-audit.md | SSD/workspace_data/newpauling/next167_periodic_contact_topology_audit_v1/MANIFEST.json :: eligible_hypothesis_count=0
184,NEXT168,2026-08-08,search/test,local directional rigidity features (Gram tensor),SCIGEN+WyFormer discovery,label-free feature build,"support 13,220 & 12,749 SCIGEN, 5,138 & 5,026 WyFormer; features non-degenerate",probe-pass,yes,line 2130 | docs/plans/2026-08-08-next168-next170-periodic-local-directional-rigidity.md | artifact mtime: docs/plans/2026-08-08-next168-next170-periodic-local-directional-rigidity.md
185,NEXT169,2026-08-08,search/test,directional-rigidity audit,SCIGEN+WyFormer discovery labels (offline),cross-source repair-shell eligibility gates,"5/10 eligible (all CrystalNN); min tightness shell 0.620496/0.593120 SCIGEN, WyFormer 0.611461; full 0.791050/0.672382",probe-pass,yes,line 2178 | docs/plans/2026-08-08-next168-next170-periodic-local-directional-rigidity.md | SSD/workspace_data/newpauling/next169_periodic_local_directional_rigidity_audit_v1/MANIFEST.json :: eligible_hypothesis_count=5
186,NEXT170,2026-08-08,search/test,bounded rigidity attenuation search,SCIGEN+WyFormer discovery,six source-AUC + SAFE12 + BROAD discovery gates,41 candidates; 41 AUC; 4 SAFE12; 0 BROAD,fail-gate,yes,line 2214 | docs/plans/2026-08-08-next168-next170-periodic-local-directional-rigidity.md | SSD/workspace_data/newpauling/next170_local_directional_rigidity_attenuation_search_v1/MANIFEST.json :: freeze_authorized=False; passes_all_cross_source_discovery_gates=False; cand
187,NEXT171,2026-08-08,search/test,repair-interval rigidity attenuation search,SCIGEN+WyFormer discovery,six source-AUC + SAFE12 + BROAD discovery gates,41 candidates; 39 AUC; 41 SAFE12; 0 BROAD; operator family terminated,fail-gate,yes,line 2273 | docs/plans/2026-08-08-next171-repair-interval-local-rigidity-search.md | SSD/workspace_data/newpauling/next171_repair_interval_local_rigidity_search_v1/MANIFEST.json :: freeze_authorized=False; passes_all_cross_source_discovery_gates=False; candidate_co
188,NEXT172,2026-08-08,diagnostic,interval-localization residual,SCIGEN+WyFormer discovery labels (offline),exact BROAD threshold residual,base best 0.860418594; every rigidity correction worse (0.870641913-0.875999650); same six failures,diagnostic-only,yes,line 2338 | docs/plans/2026-08-08-next172-repair-interval-broad-residual-diagnostic.md | SSD/workspace_data/newpauling/next172_repair_interval_broad_residual_diagnostic_v1/MANIFEST.json :: new_formula_selected=False; candidate_count=39 || SSD/workspace_data/newpauling/
189,NEXT173,2026-08-08,search/test,weighted local directional rigidity features,SCIGEN+WyFormer discovery,label-free feature build,"support identical to NEXT168 (13,220/12,749 and 5,138/5,026)",probe-pass,yes,line 2400 | docs/plans/2026-08-08-next173-next174-weighted-local-directional-rigidity.md | artifact mtime: docs/plans/2026-08-08-next173-next174-weighted-local-directional-rigidity.md
190,NEXT174,2026-08-08,search/test,weighted rigidity audit,SCIGEN+WyFormer discovery labels (offline),cross-source repair-shell eligibility gates,"5/10 eligible; weighted min tightness 0.624395/0.602054 SCIGEN, WyFormer 0.620006; full 0.795250/0.680616",probe-pass,yes,line 2418 | docs/plans/2026-08-08-next173-next174-weighted-local-directional-rigidity.md | SSD/workspace_data/newpauling/next174_weighted_local_directional_rigidity_audit_v1/MANIFEST.json :: eligible_hypothesis_count=5
191,NEXT175,2026-08-08,search/test,weighted-rigidity repair-width search,SCIGEN+WyFormer discovery,six source-AUC + SAFE12 + BROAD discovery gates,41 candidates; 40 AUC; 41 SAFE12; 0 BROAD,fail-gate,yes,line 2443 | docs/plans/2026-08-08-next175-weighted-rigidity-repair-width-search.md | SSD/workspace_data/newpauling/next175_weighted_rigidity_repair_width_search_v1/MANIFEST.json :: freeze_authorized=False; passes_all_cross_source_discovery_gates=False; candidate_co
192,NEXT176,2026-08-08,diagnostic,weighted-rigidity residual,SCIGEN+WyFormer discovery labels (offline),exact BROAD threshold residual,q10 tightness alpha=1 shortfall 0.860419 -> 0.847144; all six failures retained,diagnostic-only,yes,line 2461 | docs/plans/2026-08-08-next176-weighted-rigidity-broad-residual-diagnostic.md | SSD/workspace_data/newpauling/next176_weighted_rigidity_broad_residual_diagnostic_v1/MANIFEST.json :: new_formula_selected=False; candidate_count=40 || SSD/workspace_data/newpaulin
193,NEXT177,2026-08-08,search/test,amplitude-boundary extension search,SCIGEN+WyFormer discovery,six source-AUC + SAFE12 + BROAD discovery gates,alpha 1-4 one-time extension; no BROAD; AUC retained through alpha=1.5,fail-gate,yes,line 2476 | docs/plans/2026-08-08-next177-weighted-rigidity-amplitude-extension-search.md | SSD/workspace_data/newpauling/next177_weighted_rigidity_amplitude_extension_search_v1/MANIFEST.json :: freeze_authorized=False; passes_all_cross_source_discovery_gates=False; candi
194,NEXT178,2026-08-08,diagnostic,amplitude-extension residual,SCIGEN+WyFormer discovery labels (offline),exact BROAD threshold residual,best admissible 0.834952 at alpha=1.5; protected 2625/3045; pure amplitude extension closed,diagnostic-only,yes,line 2483 | docs/plans/2026-08-08-next178-amplitude-extension-broad-residual-diagnostic.md | SSD/workspace_data/newpauling/next178_amplitude_extension_broad_residual_diagnostic_v1/MANIFEST.json :: new_formula_selected=False; candidate_count=8 || SSD/workspace_data/newpauli
195,NEXT179,2026-08-08,search/test,strong-neighborhood directional closure features,SCIGEN+WyFormer discovery,label-free feature build,support matched NEXT173 exactly,probe-pass,yes,line 2500 | docs/plans/2026-08-08-next179-next180-strong-neighborhood-directional-closure.md | artifact mtime: docs/plans/2026-08-08-next179-next180-strong-neighborhood-directional-closure.md
196,NEXT180,2026-08-08,search/test,strong-closure audit,SCIGEN+WyFormer discovery labels (offline),cross-source repair-shell eligibility gates,"6/10 eligible; CrystalNN min closure 0.622388/0.604697 SCIGEN, WyFormer 0.618061; full 0.795517/0.682956",probe-pass,yes,line 2519 | docs/plans/2026-08-08-next179-next180-strong-neighborhood-directional-closure.md | SSD/workspace_data/newpauling/next180_strong_neighborhood_directional_closure_audit_v1/MANIFEST.json :: eligible_hypothesis_count=6
197,NEXT181,2026-08-08,search/test,repair-width closure search,SCIGEN+WyFormer discovery,six source-AUC + SAFE12 + BROAD discovery gates,49 candidates; 47 AUC; 49 SAFE12; 0 BROAD,fail-gate,yes,line 2545 | docs/plans/2026-08-08-next181-strong-closure-repair-width-search.md | SSD/workspace_data/newpauling/next181_strong_closure_repair_width_search_v1/MANIFEST.json :: freeze_authorized=False; passes_all_cross_source_discovery_gates=False; candidate_count
198,NEXT182,2026-08-08,search/test,family-targeted closure search,SCIGEN+WyFormer discovery,six source-AUC + SAFE12 + BROAD discovery gates,25 candidates; 24 AUC; 25 SAFE12; 0 BROAD,fail-gate,yes,line 2554 | docs/plans/2026-08-08-next182-local-family-closure-attenuation-search.md | SSD/workspace_data/newpauling/next182_local_family_closure_attenuation_search_v1/MANIFEST.json :: freeze_authorized=False; passes_all_cross_source_discovery_gates=False; candidate_
199,NEXT183,2026-08-08,search/test,nonlocal-cleanliness conditional certificate audit,SCIGEN+WyFormer discovery labels (offline),cross-source repair-shell eligibility of 36 hypotheses,"20/36 eligible; selected closure_min*clean_mean shell 0.621148/0.603091 SCIGEN, WyFormer 0.615796; full 0.806105/0.695713",probe-pass,yes,line 2599 | docs/plans/2026-08-08-next183-next184-conditional-nonlocal-cleanliness-closure.md | SSD/workspace_data/newpauling/next183_conditional_nonlocal_closure_audit_v1/MANIFEST.json :: eligible_hypothesis_count=20
200,NEXT184,2026-08-08,search/test,conditional-certificate formula search,SCIGEN+WyFormer discovery,six source-AUC + SAFE12 + BROAD discovery gates,121 candidates; 93 AUC; 121 SAFE; 0 BROAD,fail-gate,yes,line 2642 | docs/plans/2026-08-08-next183-next184-conditional-nonlocal-cleanliness-closure.md | SSD/workspace_data/newpauling/next184_conditional_nonlocal_closure_search_v1/MANIFEST.json :: freeze_authorized=False; passes_all_cross_source_discovery_gates=False; candidate_coun
201,NEXT185,2026-08-08,diagnostic,conditional-certificate residual,SCIGEN+WyFormer discovery labels (offline),exact BROAD threshold residual,"closest 0.836140 vs base 0.860419; rescued only 13 aggregate rows, deficit 420; same six failures",diagnostic-only,yes,line 2673 | docs/plans/2026-08-08-next185-conditional-closure-broad-residual-diagnostic.md | SSD/workspace_data/newpauling/next185_conditional_closure_broad_residual_diagnostic_v1/MANIFEST.json :: new_formula_selected=False; candidate_count=93 || SSD/workspace_data/newpaul
202,NEXT186,2026-08-08,search/test,local/nonlocal contradiction relief audit,SCIGEN+WyFormer discovery labels (offline),cross-source repair-shell eligibility of 24 relief hypotheses,0/24 eligible; best SCIGEN worst-fold protection AUC 0.509465; no search authorized,no-gain,yes,line 2715 | docs/plans/2026-08-08-next186-next187-local-nonlocal-contradiction-relief.md | SSD/workspace_data/newpauling/next186_local_nonlocal_contradiction_relief_audit_v1/MANIFEST.json :: eligible_hypothesis_count=0
203,NEXT187,2026-08-08 (range-plan date),search/test,local-nonlocal-contradiction-relief,NA,absent - never mentioned in report,NA,unmarked,no,NA | docs/plans/2026-08-08-next186-next187-local-nonlocal-contradiction-relief.md
204,NEXT188,2026-08-08,search/test,contradiction severity audit (opposite direction),SCIGEN+WyFormer discovery labels (offline),identity-controlled cross-source eligibility,AUC exactly 1-AUC_NEXT186; full-pop 0.680648/0.687930 but SCIGEN shell worst fold 0.482066; 0/24 eligible,no-gain,yes,line 2715 | docs/plans/2026-08-08-next188-next189-contradiction-severity-penalty.md | SSD/workspace_data/newpauling/next188_contradiction_severity_audit_v1/MANIFEST.json :: eligible_hypothesis_count=0
205,NEXT189,2026-08-08 (range-plan date),search/test,contradiction-severity-penalty,NA,absent - never mentioned in report,NA,unmarked,no,NA | docs/plans/2026-08-08-next188-next189-contradiction-severity-penalty.md
206,NEXT190,2026-08-08,search/test,latent-symmetry recoverability audit,SCIGEN+WyFormer discovery labels (offline),cross-source eligibility of 6 symmetry-recovery variables,"SCIGEN shell 0.630493/0.573942, full 0.804734; WyFormer ~chance 0.499660/0.497815 (~90% zeros); 0 eligible",no-gain,yes,line 2746 | docs/plans/2026-08-08-next190-next191-latent-symmetry-recoverability.md | SSD/workspace_data/newpauling/next190_latent_symmetry_recoverability_audit_v1/MANIFEST.json :: eligible_hypothesis_count=0
207,NEXT191,2026-08-08 (block),search/test,latent-symmetry recoverability (follow-on),NA,"reserved follow-on; not run (""NEXT191 was not run"")",NA,not-run (blocked upstream),no,line 2758 | docs/plans/2026-08-08-next190-next191-latent-symmetry-recoverability.md
208,NEXT192,2026-08-08,search/test,signed safe-margin audit,SCIGEN+WyFormer discovery labels (offline),cross-source eligibility of 10 signed-margin hypotheses,0/10 pass all gates; safe_local_geometry failed only SCIGEN worst fold (0.520498); full 0.832189/0.752703,no-gain,yes,line 2767 | docs/plans/2026-08-08-next192-next193-signed-safe-margin-certificate.md | SSD/workspace_data/newpauling/next192_signed_safe_margin_audit_v1/MANIFEST.json :: eligible_hypothesis_count=0
209,NEXT193,2026-08-08 (range-plan date),search/test,signed-safe-margin-certificate,NA,absent - never mentioned in report,NA,unmarked,no,NA | docs/plans/2026-08-08-next192-next193-signed-safe-margin-certificate.md
210,NEXT194,2026-08-08,search/test,signed-local safety x strong closure audit,SCIGEN+WyFormer discovery labels (offline),cross-source repair-shell eligibility of 12 conjunctions,"6/12 eligible; product closure_min*safety 0.612914/0.588336 SCIGEN, WyFormer 0.634046; full 0.823498/0.731146",probe-pass,yes,line 2801 | docs/plans/2026-08-08-next194-next195-signed-local-closure-certificate.md | SSD/workspace_data/newpauling/next194_signed_local_closure_audit_v1/MANIFEST.json :: eligible_hypothesis_count=6
211,NEXT195,2026-08-08,search/test,signed-local closure formula search,SCIGEN+WyFormer discovery,six source-AUC + SAFE12 + BROAD discovery gates,37 candidates; all 37 pass AUC+SAFE12; 0 BROAD,fail-gate,yes,line 2833 | docs/plans/2026-08-08-next194-next195-signed-local-closure-certificate.md | SSD/workspace_data/newpauling/next195_signed_local_closure_search_v1/MANIFEST.json :: freeze_authorized=False; passes_all_cross_source_discovery_gates=False; candidate_count=37; el
212,NEXT196,2026-08-08,diagnostic,signed-local closure residual,SCIGEN+WyFormer discovery labels (offline),exact BROAD threshold residual,"closest 0.816780, retention 2636/3045 (deficit 409); same six failures",diagnostic-only,yes,line 2860 | docs/plans/2026-08-08-next196-signed-local-closure-broad-residual.md | SSD/workspace_data/newpauling/next196_signed_local_closure_broad_residual_v1/MANIFEST.json :: new_formula_selected=False; candidate_count=37 || SSD/workspace_data/newpauling/next19
213,NEXT197,2026-08-08,search/test,discrete protected-exception search,SCIGEN+WyFormer discovery,six source-AUC + SAFE12 + BROAD discovery gates,55 candidates; 54 AUC; 55 SAFE; 0 BROAD,fail-gate,yes,line 2905 | docs/plans/2026-08-08-next197-next198-discrete-protected-exception.md | SSD/workspace_data/newpauling/next197_discrete_protected_exception_search_v1/MANIFEST.json :: freeze_authorized=False; passes_all_cross_source_discovery_gates=False; candidate_coun
214,NEXT198,2026-08-08,diagnostic,discrete-exception residual,SCIGEN+WyFormer discovery labels (offline),exact BROAD threshold residual,"closest 0.799874, retention 2644/3045 (+32 rows vs base); deficit 401; same six failures",diagnostic-only,yes,line 2933 | docs/plans/2026-08-08-next197-next198-discrete-protected-exception.md | SSD/workspace_data/newpauling/next198_discrete_protected_exception_broad_residual_v1/MANIFEST.json :: new_formula_selected=False; candidate_count=54 || SSD/workspace_data/newpaulin
215,NEXT199,2026-08-08,search/test,motif-coherence feature freeze (NEXT46 features),SCIGEN+WyFormer discovery,label-free feature build,"21 features finite for 13,442/13,470 SCIGEN (99.79%) and 5,232/5,232 WyFormer",probe-pass,yes,line 2953 | docs/plans/2026-08-08-next199-next200-cross-source-motif-coherence.md | artifact mtime: docs/plans/2026-08-08-next199-next200-cross-source-motif-coherence.md
216,NEXT200,2026-08-08,search/test,cross-source motif audit,SCIGEN+WyFormer discovery labels (offline),cross-source eligibility of 21 motif directions,"1/21 eligible: motif_weight_sum_min shell 0.595159/0.583279 SCIGEN, WyFormer 0.556090; full 0.738293/0.559219",probe-pass,yes,line 2975 | docs/plans/2026-08-08-next199-next200-cross-source-motif-coherence.md | SSD/workspace_data/newpauling/next200_cross_source_motif_audit_v1/MANIFEST.json :: eligible_hypothesis_count=1
217,NEXT201,2026-08-08,search/test,motif-weight floor repair search,SCIGEN+WyFormer discovery,six source-AUC + SAFE12 + BROAD discovery gates,67 candidates; 23 AUC; 67 SAFE; 0 BROAD; branch terminated,fail-gate,yes,line 3002 | docs/plans/2026-08-08-next201-motif-weight-floor-repair.md | SSD/workspace_data/newpauling/next201_motif_weight_floor_repair_v1/MANIFEST.json :: freeze_authorized=False; passes_all_cross_source_discovery_gates=False; candidate_count=67 || SS
218,NEXT202,2026-08-08,search/test,weakest-site x motif-dispersion conjunction audit,SCIGEN+WyFormer discovery labels (offline),cross-source eligibility of 24 conjunctions,"21/24 eligible; selected product shell SCIGEN 0.620441/0.568463, WyFormer 0.571981/0.541287; full 0.815139/0.593462",probe-pass,yes,line 3056 | docs/plans/2026-08-08-next202-next204-motif-conjunction.md | SSD/workspace_data/newpauling/next202_motif_conjunction_audit_v1/MANIFEST.json :: eligible_hypothesis_count=21
219,NEXT203,2026-08-08,search/test,motif-conjunction discrete-exception search,SCIGEN+WyFormer discovery,six source-AUC + SAFE12 + BROAD discovery gates,190 candidates; all pass AUC and SAFE12; 0 BROAD,fail-gate,yes,line 3086 | docs/plans/2026-08-08-next202-next204-motif-conjunction.md | SSD/workspace_data/newpauling/next203_motif_conjunction_exception_search_v1/MANIFEST.json :: freeze_authorized=False; passes_all_cross_source_discovery_gates=False; candidate_count
220,NEXT204,2026-08-08,diagnostic,motif-conjunction residual,SCIGEN+WyFormer discovery labels (offline),exact BROAD threshold residual,"closest 0.435753, retention 2825/3045 (+213 rows, deficit 220); six failures remain; branch closed",diagnostic-only,yes,line 3114 | docs/plans/2026-08-08-next202-next204-motif-conjunction.md | SSD/workspace_data/newpauling/next204_motif_conjunction_broad_residual_v1/MANIFEST.json :: new_formula_selected=False; candidate_count=190 || SSD/workspace_data/newpauling/next204_
221,NEXT205,2026-08-08,search/test,motif-exception pardon-depth search,SCIGEN+WyFormer discovery,six source-AUC + SAFE12 + BROAD discovery gates,946 candidates; 298 pass both-source AUC; all 946 SAFE; 0 BROAD,fail-gate,yes,line 3157 | docs/plans/2026-08-08-next205-next206-exception-depth.md | SSD/workspace_data/newpauling/next205_motif_exception_depth_search_v1/MANIFEST.json :: freeze_authorized=False; passes_all_cross_source_discovery_gates=False; candidate_count=946; 
222,NEXT206,2026-08-08,diagnostic,pardon-depth residual,SCIGEN+WyFormer discovery labels (offline),exact BROAD threshold residual,"closest 0.290507, retention 2900/3045 (deficit 145; folds 28/31/32/34/20); branch closed",diagnostic-only,yes,line 3195 | docs/plans/2026-08-08-next205-next206-exception-depth.md | SSD/workspace_data/newpauling/next206_motif_exception_depth_broad_residual_v1/MANIFEST.json :: new_formula_selected=False; candidate_count=298 || SSD/workspace_data/newpauling/next
223,NEXT207,2026-08-08,diagnostic,residual raw-x0 feature audit,SCIGEN+WyFormer discovery labels (offline),cross-source residual-cohort AUC eligibility (484 hypotheses),"exactly 44 pass; top scbv_mismatch_max__protected_low SCIGEN 0.715165/0.713451/0.673597, WyFormer 0.650550/0.649800/0.604446",diagnostic-only,yes,line 3242 | docs/plans/2026-08-08-next207-next209-residual-x0-certificate.md | SSD/workspace_data/newpauling/next207_residual_x0_feature_audit_v1/MANIFEST.json :: new_formula_selected=False; eligible_hypothesis_count=44 || SSD/workspace_data/newpauling/next20
224,NEXT208,2026-08-08,search/test,raw-x0 hard-exception search,SCIGEN+WyFormer discovery,six source-AUC + SAFE12 + BROAD discovery gates,661 candidates; 6 AUC and 17 SAFE12 but no new exception in the AUC+SAFE intersection (sole survivor = unchanged base); 0 BROAD,no-gain,yes,line 3277 | docs/plans/2026-08-08-next207-next209-residual-x0-certificate.md | SSD/workspace_data/newpauling/next208_residual_x0_exception_search_v1/MANIFEST.json :: freeze_authorized=False; passes_all_cross_source_discovery_gates=False; candidate_count=661; 
225,NEXT209,2026-08-08,diagnostic,raw-x0 exception residual,SCIGEN+WyFormer discovery labels (offline),exact BROAD threshold residual,sole survivor is inactive base; shortfall unchanged 0.2905066371709464; branch closed,diagnostic-only,yes,line 3319 | docs/plans/2026-08-08-next207-next209-residual-x0-certificate.md | SSD/workspace_data/newpauling/next209_residual_x0_broad_diagnostic_v1/MANIFEST.json :: new_formula_selected=False; candidate_count=1 || SSD/workspace_data/newpauling/next209_residu
226,NEXT210,2026-08-08,search/test,continuous residual-risk lift search,SCIGEN+WyFormer discovery,six source-AUC + SAFE12 + BROAD discovery gates,221 candidates; 212 AUC; 91 AUC+SAFE; 0 BROAD,fail-gate,yes,line 3369 | docs/plans/2026-08-08-next210-next211-residual-risk-lift.md | SSD/workspace_data/newpauling/next210_residual_risk_lift_search_v1/MANIFEST.json :: freeze_authorized=False; passes_all_cross_source_discovery_gates=False; candidate_count=221; eli
227,NEXT211,2026-08-08,diagnostic,continuous-lift residual,SCIGEN+WyFormer discovery labels (offline),exact BROAD threshold residual,closest scbv_mismatch_max at 1/16: 0.276636 (from 0.290507); retention 2907/3045; six failures,diagnostic-only,yes,line 3404 | docs/plans/2026-08-08-next210-next211-residual-risk-lift.md | SSD/workspace_data/newpauling/next211_residual_risk_lift_broad_diagnostic_v1/MANIFEST.json :: new_formula_selected=False; candidate_count=91 || SSD/workspace_data/newpauling/next21
228,NEXT212,2026-08-08,search/test,anchored two-signal risk-lift search,SCIGEN+WyFormer discovery,six source-AUC + SAFE12 + BROAD discovery gates,216 candidates; 208 AUC; 92 AUC+SAFE; 0 BROAD,fail-gate,yes,line 3427 | docs/plans/2026-08-08-next212-next213-two-signal-risk-lift.md | SSD/workspace_data/newpauling/next212_two_signal_risk_lift_search_v1/MANIFEST.json :: freeze_authorized=False; passes_all_cross_source_discovery_gates=False; candidate_count=216 ||
229,NEXT213,2026-08-08,diagnostic,two-signal residual,SCIGEN+WyFormer discovery labels (offline),exact BROAD threshold residual,closest +nm_site_max at 1/16: 0.272542; retention 2909/3045; same six failures,diagnostic-only,yes,line 3427 | docs/plans/2026-08-08-next212-next213-two-signal-risk-lift.md | SSD/workspace_data/newpauling/next213_two_signal_broad_diagnostic_v1/MANIFEST.json :: new_formula_selected=False; candidate_count=92 || SSD/workspace_data/newpauling/next213_two_si
230,NEXT214,2026-08-08,search/test,forward-stagewise risk-lift loop,SCIGEN+WyFormer discovery,six source-AUC + SAFE12 + BROAD discovery gates,"417 candidates evaluated; accepted 3rd term at depth 3 (residual 0.268934, retention 2911/3045); stopped at depth 4; 0 BROAD",fail-gate,yes,line 3458 | docs/plans/2026-08-08-next214-forward-stagewise-risk-lift.md | SSD/workspace_data/newpauling/next214_forward_stagewise_risk_lift_v1/MANIFEST.json :: freeze_authorized=False; passes_all_cross_source_discovery_gates=False || SSD/workspace_data/n
231,NEXT215,2026-08-09,diagnostic,repair-band protection audit,SCIGEN+WyFormer discovery labels (offline),cross-source repair-band AUC eligibility (484 hypotheses),"23 pass raw gates, 22 after reuse veto; top nm_reciprocal_reduced AUC 0.644512 SCIGEN / 0.652150 WyFormer, min worst-fold 0.6015625",diagnostic-only,yes,line 3525 | docs/plans/2026-08-08-next215-next217-continuous-relief-certificate.md | SSD/workspace_data/newpauling/next215_repair_band_relief_audit_v1/MANIFEST.json :: new_formula_selected=False; eligible_hypothesis_count=22 || SSD/workspace_data/newpauling/next215
232,NEXT216,2026-08-09,search/test,continuous repair-band relief search,SCIGEN+WyFormer discovery,six source-AUC + SAFE12 + BROAD discovery gates,89 candidates; 88 AUC; 89 SAFE; 0 BROAD,fail-gate,yes,line 3565 | docs/plans/2026-08-08-next215-next217-continuous-relief-certificate.md | SSD/workspace_data/newpauling/next216_repair_band_relief_search_v1/MANIFEST.json :: freeze_authorized=False; passes_all_cross_source_discovery_gates=False; candidate_count=89; elig
233,NEXT217,2026-08-09,diagnostic,repair-band residual,SCIGEN+WyFormer discovery labels (offline),exact BROAD threshold residual,best relief reduced NEXT214 residual by exactly 0; closest = unchanged base 0.26893426117441227; branch closed,diagnostic-only,yes,line 3613 | docs/plans/2026-08-08-next215-next217-continuous-relief-certificate.md | SSD/workspace_data/newpauling/next217_repair_band_broad_diagnostic_v1/MANIFEST.json :: new_formula_selected=False; candidate_count=88 || SSD/workspace_data/newpauling/next217_repai
234,NEXT218,2026-08-09,search/test,lower-anchored relief search,SCIGEN+WyFormer discovery,six source-AUC + SAFE12 + BROAD discovery gates,89 candidates; all 89 pass AUC and SAFE12; 0 BROAD,fail-gate,yes,line 3666 | docs/plans/2026-08-08-next218-next219-lower-anchored-relief.md | SSD/workspace_data/newpauling/next218_lower_anchored_relief_search_v1/MANIFEST.json :: freeze_authorized=False; passes_all_cross_source_discovery_gates=False; candidate_count=89; e
235,NEXT219,2026-08-09,diagnostic,lower-anchored residual,SCIGEN+WyFormer discovery labels (offline),exact BROAD threshold residual,"closest new record exactly tied with base (0.26893426117441227, 2911/3045); zero improvement; branch closed",diagnostic-only,yes,line 3688 | docs/plans/2026-08-08-next218-next219-lower-anchored-relief.md | SSD/workspace_data/newpauling/next219_lower_anchored_broad_diagnostic_v1/MANIFEST.json :: new_formula_selected=False; candidate_count=89 || SSD/workspace_data/newpauling/next219_lo
236,NEXT220,2026-08-09,search/test,signed redistribution search,SCIGEN+WyFormer discovery,six source-AUC + SAFE12 + BROAD discovery gates,111 candidates; all pass AUC; 39 SAFE12; 0 BROAD,fail-gate,yes,line 3728 | docs/plans/2026-08-08-next220-next221-signed-redistribution.md | SSD/workspace_data/newpauling/next220_signed_redistribution_search_v1/MANIFEST.json :: freeze_authorized=False; passes_all_cross_source_discovery_gates=False; candidate_count=111; 
237,NEXT221,2026-08-09,diagnostic,signed redistribution residual,SCIGEN+WyFormer discovery labels (offline),exact BROAD threshold residual,first strict improvement: 0.2572028547126239 (-0.011731406461788385); retention 2917/3045,diagnostic-only,yes,line 3756 | docs/plans/2026-08-08-next220-next221-signed-redistribution.md | SSD/workspace_data/newpauling/next221_signed_redistribution_broad_diagnostic_v1/MANIFEST.json :: new_formula_selected=False; candidate_count=39 || SSD/workspace_data/newpauling/nex
238,NEXT222,2026-08-09,search/test,forward-stagewise signed loop,SCIGEN+WyFormer discovery,six source-AUC + SAFE12 + BROAD discovery gates,"207 evaluations; two-term path shortfall 0.1564570050830728, retention 2979/3045; new failure mix incl. WyFormer fold-4 savings; 0 BROAD",fail-gate,yes,line 3789 | docs/plans/2026-08-08-next222-forward-stagewise-signed-redistribution.md | SSD/workspace_data/newpauling/next222_forward_stagewise_signed_redistribution_v1/MANIFEST.json :: freeze_authorized=False; passes_all_cross_source_discovery_gates=False || SSD/work
239,NEXT223,2026-08-09,search/test,dual-evidence consensus search,SCIGEN+WyFormer discovery,six source-AUC + SAFE12 + BROAD discovery gates,"7,261 records; eligible new: 6,522 AUC, 5,542 SAFE, 5,147 AUC+SAFE/non-BROAD; 0 BROAD",fail-gate,yes,line 3864 | docs/plans/2026-08-09-next223-next224-dual-evidence-consensus.md | SSD/workspace_data/newpauling/next223_dual_evidence_consensus_search_v1/MANIFEST.json :: freeze_authorized=False; passes_all_cross_source_discovery_gates=False; candidate_count=726
240,NEXT224,2026-08-09,diagnostic,dual-evidence residual,SCIGEN+WyFormer discovery labels (offline),exact BROAD threshold residual,closest 0.1461217358987499 (-6.61% vs NEXT222; -45.7% vs NEXT214); retention 2985/3045; six failures incl. WyFormer fold-4 savings_lower,diagnostic-only,yes,line 3909 | docs/plans/2026-08-09-next223-next224-dual-evidence-consensus.md | SSD/workspace_data/newpauling/next224_dual_evidence_broad_diagnostic_v1/MANIFEST.json :: new_formula_selected=False; candidate_count=5147 || SSD/workspace_data/newpauling/next224_d
241,NEXT225,2026-08-09,search/test,agreement-gated consensus search,SCIGEN+WyFormer discovery,six source-AUC + SAFE12 + BROAD discovery gates,"3,796 records; eligible new: 2,384 AUC, 1,999 SAFE, 1,909 AUC+SAFE/non-BROAD; 0 BROAD",fail-gate,yes,line 3976 | docs/plans/2026-08-09-next225-next226-agreement-gated-consensus.md | SSD/workspace_data/newpauling/next225_agreement_gated_consensus_search_v1/MANIFEST.json :: freeze_authorized=False; passes_all_cross_source_discovery_gates=False; candidate_count=3
242,NEXT226,2026-08-09,diagnostic,agreement-gated residual,SCIGEN+WyFormer discovery labels (offline),exact BROAD threshold residual,closest 0.1511051091054888: better than NEXT222 by 0.005351896 but worse than NEXT224 by 0.004983373,diagnostic-only,yes,line 4025 | docs/plans/2026-08-09-next225-next226-agreement-gated-consensus.md | SSD/workspace_data/newpauling/next226_agreement_gated_broad_diagnostic_v1/MANIFEST.json :: new_formula_selected=False; candidate_count=1909 || SSD/workspace_data/newpauling/next226
243,NEXT227,2026-08-09,diagnostic,margin-local feature audit,SCIGEN+WyFormer discovery labels (offline),cross-source rejected-cohort AUC eligibility (484 hypotheses),"26 pass; leader scbv_mismatch_rms SCIGEN 0.690006/0.689202/0.671576, WyFormer 0.639379/0.637633/0.612632",diagnostic-only,yes,line 4092 | docs/plans/2026-08-09-next227-next229-margin-local-redistribution.md | SSD/workspace_data/newpauling/next227_margin_local_feature_audit_v1/MANIFEST.json :: new_formula_selected=False; eligible_hypothesis_count=26 || SSD/workspace_data/newpauling/next2
244,NEXT228,2026-08-09,search/test,margin-local redistribution search,SCIGEN+WyFormer discovery,six source-AUC + SAFE12 + BROAD discovery gates,390 new candidates; all 390 SAFE; 388 AUC; 0 BROAD,fail-gate,yes,line 4120 | docs/plans/2026-08-09-next227-next229-margin-local-redistribution.md | SSD/workspace_data/newpauling/next228_margin_local_redistribution_search_v1/MANIFEST.json :: freeze_authorized=False; passes_all_cross_source_discovery_gates=False; candidate_count
245,NEXT229,2026-08-09,diagnostic,margin-local residual,SCIGEN+WyFormer discovery labels (offline),exact BROAD threshold residual (lexicographic),"closest: five failures (first reduction from six), shortfall 0.16431186635663908; retention 2967/3045",diagnostic-only,yes,line 4147 | docs/plans/2026-08-09-next227-next229-margin-local-redistribution.md | SSD/workspace_data/newpauling/next229_margin_local_broad_diagnostic_v1/MANIFEST.json :: new_formula_selected=False; candidate_count=388 || SSD/workspace_data/newpauling/next229_mar
246,NEXT230,2026-08-09,diagnostic,second-stage margin-local feature audit,SCIGEN+WyFormer discovery labels (offline),cross-source rejected-cohort AUC eligibility,"30/484 pass; leader scbv_mismatch_rms SCIGEN 0.667277/0.667193/0.633612, WyFormer 0.671870/0.671403/0.642473",diagnostic-only,yes,line 4221 | docs/plans/2026-08-09-next230-next232-stagewise-margin-local-redistribution.md | SSD/workspace_data/newpauling/next230_stagewise_margin_local_feature_audit_v1/MANIFEST.json :: new_formula_selected=False; eligible_hypothesis_count=30 || SSD/workspace_data/newpau
247,NEXT231,2026-08-09,search/test,second-stage margin-local search,SCIGEN+WyFormer discovery,six source-AUC + SAFE12 + BROAD discovery gates,630 new candidates; all SAFE; 450 AUC; 0 BROAD,fail-gate,yes,line 4243 | docs/plans/2026-08-09-next230-next232-stagewise-margin-local-redistribution.md | SSD/workspace_data/newpauling/next231_stagewise_margin_local_search_v1/MANIFEST.json :: freeze_authorized=False; passes_all_cross_source_discovery_gates=False; candidate_count=631;
248,NEXT232,2026-08-09,diagnostic,second-stage residual,SCIGEN+WyFormer discovery labels (offline),exact BROAD threshold residual,"closest nm_charge_concentration record: five failures, shortfall 0.12730274611313003 (-22.5% vs NEXT229)",diagnostic-only,yes,line 4263 | docs/plans/2026-08-09-next230-next232-stagewise-margin-local-redistribution.md | SSD/workspace_data/newpauling/next232_stagewise_margin_local_broad_diagnostic_v1/MANIFEST.json :: new_formula_selected=False; candidate_count=450 || SSD/workspace_data/newpauling/n
249,NEXT233,2026-08-09,diagnostic,final-stage margin-local feature audit,SCIGEN+WyFormer discovery labels (offline),cross-source rejected-cohort AUC eligibility,"27 hypotheses pass; leader scbv_mismatch_rms 0.670901/0.637755 SCIGEN, 0.674563/0.639410 WyFormer",diagnostic-only,yes,line 4308 | docs/plans/2026-08-09-next233-next235-final-stagewise-margin-local-redistribution.md | SSD/workspace_data/newpauling/next233_final_stagewise_margin_local_feature_audit_v1/MANIFEST.json :: new_formula_selected=False; eligible_hypothesis_count=27 || SSD/workspace_data/
250,NEXT234,2026-08-09,search/test,final stagewise margin-local search,SCIGEN+WyFormer discovery,six source-AUC + SAFE12 + BROAD discovery gates,567 new candidates; 491 AUC; 530 SAFE; 484 AUC+SAFE/non-BROAD; 0 BROAD,fail-gate,yes,line 4330 | docs/plans/2026-08-09-next233-next235-final-stagewise-margin-local-redistribution.md | SSD/workspace_data/newpauling/next234_final_stagewise_margin_local_search_v1/MANIFEST.json :: freeze_authorized=False; passes_all_cross_source_discovery_gates=False; candidate_coun
251,NEXT235,2026-08-09,diagnostic,final-stage residual,SCIGEN+WyFormer discovery labels (offline),exact BROAD threshold residual,"closest motif_weight_sum_min record: five failures, shortfall 0.12339543654931197 (-3.1%); stagewise family formally closed",diagnostic-only,yes,line 4350 | docs/plans/2026-08-09-next233-next235-final-stagewise-margin-local-redistribution.md | SSD/workspace_data/newpauling/next235_final_stagewise_margin_local_broad_diagnostic_v1/MANIFEST.json :: new_formula_selected=False; candidate_count=484 || SSD/workspace_data/newpau
252,NEXT236,2026-08-09,diagnostic,chemistry-conditioned feature audit,SCIGEN+WyFormer discovery labels (offline),"cross-source eligibility of 1,936 conditioned hypotheses","125 pass; leader scbv_mismatch_max|EN-range SCIGEN 0.6673896627/0.6488927739, WyFormer 0.6432350530/0.6224587912",diagnostic-only,yes,line 4417 | docs/plans/2026-08-09-next236-next238-chemistry-conditioned-certificate-search.md | SSD/workspace_data/newpauling/next236_chemistry_conditioned_feature_audit_v1/MANIFEST.json :: new_formula_selected=False; eligible_hypothesis_count=125 || SSD/workspace_data/newpau
253,NEXT237,2026-08-09,search/test,chemistry-conditioned margin-local search,SCIGEN+WyFormer discovery,six source-AUC + SAFE12 + BROAD discovery gates,"2,625 new candidates; 2,173 AUC; 2,449 SAFE; 2,140 AUC+SAFE/non-BROAD; 0 BROAD (v1 reporting defect corrected in v2)",fail-gate,yes,line 4446 | docs/plans/2026-08-09-next236-next238-chemistry-conditioned-certificate-search.md | SSD/workspace_data/newpauling/next237_chemistry_conditioned_margin_local_search_v1/MANIFEST.json :: freeze_authorized=False; passes_all_cross_source_discovery_gates=False; candidat
254,NEXT238,2026-08-09,diagnostic,chemistry-conditioned residual,SCIGEN+WyFormer discovery labels (offline),exact BROAD threshold residual (lexicographic),"closest: five failures, shortfall 0.16900149505972614 - worse than NEXT235 by 0.045606058510414174; branch formally closed",diagnostic-only,yes,line 4483 | docs/plans/2026-08-09-next236-next238-chemistry-conditioned-certificate-search.md | SSD/workspace_data/newpauling/next238_chemistry_conditioned_broad_diagnostic_v1/MANIFEST.json :: new_formula_selected=False; candidate_count=2140 || SSD/workspace_data/newpauling/n
255,NEXT239,2026-08-09,search/test,morphometric Voronoi bond order (MVBO) features,SCIGEN+WyFormer discovery,label-free feature build + invariance,"full coverage 13,470/13,470 and 5,232/5,232; all 11 features finite",probe-pass,yes,line 4565 | docs/plans/2026-08-09-next239-next242-morphometric-voronoi-bond-order.md | artifact mtime: docs/plans/2026-08-09-next239-next242-morphometric-voronoi-bond-order.md
256,NEXT240,2026-08-09,search/test,MVBO feature audit,SCIGEN+WyFormer discovery labels (offline),cross-source eligibility of 7 directed hypotheses,"1/7 eligible: facet_evenness_std SCIGEN 0.5739497118/0.5096736597, WyFormer 0.5875363273/0.5401295410",probe-pass,yes,line 4609 | docs/plans/2026-08-09-next239-next242-morphometric-voronoi-bond-order.md | SSD/workspace_data/newpauling/next240_mvbo_feature_audit_v1/MANIFEST.json :: new_formula_selected=False; eligible_hypothesis_count=1 || SSD/workspace_data/newpauling/next240_mvbo_f
257,NEXT241,2026-08-09,search/test,MVBO margin-local search,SCIGEN+WyFormer discovery,six source-AUC + SAFE12 + BROAD discovery gates,21 new candidates; 15 AUC; 20 SAFE; 15 AUC+SAFE/non-BROAD; 0 BROAD,fail-gate,yes,line 4621 | docs/plans/2026-08-09-next239-next242-morphometric-voronoi-bond-order.md | SSD/workspace_data/newpauling/next241_mvbo_margin_local_search_v1/MANIFEST.json :: freeze_authorized=False; passes_all_cross_source_discovery_gates=False; candidate_count=22; eligi
258,NEXT242,2026-08-09,diagnostic,MVBO residual,SCIGEN+WyFormer discovery labels (offline),exact BROAD threshold residual (lexicographic),"closest: six failures, shortfall 0.1507468043169218 (worse than NEXT235 by 0.027351367767609838); branch closed",diagnostic-only,yes,line 4647 | docs/plans/2026-08-09-next239-next242-morphometric-voronoi-bond-order.md | SSD/workspace_data/newpauling/next242_mvbo_broad_diagnostic_v1/MANIFEST.json :: new_formula_selected=False; candidate_count=15 || SSD/workspace_data/newpauling/next242_mvbo_broad_d
259,NEXT243,2026-08-09,search/test,coarse-grained Voronoi bond order (CMVBO) features,SCIGEN+WyFormer discovery,label-free feature build + invariance,"full coverage 13,470 and 5,232; 15 features finite, zero failures",probe-pass,yes,line 4730 | docs/plans/2026-08-09-next243-next246-coarse-grained-voronoi-bond-order.md | artifact mtime: docs/plans/2026-08-09-next243-next246-coarse-grained-voronoi-bond-order.md
260,NEXT244,2026-08-09,search/test,CMVBO feature audit,SCIGEN+WyFormer discovery labels (offline),cross-source eligibility of 15 directed hypotheses,"1/15 eligible: neighbor_corr_q4_q10 SCIGEN 0.5922900358/0.5696051617, WyFormer 0.5756818351/0.5141509434",probe-pass,yes,line 4781 | docs/plans/2026-08-09-next243-next246-coarse-grained-voronoi-bond-order.md | SSD/workspace_data/newpauling/next244_cmvbo_feature_audit_v1/MANIFEST.json :: new_formula_selected=False; eligible_hypothesis_count=1 || SSD/workspace_data/newpauling/next244_cmvbo
261,NEXT245,2026-08-09,search/test,CMVBO margin-local search,SCIGEN+WyFormer discovery,six source-AUC + SAFE12 + BROAD discovery gates,21 new candidates; 18 AUC; 18 SAFE; 17 AUC+SAFE/non-BROAD; 0 BROAD,fail-gate,yes,line 4792 | docs/plans/2026-08-09-next243-next246-coarse-grained-voronoi-bond-order.md | SSD/workspace_data/newpauling/next245_cmvbo_margin_local_search_v1/MANIFEST.json :: freeze_authorized=False; passes_all_cross_source_discovery_gates=False; candidate_count=22; elig
262,NEXT246,2026-08-09,diagnostic,CMVBO residual,SCIGEN+WyFormer discovery labels (offline),exact BROAD threshold residual (lexicographic),"closest: five failures, shortfall 0.19512372413804846 (worse than NEXT235 by 0.07172828758873649); branch formally closed",diagnostic-only,yes,line 4809 | docs/plans/2026-08-09-next243-next246-coarse-grained-voronoi-bond-order.md | SSD/workspace_data/newpauling/next246_cmvbo_broad_diagnostic_v1/MANIFEST.json :: new_formula_selected=False; candidate_count=17 || SSD/workspace_data/newpauling/next246_cmvbo_broad
263,NEXT247,2026-08-09,search/test,third-order Voronoi bond order (TVBO) features,SCIGEN+WyFormer discovery,label-free feature build + Wigner-3j verification,"Wigner-3j vs sympy max abs error 4.16e-17; 16 features finite; full coverage 13,470 and 5,232",probe-pass,yes,line 4890 | docs/plans/2026-08-09-next247-next250-third-order-voronoi-bond-order.md | artifact mtime: docs/plans/2026-08-09-next247-next250-third-order-voronoi-bond-order.md
264,NEXT248,2026-08-09,search/test,TVBO feature audit,SCIGEN+WyFormer discovery labels (offline),cross-source eligibility of 16 directed hypotheses,"0/16 eligible; top tvbo_w6_abs_std SCIGEN 0.5392481439/0.5003857213, WyFormer 0.5836614173/0.5324175824; branch terminated",abandoned-family,yes,line 4929 | docs/plans/2026-08-09-next247-next250-third-order-voronoi-bond-order.md | SSD/workspace_data/newpauling/next248_tvbo_feature_audit_v1/MANIFEST.json :: new_formula_selected=False; eligible_hypothesis_count=0 || SSD/workspace_data/newpauling/next248_tvbo_f
265,NEXT249,2026-08-09 (block),search/test,TVBO (follow-on search),NA,"reserved follow-on; not created (""NEXT249 and NEXT250 were not created or run"")",NA,not-run (blocked upstream),no,line 4942 | docs/plans/2026-08-09-next247-next250-third-order-voronoi-bond-order.md
266,NEXT250,2026-08-09 (block),search/test,TVBO (follow-on diagnostic),NA,reserved follow-on; not created,NA,not-run (blocked upstream),no,line 4942 | docs/plans/2026-08-09-next247-next250-third-order-voronoi-bond-order.md
267,NEXT251,2026-08-09,search/test,species-conditioned Voronoi topology (SVTC) features,SCIGEN+WyFormer discovery,label-free feature build (two pre-outcome amendments),"16 features finite for 13,470/13,470 and 5,232/5,232; zero failures",probe-pass,yes,line 4989 | docs/plans/2026-08-09-next251-next254-species-voronoi-topology-consistency.md | artifact mtime: docs/plans/2026-08-09-next251-next254-species-voronoi-topology-consistency.md
268,NEXT252,2026-08-09,search/test,SVTC feature audit,SCIGEN+WyFormer discovery labels (offline),cross-source eligibility of 16 directions,0/16 eligible; top species_signature_entropy SCIGEN 0.6506299113/0.6177151273 but WyFormer 0.4803025410 (transport failure); branch terminated,abandoned-family,yes,line 5026 | docs/plans/2026-08-09-next251-next254-species-voronoi-topology-consistency.md | SSD/workspace_data/newpauling/next252_svtc_feature_audit_v1/MANIFEST.json :: new_formula_selected=False; eligible_hypothesis_count=0 || SSD/workspace_data/newpauling/next252_svtc_f
269,NEXT253,2026-08-09 (block),search/test,SVTC (follow-on search),NA,"reserved follow-on; not created (""NEXT253 and NEXT254 were not created or run"")",NA,not-run (blocked upstream),no,line 5040 | docs/plans/2026-08-09-next251-next254-species-voronoi-topology-consistency.md
270,NEXT254,2026-08-09 (block),search/test,SVTC (follow-on diagnostic),NA,reserved follow-on; not created,NA,not-run (blocked upstream),no,line 5040 | docs/plans/2026-08-09-next251-next254-species-voronoi-topology-consistency.md
271,NEXT255,2026-08-09,search/test,Delaunay void-cage isotropy (DVCI) features,SCIGEN+WyFormer discovery,label-free feature build + invariance,"3,040,378 SCIGEN + 2,481,675 WyFormer atom-void incidences; zero failures; 16 features finite",probe-pass,yes,line 5088 | docs/plans/2026-08-09-next255-next258-delaunay-void-cage-isotropy.md | artifact mtime: docs/plans/2026-08-09-next255-next258-delaunay-void-cage-isotropy.md
272,NEXT256,2026-08-09,search/test,DVCI feature audit,SCIGEN+WyFormer discovery labels (offline),cross-source eligibility of 16 protected_high directions,2/16 eligible: closure_mean 0.598664/0.546217 SCIGEN & 0.569696/0.535061 WyFormer; closure_q25 0.582099/0.541173 & 0.587952/0.543086,probe-pass,yes,line 5139 | docs/plans/2026-08-09-next255-next258-delaunay-void-cage-isotropy.md | SSD/workspace_data/newpauling/next256_dvci_feature_audit_v1/MANIFEST.json :: new_formula_selected=False; eligible_hypothesis_count=2 || SSD/workspace_data/newpauling/next256_dvci_f
273,NEXT257,2026-08-09,search/test,DVCI margin-local search,SCIGEN+WyFormer discovery,six source-AUC + SAFE12 + BROAD discovery gates,42 new candidates; 40 AUC; 39 AUC+SAFE; 0 BROAD,fail-gate,yes,line 5157 | docs/plans/2026-08-09-next255-next258-delaunay-void-cage-isotropy.md | SSD/workspace_data/newpauling/next257_dvci_margin_local_search_v1/MANIFEST.json :: freeze_authorized=False; passes_all_cross_source_discovery_gates=False; candidate_count=43; eligi
274,NEXT258,2026-08-09,diagnostic,DVCI residual,SCIGEN+WyFormer discovery labels (offline),exact BROAD threshold residual (lexicographic),"closest: five failures, shortfall 0.1928839713 vs NEXT235 reference (5, 0.1233954365); branch closed",diagnostic-only,yes,line 5169 | docs/plans/2026-08-09-next255-next258-delaunay-void-cage-isotropy.md | SSD/workspace_data/newpauling/next258_dvci_broad_diagnostic_v1/MANIFEST.json :: new_formula_selected=False; candidate_count=39 || SSD/workspace_data/newpauling/next258_dvci_broad_d
275,NEXT259,2026-08-09,search/test,periodic void-bottleneck persistence (PVBP) features,SCIGEN+WyFormer discovery,label-free feature build + invariance,"supported 13,453/13,470 and 5,138/5,232; 759,159 void nodes / 1,518,339 edges SCIGEN",probe-pass,yes,line 5676 | docs/plans/2026-08-09-next259-next262-periodic-void-bottleneck-persistence.md | artifact mtime: docs/plans/2026-08-09-next259-next262-periodic-void-bottleneck-persistence.md
276,NEXT260,2026-08-09,search/test,PVBP feature audit,SCIGEN+WyFormer discovery labels (offline),cross-source eligibility of 16 protected_low directions,"4/16 eligible (all cavity-radius statistics; every bottleneck/isolation feature failed); radius_q90 0.650844/0.574503 SCIGEN, 0.592272/0.554779 WyFormer",probe-pass,yes,line 5727 | docs/plans/2026-08-09-next259-next262-periodic-void-bottleneck-persistence.md | SSD/workspace_data/newpauling/next260_pvbp_feature_audit_v1/MANIFEST.json :: new_formula_selected=False; eligible_hypothesis_count=4 || SSD/workspace_data/newpauling/next260_pvbp_f
277,NEXT261,2026-08-09,search/test,PVBP margin-local search,SCIGEN+WyFormer discovery,six source-AUC + SAFE12 + BROAD discovery gates,84 new candidates; 81 AUC; 75 AUC+SAFE; 0 BROAD,fail-gate,yes,line 5752 | docs/plans/2026-08-09-next259-next262-periodic-void-bottleneck-persistence.md | SSD/workspace_data/newpauling/next261_pvbp_margin_local_search_v1/MANIFEST.json :: freeze_authorized=False; passes_all_cross_source_discovery_gates=False; candidate_count=85; eligi
278,NEXT262,2026-08-09,diagnostic,PVBP residual,SCIGEN+WyFormer discovery labels (offline),exact BROAD threshold residual (lexicographic),"closest: five failures, shortfall 0.1491959789 (worse than NEXT235 by 0.0258005424); branch closed",diagnostic-only,yes,line 5763 | docs/plans/2026-08-09-next259-next262-periodic-void-bottleneck-persistence.md | SSD/workspace_data/newpauling/next262_pvbp_broad_diagnostic_v1/MANIFEST.json :: new_formula_selected=False; candidate_count=75 || SSD/workspace_data/newpauling/next262_pvbp_broad_d
279,NEXT263,2026-08-09,search/test,local angular persistent homology (LAPH) features,SCIGEN+WyFormer discovery,label-free feature build + invariance,"supported 13,470/13,470 and 5,231/5,232; 505,008 + 420,228 positive H1 intervals",probe-pass,yes,line 5841 | docs/plans/2026-08-09-next263-next266-local-angular-persistent-homology.md | artifact mtime: docs/plans/2026-08-09-next263-next266-local-angular-persistent-homology.md
280,NEXT264,2026-08-09,search/test,LAPH feature audit,SCIGEN+WyFormer discovery labels (offline),cross-source eligibility of 32 directions,"0/32 eligible; top h0_death_cv_q90 SCIGEN 0.574983/0.497398, WyFormer 0.581292/0.519643; branch closed",abandoned-family,yes,line 5887 | docs/plans/2026-08-09-next263-next266-local-angular-persistent-homology.md | SSD/workspace_data/newpauling/next264_laph_feature_audit_v1/MANIFEST.json :: new_formula_selected=False; eligible_hypothesis_count=0 || SSD/workspace_data/newpauling/next264_laph_f
281,NEXT265,2026-08-09 (block),search/test,LAPH (follow-on search),NA,reserved follow-on; not run (next265_search_authorized=false),NA,not-run (blocked upstream),no,line 5896 | docs/plans/2026-08-09-next263-next266-local-angular-persistent-homology.md
282,NEXT266,2026-08-09 (block),search/test,LAPH (follow-on),NA,"reserved follow-on; ""NEXT266 was not authorized""",NA,not-run (blocked upstream),no,line 5897 | docs/plans/2026-08-09-next263-next266-local-angular-persistent-homology.md
283,NEXT267,2026-08-09,search/test,periodic radical-Voronoi packing (PRV) features,SCIGEN+WyFormer discovery,label-free feature build + invariance,"supported 13,469/13,470 and 5,226/5,232; max tiling errors 1.842e-15 / 1.703e-15",probe-pass,yes,line 5947 | docs/plans/2026-08-09-next267-next270-periodic-radical-voronoi-packing.md | artifact mtime: tests/test_next267_periodic_radical_voronoi_packing.py
284,NEXT268,2026-08-09,search/test,PRV feature audit,SCIGEN+WyFormer discovery labels (offline),cross-source eligibility of 32 directions,2/32 eligible: volume_ratio_cv SCIGEN 0.726539/0.647609 (WyFormer 0.550738/0.526683); chebyshev_ratio_cv 0.662887/0.580717 (0.591859/0.539766),probe-pass,yes,line 5997 | docs/plans/2026-08-09-next267-next270-periodic-radical-voronoi-packing.md | SSD/workspace_data/newpauling/next268_prv_feature_audit_v1/MANIFEST.json :: new_formula_selected=False; eligible_hypothesis_count=2 || SSD/workspace_data/newpauling/next268_prv_fea
285,NEXT269,2026-08-09,search/test,PRV margin-local search,SCIGEN+WyFormer discovery,six source-AUC + SAFE12 + BROAD discovery gates,42 new candidates; 35 AUC; 40 SAFE; 35 AUC+SAFE; 0 BROAD,fail-gate,yes,line 6017 | docs/plans/2026-08-09-next267-next270-periodic-radical-voronoi-packing.md | SSD/workspace_data/newpauling/next269_prv_margin_local_search_v1/MANIFEST.json :: freeze_authorized=False; passes_all_cross_source_discovery_gates=False; candidate_count=43; eligib
286,NEXT270,2026-08-09,diagnostic,PRV residual,SCIGEN+WyFormer discovery labels (offline),exact BROAD threshold residual (lexicographic),"closest: five failures, shortfall 0.0955435293 - strict 22.57% improvement over NEXT235 (best residual to date); still not a BROAD pass",diagnostic-only,yes,line 6029 | docs/plans/2026-08-09-next267-next270-periodic-radical-voronoi-packing.md | SSD/workspace_data/newpauling/next270_prv_broad_diagnostic_v1/MANIFEST.json :: new_formula_selected=False; candidate_count=35 || SSD/workspace_data/newpauling/next270_prv_broad_dia
287,NEXT271,2026-08-09,search/test,joint radical-packing (PRVJ) features,SCIGEN+WyFormer discovery,label-free feature build,"12 combinations finite for 13,469/13,470 and 5,226/5,232 rows",probe-pass,yes,line 5540 | docs/plans/2026-08-09-next271-next274-joint-radical-packing.md | artifact mtime: docs/plans/2026-08-09-next271-next274-joint-radical-packing.md
288,NEXT272,2026-08-09,search/test,PRVJ feature audit,SCIGEN+WyFormer discovery labels (offline),cross-source eligibility of 24 hypotheses,"7/24 eligible; balance_weighted_joint SCIGEN 0.709114/0.639997, WyFormer 0.566075/0.543816",probe-pass,yes,line 5560 | docs/plans/2026-08-09-next271-next274-joint-radical-packing.md | SSD/workspace_data/newpauling/next272_joint_radical_feature_audit_v1/MANIFEST.json :: new_formula_selected=False; eligible_hypothesis_count=7 || SSD/workspace_data/newpauling/next2
289,NEXT273,2026-08-09,search/test,PRVJ margin-local search,SCIGEN+WyFormer discovery,six source-AUC + SAFE12 + BROAD discovery gates,147 new candidates; 117 AUC; 140 SAFE; 117 AUC+SAFE; 0 BROAD,fail-gate,yes,line 5585 | docs/plans/2026-08-09-next271-next274-joint-radical-packing.md | SSD/workspace_data/newpauling/next273_joint_radical_margin_local_search_v1/MANIFEST.json :: freeze_authorized=False; passes_all_cross_source_discovery_gates=False; candidate_count=
290,NEXT274,2026-08-09,diagnostic,PRVJ residual,SCIGEN+WyFormer discovery labels (offline),exact BROAD threshold residual (lexicographic),"closest 0.0979291803 vs NEXT270 (5, 0.0955435293): worse by 0.0023856511; branch closed",diagnostic-only,yes,line 5596 | docs/plans/2026-08-09-next271-next274-joint-radical-packing.md | SSD/workspace_data/newpauling/next274_joint_radical_broad_diagnostic_v1/MANIFEST.json :: new_formula_selected=False; candidate_count=117 || SSD/workspace_data/newpauling/next274_jo
291,NEXT275,2026-08-09,search/test,species-resolved radical packing (PRVS) features,SCIGEN+WyFormer discovery,label-free feature build,"10 features finite; coverage matched NEXT267 (13,469 / 5,226); 7 abstentions",probe-pass,yes,line 5249 | docs/plans/2026-08-09-next275-next278-species-resolved-radical-packing.md | artifact mtime: docs/plans/2026-08-09-next275-next278-species-resolved-radical-packing.md
292,NEXT276,2026-08-09,search/test,PRVS feature audit,SCIGEN+WyFormer discovery labels (offline),cross-source eligibility of 20 hypotheses,"1/20 eligible: chebyshev_between_cv SCIGEN 0.6387217848/0.5647325380, WyFormer 0.5838637622/0.5394419912",probe-pass,yes,line 5297 | docs/plans/2026-08-09-next275-next278-species-resolved-radical-packing.md | SSD/workspace_data/newpauling/next276_species_resolved_radical_feature_audit_v1/MANIFEST.json :: new_formula_selected=False; eligible_hypothesis_count=1 || SSD/workspace_data/newpa
293,NEXT277,2026-08-09,search/test,PRVS margin-local search,SCIGEN+WyFormer discovery,six source-AUC + SAFE12 + BROAD discovery gates,21 new candidates; 18 AUC; 20 SAFE; 18 AUC+SAFE; 0 BROAD,fail-gate,yes,line 5322 | docs/plans/2026-08-09-next275-next278-species-resolved-radical-packing.md | SSD/workspace_data/newpauling/next277_species_resolved_radical_margin_local_search_v1/MANIFEST.json :: freeze_authorized=False; passes_all_cross_source_discovery_gates=False; candi
294,NEXT278,2026-08-09,diagnostic,PRVS residual,SCIGEN+WyFormer discovery labels (offline),exact BROAD threshold residual (lexicographic),"closest: five failures, shortfall 0.1565314150611804 (worse than NEXT270 by 0.0609878857855497); branch closed",diagnostic-only,yes,line 5336 | docs/plans/2026-08-09-next275-next278-species-resolved-radical-packing.md | SSD/workspace_data/newpauling/next278_species_resolved_radical_broad_diagnostic_v1/MANIFEST.json :: new_formula_selected=False; candidate_count=18 || SSD/workspace_data/newpauling/
295,NEXT279,2026-08-09,search/test,radical-packing autocorrelation (PRPA) features,SCIGEN+WyFormer discovery,label-free feature build (two pre-outcome amendments),"supported 13,412/13,470 and 5,073/5,232; 1,744,436 + 1,311,394 directed contact incidences",probe-pass,yes,line 5423 | docs/plans/2026-08-09-next279-next282-radical-packing-autocorrelation-amendment-2.md | artifact mtime: docs/plans/2026-08-09-next279-next282-radical-packing-autocorrelation.md
296,NEXT280,2026-08-09,search/test,PRPA feature audit,SCIGEN+WyFormer discovery labels (offline),cross-source eligibility of 8 frozen directions,"0/8 eligible; top chebyshev_geary SCIGEN 0.5290111493/0.4571619089, WyFormer 0.5422106908/0.5039079462; branch terminated",abandoned-family,yes,line 5475 | docs/plans/2026-08-09-next279-next282-radical-packing-autocorrelation-amendment-2.md | SSD/workspace_data/newpauling/next280_radical_packing_autocorrelation_audit_v1/MANIFEST.json :: new_formula_selected=False; eligible_hypothesis_count=0 || SSD/workspace_data/newpau
297,NEXT281,2026-08-09 (block),search/test,PRPA (follow-on search),NA,"reserved follow-on; ""NEXT281 and NEXT282 were neither created nor run""",NA,not-run (blocked upstream),no,line 5491 | docs/plans/2026-08-09-next279-next282-radical-packing-autocorrelation-amendment-2.md
298,NEXT282,2026-08-09 (block),search/test,PRPA (follow-on diagnostic),NA,reserved follow-on; not created,NA,not-run (blocked upstream),no,line 5491 | docs/plans/2026-08-09-next279-next282-radical-packing-autocorrelation-amendment-2.md
299,NEXT283,2026-08-09,search/test,power-cell shape-volume coupling (PSVC) features,SCIGEN+WyFormer discovery,label-free feature build (scale-invariance amendment),"records for 13,469/13,470 and 5,226/5,232; sphericity ranges 0.063645-0.953111 / 0.061253-0.972860",probe-pass,yes,line 6109 | docs/plans/2026-08-09-next283-next286-power-cell-shape-volume-coupling-amendment.md | artifact mtime: docs/plans/2026-08-09-next283-next286-power-cell-shape-volume-coupling.md
300,NEXT284,2026-08-09,search/test,PSVC feature audit,SCIGEN+WyFormer discovery labels (offline),cross-source eligibility of 6 directions,"3/6 eligible; mean inflated-asphericity SCIGEN 0.719090/0.717172/0.657663, WyFormer 0.598361/0.599818/0.574934",probe-pass,yes,line 6174 | docs/plans/2026-08-09-next283-next286-power-cell-shape-volume-coupling-amendment.md | SSD/workspace_data/newpauling/next284_power_cell_shape_volume_feature_audit_v1/MANIFEST.json :: new_formula_selected=False; eligible_hypothesis_count=3 || SSD/workspace_data/newpau
301,NEXT285,2026-08-09,search/test,PSVC margin-local search,SCIGEN+WyFormer discovery,six source-AUC + SAFE12 + BROAD discovery gates,63 new candidates; 42 AUC+SAFE; 60 SAFE; 0 BROAD,fail-gate,yes,line 6205 | docs/plans/2026-08-09-next283-next286-power-cell-shape-volume-coupling-amendment.md | SSD/workspace_data/newpauling/next285_power_cell_shape_volume_margin_local_search_v1/MANIFEST.json :: freeze_authorized=False; passes_all_cross_source_discovery_gates=False; candid
302,NEXT286,2026-08-09,diagnostic,PSVC residual,SCIGEN+WyFormer discovery labels (offline),exact BROAD threshold residual (lexicographic),"closest: five failures, shortfall 0.1546675058 (worse than NEXT270 by 0.0591239765); branch closed",diagnostic-only,yes,line 6234 | docs/plans/2026-08-09-next283-next286-power-cell-shape-volume-coupling-amendment.md | SSD/workspace_data/newpauling/next286_power_cell_shape_volume_broad_diagnostic_v1/MANIFEST.json :: new_formula_selected=False; candidate_count=42 || SSD/workspace_data/newpauling/n
303,NEXT287,2026-08-09,search/test,PRV one-sided relief search,SCIGEN+WyFormer discovery,six source-AUC + SAFE12 + BROAD discovery gates,42 new candidates; all SAFE; 35 AUC+SAFE; 0 BROAD,fail-gate,yes,line 6277 | docs/plans/2026-08-09-next287-next288-prv-one-sided-relief.md | SSD/workspace_data/newpauling/next287_prv_one_sided_relief_search_v1/MANIFEST.json :: freeze_authorized=False; passes_all_cross_source_discovery_gates=False; candidate_count=43; el
304,NEXT288,2026-08-09,diagnostic,one-sided relief residual,SCIGEN+WyFormer discovery labels (offline),exact BROAD threshold residual (lexicographic),"closest: five failures, shortfall 0.1274245558 (worse than NEXT270 by 0.0318810265); branch closed",diagnostic-only,yes,line 6340 | docs/plans/2026-08-09-next287-next288-prv-one-sided-relief.md | SSD/workspace_data/newpauling/next288_prv_one_sided_broad_diagnostic_v1/MANIFEST.json :: new_formula_selected=False; candidate_count=35 || SSD/workspace_data/newpauling/next288_prv
305,NEXT289,2026-08-09,search/test,PRV confidence-deadzone search,SCIGEN+WyFormer discovery,six source-AUC + SAFE12 + BROAD discovery gates,84 new candidates; 80 SAFE; 64 AUC+SAFE; 0 BROAD,fail-gate,yes,line 6388 | docs/plans/2026-08-09-next289-next290-prv-confidence-deadzone.md | SSD/workspace_data/newpauling/next289_prv_confidence_deadzone_search_v1/MANIFEST.json :: freeze_authorized=False; passes_all_cross_source_discovery_gates=False; candidate_count=85;
306,NEXT290,2026-08-09,diagnostic,deadzone residual,SCIGEN+WyFormer discovery labels (offline),exact BROAD threshold residual (lexicographic),"closest: five failures, shortfall 0.1787881434 (worse than NEXT270 by 0.0832446141); PRV score-combination development closed",diagnostic-only,yes,line 6448 | docs/plans/2026-08-09-next289-next290-prv-confidence-deadzone.md | SSD/workspace_data/newpauling/next290_prv_confidence_deadzone_broad_diagnostic_v1/MANIFEST.json :: new_formula_selected=False; candidate_count=64 || SSD/workspace_data/newpauling/n
307,NEXT291,2026-08-09,search/test,radius-weighted Delaunay cage isotropy (RWDCI) features,SCIGEN+WyFormer discovery,label-free feature build + invariance,coverage 0.999925761 SCIGEN / 0.998853211 WyFormer; tiling errors <=1.8242e-15,probe-pass,yes,line 6498 | docs/plans/2026-08-09-next291-next294-radius-weighted-delaunay-cage-isotropy.md | artifact mtime: docs/plans/2026-08-09-next291-next294-radius-weighted-delaunay-cage-isotropy.md
308,NEXT292,2026-08-09,search/test,RWDCI feature audit,SCIGEN+WyFormer discovery labels (offline),cross-source eligibility of 16 protected_high hypotheses,"0/16 eligible (all pass SCIGEN, none WyFormer); leader closure_q10 SCIGEN 0.692462/0.639360 vs WyFormer 0.532862/0.474934; branch terminated",abandoned-family,yes,line 6576 | docs/plans/2026-08-09-next291-next294-radius-weighted-delaunay-cage-isotropy.md | SSD/workspace_data/newpauling/next292_rwdci_feature_audit_v1/MANIFEST.json :: new_formula_selected=False; eligible_hypothesis_count=0 || SSD/workspace_data/newpauling/next292_rwdci
309,NEXT293,2026-08-09 (block),search/test,RWDCI (follow-on search),NA,"reserved follow-on; ""NEXT293 and NEXT294 were not created""",NA,not-run (blocked upstream),no,line 6596 | docs/plans/2026-08-09-next291-next294-radius-weighted-delaunay-cage-isotropy.md
310,NEXT294,2026-08-09 (block),search/test,RWDCI (follow-on diagnostic),NA,reserved follow-on; not created,NA,not-run (blocked upstream),no,line 6596 | docs/plans/2026-08-09-next291-next294-radius-weighted-delaunay-cage-isotropy.md
311,NEXT295,2026-08-09,search/test,positive contact force closure (PCFC) features,SCIGEN+WyFormer discovery,label-free feature build (LP closure certificate),"supported 12,749/13,470 (0.946473645) and 5,013/5,232 (0.958142202); build 137.47 s",probe-pass,yes,line 6633 | docs/plans/2026-08-09-next295-next298-positive-contact-force-closure.md | artifact mtime: docs/plans/2026-08-09-next295-next298-positive-contact-force-closure.md
312,NEXT296,2026-08-09,search/test,PCFC feature audit,SCIGEN+WyFormer discovery labels (offline),cross-source eligibility incl. 0.90 fold-coverage gate,0/13 eligible; leader weighted_closure_mean AUC 0.641579/0.564525 SCIGEN & 0.557970/0.554311 WyFormer but SCIGEN fold coverage 0.896272285 < 0.90; branch terminated,abandoned-family,yes,line 6728 | docs/plans/2026-08-09-next295-next298-positive-contact-force-closure.md | SSD/workspace_data/newpauling/next296_pcfc_feature_audit_v1/MANIFEST.json :: new_formula_selected=False; eligible_hypothesis_count=0 || SSD/workspace_data/newpauling/next296_pcfc_f
313,NEXT297,2026-08-09 (block),search/test,PCFC (follow-on search),NA,"reserved follow-on; ""NEXT297 and NEXT298 were not created""",NA,not-run (blocked upstream),no,line 6758 | docs/plans/2026-08-09-next295-next298-positive-contact-force-closure.md
314,NEXT298,2026-08-09 (block),search/test,PCFC (follow-on diagnostic),NA,reserved follow-on; not created,NA,not-run (blocked upstream),no,line 6758 | docs/plans/2026-08-09-next295-next298-positive-contact-force-closure.md
315,NEXT299,2026-08-09,search/test,minimal opposite-sign periodic cage (MOSPC) features,SCIGEN+WyFormer discovery,label-free feature build + certified enumeration,"supported 13,217/13,470 (0.981217520) and 5,180/5,232 (0.990061162); build 37.09 s",probe-pass,yes,line 6798 | docs/plans/2026-08-09-next299-next302-minimal-opposite-sign-periodic-cage.md | artifact mtime: docs/plans/2026-08-09-next299-next302-minimal-opposite-sign-periodic-cage.md
316,NEXT300,2026-08-09,search/test,MOSPC feature audit,SCIGEN+WyFormer discovery labels (offline),cross-source eligibility of 13 hypotheses,"5/13 eligible; leader inverse-square closure q10 SCIGEN 0.649318/0.608070, WyFormer 0.590281/0.542385",probe-pass,yes,line 6874 | docs/plans/2026-08-09-next299-next302-minimal-opposite-sign-periodic-cage.md | SSD/workspace_data/newpauling/next300_mospc_feature_audit_v1/MANIFEST.json :: new_formula_selected=False; eligible_hypothesis_count=5 || SSD/workspace_data/newpauling/next300_mospc
317,NEXT301,2026-08-09,search/test,MOSPC margin-local search,SCIGEN+WyFormer discovery,six source-AUC + SAFE12 + BROAD discovery gates,105 new candidates; 80 pass AUC+SAFE; 0 BROAD,fail-gate,yes,line 6907 | docs/plans/2026-08-09-next299-next302-minimal-opposite-sign-periodic-cage.md | SSD/workspace_data/newpauling/next301_mospc_margin_local_search_v1/MANIFEST.json :: freeze_authorized=False; passes_all_cross_source_discovery_gates=False; candidate_count=106; eli
318,NEXT302,2026-08-09,diagnostic,MOSPC residual,SCIGEN+WyFormer discovery labels (offline),exact BROAD threshold residual (lexicographic),"closest: six failures, shortfall 0.152605018 vs NEXT235 (5, 0.123395437); branch closed",diagnostic-only,yes,line 6923 | docs/plans/2026-08-09-next299-next302-minimal-opposite-sign-periodic-cage.md | SSD/workspace_data/newpauling/next302_mospc_broad_diagnostic_v1/MANIFEST.json :: new_formula_selected=False; candidate_count=80 || SSD/workspace_data/newpauling/next302_mospc_broad
319,NEXT303,2026-08-09,search/test,periodic reciprocal cage balance (PRCB) features,SCIGEN+WyFormer discovery,label-free feature build,"supported 13,217 (0.9812175204) and 5,180 (0.9900611621); 317,429 + 296,737 edge orbits",probe-pass,yes,line 6978 | docs/plans/2026-08-09-next303-next306-periodic-reciprocal-cage-balance.md | artifact mtime: docs/plans/2026-08-09-next303-next306-periodic-reciprocal-cage-balance.md
320,NEXT304,2026-08-09,search/test,PRCB feature audit,SCIGEN+WyFormer discovery labels (offline),cross-source eligibility of 13 hypotheses,"4/13 eligible; leader inverse-square closure min SCIGEN 0.670679/0.635616, WyFormer 0.566946/0.537039; mutual-selection hypotheses reversed direction",probe-pass,yes,line 7053 | docs/plans/2026-08-09-next303-next306-periodic-reciprocal-cage-balance.md | SSD/workspace_data/newpauling/next304_prcb_feature_audit_v1/MANIFEST.json :: new_formula_selected=False; eligible_hypothesis_count=4 || SSD/workspace_data/newpauling/next304_prcb_f
321,NEXT305,2026-08-09,search/test,PRCB margin-local search,SCIGEN+WyFormer discovery,six source-AUC + SAFE12 + BROAD discovery gates,84 new candidates; 67 AUC; 83 SAFE; 67 AUC+SAFE; 0 BROAD,fail-gate,yes,line 7082 | docs/plans/2026-08-09-next303-next306-periodic-reciprocal-cage-balance.md | SSD/workspace_data/newpauling/next305_prcb_margin_local_search_v1/MANIFEST.json :: freeze_authorized=False; passes_all_cross_source_discovery_gates=False; candidate_count=85; eligi
322,NEXT306,2026-08-09,diagnostic,PRCB residual,SCIGEN+WyFormer discovery labels (offline),exact BROAD threshold residual (lexicographic),"closest: six failures, shortfall 0.1573456864 (worse than NEXT235 by 0.0339502499); branch closed",diagnostic-only,yes,line 7097 | docs/plans/2026-08-09-next303-next306-periodic-reciprocal-cage-balance.md | SSD/workspace_data/newpauling/next306_prcb_broad_diagnostic_v1/MANIFEST.json :: new_formula_selected=False; candidate_count=67 || SSD/workspace_data/newpauling/next306_prcb_broad_d
323,NEXT307,2026-08-09,search/test,periodic bond-valence Hodge-loop (PBVHL) features,SCIGEN+WyFormer discovery,label-free feature build (cycle-space projection),"supported 12,969/13,470 (0.9628062361) and 4,988/5,232 (0.9533639144); max divergence 8.8059e-13",probe-pass,yes,line 7146 | docs/plans/2026-08-09-next307-next310-periodic-bond-valence-hodge-loop.md | artifact mtime: docs/plans/2026-08-09-next307-next310-periodic-bond-valence-hodge-loop.md
324,NEXT308,2026-08-09,search/test,PBVHL feature audit,SCIGEN+WyFormer discovery labels (offline),cross-source eligibility of 4 protected_low hypotheses,0/4 eligible; e.g. sitewise loop-RMS q90 SCIGEN 0.743196/0.699427 vs WyFormer 0.474893/0.442564 (direction loss); branch terminated,abandoned-family,yes,line 7229 | docs/plans/2026-08-09-next307-next310-periodic-bond-valence-hodge-loop.md | SSD/workspace_data/newpauling/next308_pbvhl_feature_audit_v1/MANIFEST.json :: new_formula_selected=False; eligible_hypothesis_count=0 || SSD/workspace_data/newpauling/next308_pbvhl
325,NEXT309,2026-08-09 (block),search/test,PBVHL (follow-on search),NA,"reserved follow-on; ""NEXT309 and NEXT310 were not created""",NA,not-run (blocked upstream),no,line 7249 | docs/plans/2026-08-09-next307-next310-periodic-bond-valence-hodge-loop.md
326,NEXT310,2026-08-09 (block),search/test,PBVHL (follow-on diagnostic),NA,reserved follow-on; not created,NA,not-run (blocked upstream),no,line 7249 | docs/plans/2026-08-09-next307-next310-periodic-bond-valence-hodge-loop.md
327,NEXT311,2026-08-09,search/test,periodic charge-alternation eigenmode (PCAE) features,SCIGEN+WyFormer discovery,label-free feature build,"supported 13,203/13,470 (0.9801781737) and 5,046/5,232 (0.9644495413)",probe-pass,yes,line 7277 | docs/plans/2026-08-09-next311-next314-periodic-charge-alternation-eigenmode.md | artifact mtime: docs/plans/2026-08-09-next311-next314-periodic-charge-alternation-eigenmode.md
328,NEXT312,2026-08-09,search/test,PCAE feature audit,SCIGEN+WyFormer discovery labels (offline),cross-source eligibility of 3 protected_low hypotheses,2/3 eligible: unit eigen defect 0.603969/0.560993 SCIGEN & 0.551379/0.514915 WyFormer; two-step return defect reversed,probe-pass,yes,line 7359 | docs/plans/2026-08-09-next311-next314-periodic-charge-alternation-eigenmode.md | SSD/workspace_data/newpauling/next312_pcae_feature_audit_v1/MANIFEST.json :: new_formula_selected=False; eligible_hypothesis_count=2 || SSD/workspace_data/newpauling/next312_pcae_f
329,NEXT313,2026-08-09,search/test,PCAE margin-local search,SCIGEN+WyFormer discovery,six source-AUC + SAFE12 + BROAD discovery gates,42 new candidates; 27 AUC; 40 SAFE; 27 AUC+SAFE; 0 BROAD,fail-gate,yes,line 7388 | docs/plans/2026-08-09-next311-next314-periodic-charge-alternation-eigenmode.md | SSD/workspace_data/newpauling/next313_pcae_margin_local_search_v1/MANIFEST.json :: freeze_authorized=False; passes_all_cross_source_discovery_gates=False; candidate_count=43; eligi
330,NEXT314,2026-08-09,diagnostic,PCAE residual,SCIGEN+WyFormer discovery labels (offline),exact BROAD threshold residual (lexicographic),"closest: six failures, shortfall 0.1544726160 (worse than NEXT235 by 0.0310771795); branch closed",diagnostic-only,yes,line 7425 | docs/plans/2026-08-09-next311-next314-periodic-charge-alternation-eigenmode.md | SSD/workspace_data/newpauling/next314_pcae_broad_diagnostic_v1/MANIFEST.json :: new_formula_selected=False; candidate_count=27 || SSD/workspace_data/newpauling/next314_pcae_broad_d
331,NEXT315,2026-08-09,search/test,periodic charge Green-resistance (PCGR) features,SCIGEN+WyFormer discovery,label-free feature build (Laplacian pseudoinverse),"supported 13,203 (0.9801781737) and 5,046 (0.9644495413); nondegenerate ranges",probe-pass,yes,line 7471 | docs/plans/2026-08-09-next315-next318-periodic-charge-green-resistance.md | artifact mtime: docs/plans/2026-08-09-next315-next318-periodic-charge-green-resistance.md
332,NEXT316,2026-08-09,search/test,PCGR feature audit,SCIGEN+WyFormer discovery labels (offline),cross-source eligibility of 3 hypotheses,"1/3 eligible: voltage drop max SCIGEN 0.608070/0.581446, WyFormer 0.609492/0.523122",probe-pass,yes,line 7559 | docs/plans/2026-08-09-next315-next318-periodic-charge-green-resistance.md | SSD/workspace_data/newpauling/next316_pcgr_feature_audit_v1/MANIFEST.json :: new_formula_selected=False; eligible_hypothesis_count=1 || SSD/workspace_data/newpauling/next316_pcgr_f
333,NEXT317,2026-08-09,search/test,PCGR margin-local search,SCIGEN+WyFormer discovery,six source-AUC + SAFE12 + BROAD discovery gates,21 new candidates; 13 AUC; 20 SAFE; 13 AUC+SAFE; 0 BROAD,fail-gate,yes,line 7588 | docs/plans/2026-08-09-next315-next318-periodic-charge-green-resistance.md | SSD/workspace_data/newpauling/next317_pcgr_margin_local_search_v1/MANIFEST.json :: freeze_authorized=False; passes_all_cross_source_discovery_gates=False; candidate_count=22; eligi
334,NEXT318,2026-08-09,diagnostic,PCGR residual,SCIGEN+WyFormer discovery labels (offline),exact BROAD threshold residual (lexicographic),"closest: six failures, shortfall 0.1530892361 (worse than NEXT235 by 0.0296937995); branch closed",diagnostic-only,yes,line 7621 | docs/plans/2026-08-09-next315-next318-periodic-charge-green-resistance.md | SSD/workspace_data/newpauling/next318_pcgr_broad_diagnostic_v1/MANIFEST.json :: new_formula_selected=False; candidate_count=13 || SSD/workspace_data/newpauling/next318_pcgr_broad_d
335,NEXT319,2026-08-09,search/test,periodic contact-shell neutralization (PCSN) features,SCIGEN+WyFormer discovery,label-free feature build,"supported 13,203 (0.9801781737) and 5,046 (0.9644495413); both features finite everywhere",probe-pass,yes,line 7686 | docs/plans/2026-08-09-next319-next322-periodic-contact-shell-neutralization.md | artifact mtime: docs/plans/2026-08-09-next319-next322-periodic-contact-shell-neutralization.md
336,NEXT320,2026-08-09,search/test,PCSN feature audit,SCIGEN+WyFormer discovery labels (offline),cross-source eligibility of 2 protected_low hypotheses,0/2 eligible; SCIGEN direction reversed (shell-1 q90 0.410741/0.380656; shell-2 0.452134/0.396980); branch terminated,abandoned-family,yes,line 7777 | docs/plans/2026-08-09-next319-next322-periodic-contact-shell-neutralization.md | SSD/workspace_data/newpauling/next320_pcsn_feature_audit_v1/MANIFEST.json :: new_formula_selected=False; eligible_hypothesis_count=0 || SSD/workspace_data/newpauling/next320_pcsn_f
337,NEXT321,2026-08-09 (block),search/test,PCSN (follow-on search),NA,"reserved follow-on; ""NEXT321 and NEXT322 were not created""",NA,not-run (blocked upstream),no,line 7792 | docs/plans/2026-08-09-next319-next322-periodic-contact-shell-neutralization.md
338,NEXT322,2026-08-09 (block),search/test,PCSN (follow-on diagnostic),NA,reserved follow-on; not created,NA,not-run (blocked upstream),no,line 7792 | docs/plans/2026-08-09-next319-next322-periodic-contact-shell-neutralization.md
339,NEXT323,2026-08-09,search/test,periodic global contact equilibrium (PGCE) features,SCIGEN+WyFormer discovery,label-free feature build (global reciprocal LP),"supported 13,413/13,470 (0.9957683742) and 5,072/5,232 (0.9694189602); max residuals 2.0081e-11 / 9.9978e-11",probe-pass,yes,line 7838 | docs/plans/2026-08-09-next323-next326-periodic-global-contact-equilibrium.md | workspace/newpauling/experiments/next323_pgce_label_blind_probe_result.json :: probe_passed=True
340,NEXT324,2026-08-11,search/test,PGCE feature audit,SCIGEN+WyFormer discovery labels (offline),cross-source eligibility of the single protected_high hypothesis,SCIGEN 0.7027481525/0.6681771516 pass; WyFormer 0.4238540620/0.3838522589 fail (reversal); 0 eligible; branch terminated,abandoned-family,yes,line 7935 | docs/plans/2026-08-09-next323-next326-periodic-global-contact-equilibrium.md | SSD/workspace_data/newpauling/next324_pgce_feature_audit_v1/MANIFEST.json :: new_formula_selected=False; eligible_hypothesis_count=0 || SSD/workspace_data/newpauling/next324_pgce_f
341,NEXT325,2026-08-09 (block),search/test,PGCE (follow-on search),NA,"reserved follow-on; ""NEXT325 and NEXT326 were not created""",NA,not-run (blocked upstream),no,line 7953 | docs/plans/2026-08-09-next323-next326-periodic-global-contact-equilibrium.md
342,NEXT326,2026-08-09 (block),search/test,PGCE (follow-on diagnostic),NA,reserved follow-on; not created,NA,not-run (blocked upstream),no,line 7953 | docs/plans/2026-08-09-next323-next326-periodic-global-contact-equilibrium.md
343,NEXT327,2026-08-13,search/test,radical-facet positive enclosure (RFPE),SCIGEN+WyFormer 80+80 label-blind probe,label-blind support/nondegeneracy/invariance/novelty(<0.90) gates,WyFormer Spearman 0.9386725280 vs NEXT323 PGCE (SCIGEN 0.8980075012); novelty failed; probe_passed=false,abandoned-family,yes,line 8003 | docs/plans/2026-08-13-next327-next330-radical-facet-positive-enclosure.md | artifact mtime: docs/plans/2026-08-13-next327-next330-radical-facet-positive-enclosure.md
344,NEXT328,2026-08-13 (block),search/test,RFPE (follow-on),NA,"reserved follow-on; ""NEXT328, NEXT329, and NEXT330 do not exist""",NA,not-run (blocked upstream),no,line 8054 | docs/plans/2026-08-13-next327-next330-radical-facet-positive-enclosure.md
345,NEXT329,2026-08-13 (block),search/test,RFPE (follow-on),NA,reserved follow-on; does not exist,NA,not-run (blocked upstream),no,line 8054 | docs/plans/2026-08-13-next327-next330-radical-facet-positive-enclosure.md
346,NEXT330,2026-08-13 (block),search/test,RFPE (follow-on),NA,reserved follow-on; does not exist,NA,not-run (blocked upstream),no,line 8054 | docs/plans/2026-08-13-next327-next330-radical-facet-positive-enclosure.md
347,NEXT331,2026-08-13,search/test,radical-facet minimum participation (RFMP),SCIGEN+WyFormer 80+80 label-blind probe,label-blind support/domain/invariance/novelty gates,"WyFormer support 69/80 < frozen 72/80 floor (6 quantization collapses, 4 empty cells, 1 certificate miss); probe_passed=false",abandoned-family,yes,line 8082 | docs/plans/2026-08-13-next331-next334-radical-facet-minimum-participation.md | artifact mtime: docs/plans/2026-08-13-next331-next334-radical-facet-minimum-participation.md
348,NEXT332,2026-08-13 (block),search/test,RFMP (follow-on),NA,"reserved follow-on; ""NEXT332, NEXT333, and NEXT334 do not exist""",NA,not-run (blocked upstream),no,line 8152 | docs/plans/2026-08-13-next331-next334-radical-facet-minimum-participation.md
349,NEXT333,2026-08-13 (block),search/test,RFMP (follow-on),NA,reserved follow-on; does not exist,NA,not-run (blocked upstream),no,line 8152 | docs/plans/2026-08-13-next331-next334-radical-facet-minimum-participation.md
350,NEXT334,2026-08-13 (block),search/test,RFMP (follow-on),NA,reserved follow-on; does not exist,NA,not-run (blocked upstream),no,line 8152 | docs/plans/2026-08-13-next331-next334-radical-facet-minimum-participation.md
351,NEXT335,2026-08-13,search/test,radical-facet Minkowski tensor (RFMT),SCIGEN+WyFormer 80+80 label-blind probe,label-blind novelty(<0.90) gate,novelty failed both sources: 0.9079231130 / 0.9430256859 vs NEXT267 vertex-anisotropy q90; probe_passed=false,abandoned-family,yes,line 8181 | docs/plans/2026-08-13-next335-next338-radical-facet-minkowski-tensor.md | artifact mtime: docs/plans/2026-08-13-next335-next338-radical-facet-minkowski-tensor.md
352,NEXT336,2026-08-13 (block),search/test,RFMT (follow-on),NA,"reserved follow-on; ""NEXT336, NEXT337, and NEXT338 do not exist""",NA,not-run (blocked upstream),no,line 8232 | docs/plans/2026-08-13-next335-next338-radical-facet-minkowski-tensor.md
353,NEXT337,2026-08-13 (block),search/test,RFMT (follow-on),NA,reserved follow-on; does not exist,NA,not-run (blocked upstream),no,line 8232 | docs/plans/2026-08-13-next335-next338-radical-facet-minkowski-tensor.md
354,NEXT338,2026-08-13 (block),search/test,RFMT (follow-on),NA,reserved follow-on; does not exist,NA,not-run (blocked upstream),no,line 8232 | docs/plans/2026-08-13-next335-next338-radical-facet-minkowski-tensor.md
355,NEXT339,2026-08-13,search/test,periodic geometric homogenized transmissivity (PGHT),SCIGEN+WyFormer 80+80 label-blind probe,label-blind nondegeneracy gate + analytic identity,constant feature: exactly 1 unique value (1.0) per source (Minkowski facet equilibrium annihilates affine forcing); formula-level falsification,abandoned-family,yes,line 8261 | docs/plans/2026-08-13-next339-next342-periodic-geometric-homogenized-transmissivity-amendment.md | artifact mtime: docs/plans/2026-08-13-next339-next342-periodic-geometric-homogenized-transmissivity.md
356,NEXT340,2026-08-13 (block),search/test,PGHT (follow-on),NA,"reserved follow-on; ""NEXT340, NEXT341, and NEXT342 do not exist""",NA,not-run (blocked upstream),no,line 8325 | docs/plans/2026-08-13-next339-next342-periodic-geometric-homogenized-transmissivity-amendment.md
357,NEXT341,2026-08-13 (block),search/test,PGHT (follow-on),NA,reserved follow-on; does not exist,NA,not-run (blocked upstream),no,line 8325 | docs/plans/2026-08-13-next339-next342-periodic-geometric-homogenized-transmissivity-amendment.md
358,NEXT342,2026-08-13 (block),search/test,PGHT (follow-on),NA,reserved follow-on; does not exist,NA,not-run (blocked upstream),no,line 8325 | docs/plans/2026-08-13-next339-next342-periodic-geometric-homogenized-transmissivity-amendment.md
359,NEXT343,2026-08-13,search/test,periodic allocation-redistribution impedance (PARI),SCIGEN+WyFormer 80+80 label-blind probe,label-blind supercell-invariance gate,2x1x1 supercell changed protection 0.6666666667 -> 0.5568501906 (error 0.1098164761); probe_passed=false,abandoned-family,yes,line 8356 | docs/plans/2026-08-13-next343-next346-periodic-allocation-redistribution-impedance.md | artifact mtime: docs/plans/2026-08-13-next343-next346-periodic-allocation-redistribution-impedance.md
360,NEXT344,2026-08-13 (block),search/test,PARI (follow-on),NA,"reserved follow-on; ""NEXT344, NEXT345, and NEXT346 do not exist""",NA,not-run (blocked upstream),no,line 8408 | docs/plans/2026-08-13-next343-next346-periodic-allocation-redistribution-impedance.md
361,NEXT345,2026-08-13 (block),search/test,PARI (follow-on),NA,reserved follow-on; does not exist,NA,not-run (blocked upstream),no,line 8408 | docs/plans/2026-08-13-next343-next346-periodic-allocation-redistribution-impedance.md
362,NEXT346,2026-08-13 (block),search/test,PARI (follow-on),NA,reserved follow-on; does not exist,NA,not-run (blocked upstream),no,line 8408 | docs/plans/2026-08-13-next343-next346-periodic-allocation-redistribution-impedance.md
363,NEXT347,2026-08-13,search/test,periodic allocation-redistribution capacity (PARC) features,SCIGEN+WyFormer discovery,label-free build + label-blind probe gates,probe passed (novelty 0.5949567195 / 0.5647005485); formal coverage 0.9790645880 SCIGEN / 0.9206804281 WyFormer,probe-pass,yes,line 8439 | docs/plans/2026-08-13-next347-next350-periodic-allocation-redistribution-capacity.md | workspace/newpauling/experiments/next347_parc_label_blind_probe_result.json :: probe_passed=True || workspace/newpauling/experiments/next347_parc_initial_probe_authorization.json :
364,NEXT348,2026-08-13,search/test,PARC discovery audit,SCIGEN+WyFormer discovery labels (offline),cross-source AUC + 0.90 coverage gates,SCIGEN 0.6162721986/0.5927373199 pass; WyFormer AUC 0.6306218865 pass but worst fold coverage 0.8367346939 < 0.90; 0 eligible; branch terminated,abandoned-family,yes,line 8509 | docs/plans/2026-08-13-next347-next350-periodic-allocation-redistribution-capacity.md | SSD/workspace_data/newpauling/next348_parc_feature_audit_v1/MANIFEST.json :: new_formula_selected=False; eligible_hypothesis_count=0 || SSD/workspace_data/newpauling/next348_parc_f
365,NEXT349,2026-08-13 (block),search/test,PARC (follow-on search),NA,"reserved follow-on; ""NEXT349 and NEXT350 were not created""",NA,not-run (blocked upstream),no,line 8536 | docs/plans/2026-08-13-next347-next350-periodic-allocation-redistribution-capacity.md
366,NEXT350,2026-08-13 (block),search/test,PARC (follow-on diagnostic),NA,reserved follow-on; not created,NA,not-run (blocked upstream),no,line 8536 | docs/plans/2026-08-13-next347-next350-periodic-allocation-redistribution-capacity.md
367,NEXT351,2026-08-13,search/test,periodic deviatoric strain rigidity (PDSR),SCIGEN+WyFormer 80+80 label-blind probe,label-blind support gate,WyFormer support 65/80 = 0.8125 < 0.90 floor; SCIGEN 78/80; novelty passed (0.3814308768 / 0.4312929538); probe stop,abandoned-family,yes,line 8560 | docs/plans/2026-08-13-next351-next354-periodic-deviatoric-strain-rigidity.md | workspace/newpauling/experiments/next351_pdsr_label_blind_probe_result.json :: probe_passed=False
368,NEXT352,2026-08-13 (block),search/test,PDSR (follow-on),NA,"reserved follow-on; ""NEXT352, NEXT353, and NEXT354 do not exist""",NA,not-run (blocked upstream),no,line 8624 | docs/plans/2026-08-13-next351-next354-periodic-deviatoric-strain-rigidity.md
369,NEXT353,2026-08-13 (block),search/test,PDSR (follow-on),NA,reserved follow-on; does not exist,NA,not-run (blocked upstream),no,line 8624 | docs/plans/2026-08-13-next351-next354-periodic-deviatoric-strain-rigidity.md
370,NEXT354,2026-08-13 (block),search/test,PDSR (follow-on),NA,reserved follow-on; does not exist,NA,not-run (blocked upstream),no,line 8624 | docs/plans/2026-08-13-next351-next354-periodic-deviatoric-strain-rigidity.md
371,NEXT355,2026-08-13,search/test,radical-facet deviatoric rigidity (RFDR) features,SCIGEN+WyFormer discovery,label-free build + label-blind probe gates,probe passed; formal coverage 0.9792130661 SCIGEN / 0.9160932722 WyFormer,probe-pass,yes,line 8637 | docs/plans/2026-08-13-next355-next358-radical-facet-deviatoric-rigidity.md | workspace/newpauling/experiments/next355_rfdr_initial_probe_authorization.json :: probe_passed=True || workspace/newpauling/experiments/next355_rfdr_label_blind_probe_result.json :
372,NEXT356,2026-08-13,search/test,RFDR discovery audit,SCIGEN+WyFormer discovery labels (offline),cross-source AUC + coverage gates,SCIGEN 0.6558502801/0.6076521090 pass; WyFormer 0.5054485217/0.4673913043 and coverage 0.8299319728 fail; 0 eligible; branch terminated,abandoned-family,yes,line 8702 | docs/plans/2026-08-13-next355-next358-radical-facet-deviatoric-rigidity.md | SSD/workspace_data/newpauling/next356_rfdr_feature_audit_v1/MANIFEST.json :: new_formula_selected=False; eligible_hypothesis_count=0 || SSD/workspace_data/newpauling/next356_rfdr_f
373,NEXT357,2026-08-13 (block),search/test,RFDR (follow-on search),NA,"reserved follow-on; ""NEXT357 and NEXT358 were not created""",NA,not-run (blocked upstream),no,line 8726 | docs/plans/2026-08-13-next355-next358-radical-facet-deviatoric-rigidity.md
374,NEXT358,2026-08-13 (block),search/test,RFDR (follow-on diagnostic),NA,reserved follow-on; not created,NA,not-run (blocked upstream),no,line 8726 | docs/plans/2026-08-13-next355-next358-radical-facet-deviatoric-rigidity.md
375,NEXT359,2026-08-13,search/test,radical-facet normal covering (RFNC) features,SCIGEN+WyFormer discovery,label-free build + label-blind probe gates,probe passed (novelty 0.8755842259 / 0.8772382424); formal coverage 0.9792130661 / 0.9201070336,probe-pass,yes,line 8746 | docs/plans/2026-08-13-next359-next362-radical-facet-normal-covering.md | workspace/newpauling/experiments/next359_rfnc_label_blind_probe_result.full.json :: probe_passed=True
376,NEXT360,2026-08-13,search/test,RFNC discovery audit,SCIGEN+WyFormer discovery labels (offline),cross-source AUC + coverage gates,SCIGEN 0.6726664727/0.6129882093 pass; WyFormer 0.4748111420/0.3847025990 fail (worse than random) + coverage 0.8367346939; 0 eligible; branch terminated,abandoned-family,yes,line 8829 | docs/plans/2026-08-13-next359-next362-radical-facet-normal-covering.md | SSD/workspace_data/newpauling/next360_rfnc_feature_audit_v1/MANIFEST.json :: new_formula_selected=False; eligible_hypothesis_count=0 || SSD/workspace_data/newpauling/next360_rfnc_f
377,NEXT361,2026-08-13 (block),search/test,RFNC (follow-on search),NA,"reserved follow-on; ""NEXT361 and NEXT362 were not created""",NA,not-run (blocked upstream),no,line 8852 | docs/plans/2026-08-13-next359-next362-radical-facet-normal-covering.md
378,NEXT362,2026-08-13 (block),search/test,RFNC (follow-on diagnostic),NA,reserved follow-on; not created,NA,not-run (blocked upstream),no,line 8852 | docs/plans/2026-08-13-next359-next362-radical-facet-normal-covering.md
379,NEXT363,2026-08-13,search/test,first charge Bragg extinction (FCBE),SCIGEN+WyFormer 80+80 label-blind probe,label-blind novelty gate,"novelty failed via sparse SCIGEN control (cell_anisotropy, 4 joint-finite rows, |rho|=1.0); WyFormer max 0.7668044692; branch stop",abandoned-family,yes,line 8874 | docs/plans/2026-08-13-next363-next366-first-charge-bragg-extinction.md | workspace/newpauling/experiments/next363_fcbe_label_blind_probe_result.full.json :: probe_passed=False
380,NEXT364,2026-08-13 (block),search/test,FCBE (follow-on),NA,"reserved follow-on; ""NEXT364, NEXT365, and NEXT366 do not exist""",NA,not-run (blocked upstream),no,line 8950 | docs/plans/2026-08-13-next363-next366-first-charge-bragg-extinction.md
381,NEXT365,2026-08-13 (block),search/test,FCBE (follow-on),NA,reserved follow-on; does not exist,NA,not-run (blocked upstream),no,line 8950 | docs/plans/2026-08-13-next363-next366-first-charge-bragg-extinction.md
382,NEXT366,2026-08-13 (block),search/test,FCBE (follow-on),NA,reserved follow-on; does not exist,NA,not-run (blocked upstream),no,line 8950 | docs/plans/2026-08-13-next363-next366-first-charge-bragg-extinction.md
383,NEXT367,2026-08-13,search/test,periodic bond-valence equal uniformity (PBVEU) features,SCIGEN+WyFormer discovery,label-free build + label-blind probe gates (40-row novelty minimum added prospectively),probe passed (novelty 0.8204833142 / 0.8398471636 vs NEXT307); formal coverage 0.9628062361 / 0.9560397554,probe-pass,yes,line 8963 | docs/plans/2026-08-13-next367-next370-periodic-bond-valence-equal-uniformity.md | workspace/newpauling/experiments/next367_pbveu_label_blind_probe_result.full.json :: probe_passed=True; eligible_control_count=412; eligible_control_count=418
384,NEXT368,2026-08-13,search/test,PBVEU discovery audit,SCIGEN+WyFormer discovery labels (offline),cross-source AUC + coverage gates,SCIGEN 0.7771050102/0.7238399663 pass (strongest recent SCIGEN-only signal); WyFormer 0.5375814732/0.4884262526 fail; 0 eligible; branch terminated,abandoned-family,yes,line 9057 | docs/plans/2026-08-13-next367-next370-periodic-bond-valence-equal-uniformity.md | SSD/workspace_data/newpauling/next368_pbveu_feature_audit_v1/MANIFEST.json :: new_formula_selected=False; eligible_hypothesis_count=0 || SSD/workspace_data/newpauling/next368_pbveu
385,NEXT369,2026-08-13 (block),search/test,PBVEU (follow-on search),NA,"reserved follow-on; ""NEXT369 and NEXT370 were not created""",NA,not-run (blocked upstream),no,line 9082 | docs/plans/2026-08-13-next367-next370-periodic-bond-valence-equal-uniformity.md
386,NEXT370,2026-08-13 (block),search/test,PBVEU (follow-on diagnostic),NA,reserved follow-on; not created,NA,not-run (blocked upstream),no,line 9082 | docs/plans/2026-08-13-next367-next370-periodic-bond-valence-equal-uniformity.md
387,NEXT371,2026-08-13,search/test,CHARDI backward-return criterion (PCHARDI),SCIGEN+WyFormer 80+80 label-blind probe,label-blind support + novelty gates,support 34/80 SCIGEN and 55/80 WyFormer < 72/80; WyFormer novelty |rho|=0.9575182452 vs NEXT19 alpha=6 reallocation; branch terminated,abandoned-family,yes,line 9106 | docs/plans/2026-08-13-next371-next374-periodic-chardi-return-consistency.md | workspace/newpauling/experiments/next371_pchardi_label_blind_probe_result.full.json :: probe_passed=False; eligible_control_count=0; eligible_control_count=417
388,NEXT372,2026-08-13 (block),search/test,PCHARDI (follow-on),NA,"reserved follow-on; ""No ... NEXT372, NEXT373, or NEXT374 artifact was created""",NA,not-run (blocked upstream),no,line 9195 | docs/plans/2026-08-13-next371-next374-periodic-chardi-return-consistency.md
389,NEXT373,2026-08-13 (block),search/test,PCHARDI (follow-on),NA,reserved follow-on; not created,NA,not-run (blocked upstream),no,line 9195 | docs/plans/2026-08-13-next371-next374-periodic-chardi-return-consistency.md
390,NEXT374,2026-08-13 (block),search/test,PCHARDI (follow-on),NA,reserved follow-on; not created,NA,not-run (blocked upstream),no,line 9195 | docs/plans/2026-08-13-next371-next374-periodic-chardi-return-consistency.md
391,NEXT375,2026-08-13,search/test,periodic coordination reciprocity (PCRL) formula + probe,SCIGEN+WyFormer 80+80 label-blind probe,label-blind support/domain/invariance/novelty gates,probe 80/80 both sources; novelty max 0.7628901083 / 0.6259929539; authorized formal build,probe-pass,yes,line 9208 | docs/plans/2026-08-13-next375-next378-periodic-coordination-reciprocity-likelihood.md | workspace/newpauling/experiments/next375_pcrl_label_blind_probe_result.full.json :: probe_passed=True; eligible_control_count=413; eligible_control_count=421
392,NEXT376,2026-08-13,search/test,PCRL formal build (performed but never numbered in report),NA,absent - id never mentioned; build described unnumbered (coverage 0.9986636971 / 1.0),NA,unmarked,no,line 9286 | docs/plans/2026-08-13-next375-next378-periodic-coordination-reciprocity-likelihood.md | artifact mtime: tests/test_next376_pcrl_formal_build.py
393,NEXT377,2026-08-13,search/test,PCRL discovery audit,SCIGEN+WyFormer discovery labels (offline),cross-source AUC + coverage gates,"SCIGEN 0.5031227570/0.4593066142 and WyFormer 0.5095817084/0.4499197110 - both near-random, both fail; 0 eligible; branch terminated",abandoned-family,yes,line 9303 | docs/plans/2026-08-13-next375-next378-periodic-coordination-reciprocity-likelihood.md | SSD/workspace_data/newpauling/next377_pcrl_feature_audit_v1/MANIFEST.json :: new_formula_selected=False; eligible_hypothesis_count=0 || SSD/workspace_data/newpauling/next377_pcrl_f
394,NEXT378,2026-08-13 (block),search/test,PCRL (follow-on),NA,"reserved follow-on; ""No NEXT378 artifact was created""",NA,not-run (blocked upstream),no,line 9322 | docs/plans/2026-08-13-next375-next378-periodic-coordination-reciprocity-likelihood.md
395,NEXT379,2026-08-13,search/test,periodic skeletal-net bottleneck (PSNB) formula + probe,SCIGEN+WyFormer discovery,label-blind probe gates + label-free full build,probe 80/80 both sources (novelty 0.6724765441 / 0.6467806344); full build coverage 0.9986636971 / 1.0,probe-pass,yes,line 9345 | docs/plans/2026-08-13-next379-next382-periodic-skeletal-net-bottleneck.md | workspace/newpauling/experiments/next379_psnb_label_blind_probe_result.full.json :: probe_passed=True; eligible_control_count=414; eligible_control_count=422
396,NEXT380,2026-08-13,search/test,PSNB formal build (performed but never numbered in report),NA,absent - id never mentioned; build described unnumbered,NA,unmarked,no,line 9431 | docs/plans/2026-08-13-next379-next382-periodic-skeletal-net-bottleneck.md | artifact mtime: src/next380_psnb_formal_build.py
397,NEXT381,2026-08-13,search/test,PSNB discovery audit,SCIGEN+WyFormer discovery labels (offline),cross-source AUC + coverage gates,SCIGEN 0.4662363136/0.3854580897 fail (reversal); WyFormer 0.5648302243/0.5040144520 pass; 0 eligible; branch terminated,abandoned-family,yes,line 9448 | docs/plans/2026-08-13-next379-next382-periodic-skeletal-net-bottleneck.md | SSD/workspace_data/newpauling/next381_periodic_skeletal_net_bottleneck_audit_v1/MANIFEST.json :: new_formula_selected=False; eligible_hypothesis_count=0 || SSD/workspace_data/newpa
398,NEXT382,2026-08-13 (block),search/test,PSNB (follow-on),NA,"reserved follow-on; ""no NEXT382 artifact was created""",NA,not-run (blocked upstream),no,line 9465 | docs/plans/2026-08-13-next379-next382-periodic-skeletal-net-bottleneck.md
401,NEXT385,2026-08-13,search/test,PSPC discovery audit,SCIGEN+WyFormer discovery labels (offline),cross-source AUC + coverage gates,SCIGEN 0.5616100180/0.5329272191 pass; WyFormer 0.4253955637/0.3676510989 fail (sharp reversal); 0 eligible; branch terminated,abandoned-family,yes,line 9568 | docs/plans/2026-08-13-next383-next386-periodic-skeletal-path-collision.md | SSD/workspace_data/newpauling/next385_periodic_skeletal_path_collision_audit_v1/MANIFEST.json :: new_formula_selected=False; eligible_hypothesis_count=0 || SSD/workspace_data/newpa
403,NEXT387,2026-08-13,search/test,periodic skeletal vertex bypass (PSVB),SCIGEN+WyFormer 80+80 label-blind probe,label-blind nondegeneracy + novelty gates,nondegeneracy failed (10 and 12 unique values < 20); WyFormer novelty 0.9329809154 vs PSPC; branch terminated,abandoned-family,yes,line 9609 | docs/plans/2026-08-13-next387-next390-periodic-skeletal-vertex-bypass.md | workspace/newpauling/experiments/next387_psvb_label_blind_probe_result.full.json :: probe_passed=False; eligible_control_count=416; eligible_control_count=424
404,NEXT388,2026-08-13 (block),search/test,PSVB (follow-on),NA,"reserved follow-on; ""No NEXT388, NEXT389 or NEXT390 artifact exists""",NA,not-run (blocked upstream),no,line 9645 | docs/plans/2026-08-13-next387-next390-periodic-skeletal-vertex-bypass.md
405,NEXT389,2026-08-13 (block),search/test,PSVB (follow-on),NA,reserved follow-on; does not exist,NA,not-run (blocked upstream),no,line 9645 | docs/plans/2026-08-13-next387-next390-periodic-skeletal-vertex-bypass.md
406,NEXT390,2026-08-13 (block),search/test,PSVB (follow-on),NA,reserved follow-on; does not exist,NA,not-run (blocked upstream),no,line 9645 | docs/plans/2026-08-13-next387-next390-periodic-skeletal-vertex-bypass.md
407,NEXT391,2026-08-13,search/test,periodic skeletal ball growth (PSBG),SCIGEN+WyFormer 80+80 label-blind probe,label-blind novelty gate,WyFormer novelty 0.9084864899 >= 0.90 vs PSPC (SCIGEN 0.8256710914); branch terminated,abandoned-family,yes,line 9651 | docs/plans/2026-08-13-next391-next394-periodic-skeletal-ball-growth.md | workspace/newpauling/experiments/next391_psbg_label_blind_probe_result.full.json :: probe_passed=False; eligible_control_count=417; eligible_control_count=425
408,NEXT392,2026-08-13 (block),search/test,PSBG (follow-on),NA,"reserved follow-on; ""No NEXT392, NEXT393 or NEXT394 artifact was created""",NA,not-run (blocked upstream),no,line 9677 | docs/plans/2026-08-13-next391-next394-periodic-skeletal-ball-growth.md
409,NEXT393,2026-08-13 (block),search/test,PSBG (follow-on),NA,reserved follow-on; not created,NA,not-run (blocked upstream),no,line 9677 | docs/plans/2026-08-13-next391-next394-periodic-skeletal-ball-growth.md
410,NEXT394,2026-08-13 (block),search/test,PSBG (follow-on),NA,reserved follow-on; not created,NA,not-run (blocked upstream),no,line 9677 | docs/plans/2026-08-13-next391-next394-periodic-skeletal-ball-growth.md
411,NEXT395,2026-08-13,search/test,periodic bond-valence tensor isotropy (PBVTI),SCIGEN+WyFormer 80+80 label-blind probe,label-blind novelty gate,novelty failed both sources: 0.9450396154 vs NEXT173 weighted tightness q10; 0.9462132974 vs NEXT179 Voronoi closure q10; branch terminated,abandoned-family,yes,line 9685 | docs/plans/2026-08-13-next395-next398-periodic-bond-valence-tensor-isotropy.md | workspace/newpauling/experiments/next395_pbvti_label_blind_probe_result.full.json :: probe_passed=False; eligible_control_count=418; eligible_control_count=424
412,NEXT396,2026-08-13 (block),search/test,PBVTI (follow-on),NA,"reserved follow-on; ""No NEXT396 full feature build, NEXT397 outcome audit or NEXT398 search was performed""",NA,not-run (blocked upstream),no,line 9751 | docs/plans/2026-08-13-next395-next398-periodic-bond-valence-tensor-isotropy.md
413,NEXT397,2026-08-13 (block),search/test,PBVTI (follow-on),NA,reserved follow-on; not performed,NA,not-run (blocked upstream),no,line 9751 | docs/plans/2026-08-13-next395-next398-periodic-bond-valence-tensor-isotropy.md
414,NEXT398,2026-08-13 (block),search/test,PBVTI (follow-on),NA,reserved follow-on; not performed,NA,not-run (blocked upstream),no,line 9751 | docs/plans/2026-08-13-next395-next398-periodic-bond-valence-tensor-isotropy.md
415,NEXT399,2026-08-13,search/test,Zachara bond-valence vector closure (ZBVVC),SCIGEN+WyFormer 80+80 label-blind probe,label-blind novelty gate,novelty failed both sources: 0.9581431227 vs NEXT22 linear vector-asymmetry RMS; 0.9306661152 vs NEXT295 weighted-closure q10; branch terminated,abandoned-family,yes,line 9758 | docs/plans/2026-08-13-next399-next402-zachara-bond-valence-vector-closure.md | workspace/newpauling/experiments/next399_zbvvc_label_blind_probe_result.full.json :: probe_passed=False; eligible_control_count=419; eligible_control_count=425
416,NEXT400,2026-08-13 (block),search/test,ZBVVC (follow-on),NA,"reserved follow-on; ""No NEXT400--NEXT402 artifact was created""",NA,not-run (blocked upstream),no,line 9803 | docs/plans/2026-08-13-next399-next402-zachara-bond-valence-vector-closure.md
417,NEXT401,2026-08-13 (block),search/test,ZBVVC (follow-on),NA,"reserved follow-on; covered only by range ""NEXT400--NEXT402""",NA,not-run (blocked upstream),no,line 9803 | docs/plans/2026-08-13-next399-next402-zachara-bond-valence-vector-closure.md
418,NEXT402,2026-08-13 (block),search/test,ZBVVC (follow-on),NA,reserved follow-on; not created,NA,not-run (blocked upstream),no,line 9803 | docs/plans/2026-08-13-next399-next402-zachara-bond-valence-vector-closure.md
419,NEXT403,2026-08-13,search/test,Zachara over-linear vector gain (ZBVVG) formula + probe,SCIGEN+WyFormer 80+80 label-blind probe,label-blind support/domain/invariance/novelty gates,probe passed: novelty max 0.3596782964 / 0.3458096462; authorized formal build,probe-pass,yes,line 9809 | docs/plans/2026-08-13-next403-next406-zachara-over-linear-vector-gain.md | workspace/newpauling/experiments/next403_zbvvg_label_blind_probe_result.full.json :: probe_passed=True; eligible_control_count=420; eligible_control_count=426
420,NEXT404,2026-08-13,search/test,ZBVVG formal no-label build,SCIGEN+WyFormer discovery,label-free coverage gate (>=0.95),supported 12969/13470 (0.9628062361) and 5002/5232 (0.9560397554),probe-pass,yes,line 9860 | docs/plans/2026-08-13-next403-next406-zachara-over-linear-vector-gain.md | artifact mtime: src/next404_zbvvg_formal_build.py
421,NEXT405,2026-08-13,search/test,ZBVVG discovery audit,SCIGEN+WyFormer discovery labels (offline),cross-source AUC + coverage gates,SCIGEN 0.4444554406/0.3866279070 fail (reversal); WyFormer 0.6013287364/0.5135487756 pass; 0 eligible; branch closed,abandoned-family,yes,line 9884 | docs/plans/2026-08-13-next403-next406-zachara-over-linear-vector-gain.md | SSD/workspace_data/newpauling/next405_zachara_over_linear_vector_gain_audit_v1/MANIFEST.json :: new_formula_selected=False; eligible_hypothesis_count=0 || SSD/workspace_data/newpau
422,NEXT406,2026-08-13 (block),search/test,ZBVVG (follow-on search),NA,"reserved follow-on; ""NEXT406 search was not authorized""",NA,not-run (blocked upstream),no,line 9899 | docs/plans/2026-08-13-next403-next406-zachara-over-linear-vector-gain.md
423,NEXT407,2026-08-13,search/test,Beck ECN simplicity (BECNS),SCIGEN+WyFormer 80+80 label-blind probe,label-blind support + unique-value gates (applicability),support 23/80 in both sources < 72/80 (48-52 non-integral site valences per source); applicability stop,abandoned-family,yes,line 9918 | docs/plans/2026-08-13-next407-citation-erratum.md | workspace/newpauling/experiments/next407_becns_label_blind_probe_result.full.json :: probe_passed=False; eligible_control_count=0; eligible_control_count=0
424,NEXT408,2026-08-13 (block),search/test,BECNS (follow-on build),NA,"reserved follow-on; ""No NEXT408 formal build, NEXT409 outcome audit or NEXT410 search was performed""",NA,not-run (blocked upstream),no,line 10004 | docs/plans/2026-08-13-next407-next410-beck-ecn-simplicity.md
425,NEXT409,2026-08-13 (block),search/test,BECNS (follow-on audit),NA,reserved follow-on; not performed,NA,not-run (blocked upstream),no,line 10004 | docs/plans/2026-08-13-next407-next410-beck-ecn-simplicity.md
426,NEXT410,2026-08-13 (block),search/test,BECNS (follow-on search),NA,reserved follow-on; not performed,NA,not-run (blocked upstream),no,line 10004 | docs/plans/2026-08-13-next407-next410-beck-ecn-simplicity.md
427,NEXT411,2026-08-13,search/test,same-sign shell purity (SSSP) formula + probe,SCIGEN+WyFormer 80+80 label-blind probe,label-blind support/domain/invariance/novelty gates,probe passed: support 78/80 and 74/80; novelty 0.7494925021 / 0.7288428695,probe-pass,yes,line 10018 | docs/plans/2026-08-13-next411-next414-same-sign-shell-purity.md | workspace/newpauling/experiments/next411_sssp_label_blind_probe_result.full.json :: probe_passed=True; eligible_control_count=417; eligible_control_count=423
428,NEXT412,2026-08-13,search/test,SSSP formal build,SCIGEN+WyFormer discovery,label-free coverage gate (>=0.95),supported 12969/13470 (0.9628062361) and 5002/5232 (0.9560397554),probe-pass,yes,line 10078 | docs/plans/2026-08-13-next411-next414-same-sign-shell-purity.md | artifact mtime: tests/test_next412_sssp_formal_build.py
429,NEXT413,2026-08-13,search/test,SSSP discovery audit,SCIGEN+WyFormer discovery labels (offline),cross-source AUC + coverage gates,passed both sources: SCIGEN 0.7463056514/0.7464771514/0.7031577452; WyFormer 0.5670187734/0.5668345317/0.5435729847,probe-pass,yes,line 10093 | docs/plans/2026-08-13-next411-next414-same-sign-shell-purity.md | SSD/workspace_data/newpauling/next413_same_sign_shell_purity_audit_v1/MANIFEST.json :: new_formula_selected=False; eligible_hypothesis_count=1 || SSD/workspace_data/newpauling/next
430,NEXT414,2026-08-13,search/test,SSSP margin-local formula search,SCIGEN+WyFormer discovery,six source-AUC + SAFE12 + BROAD discovery gates,21 combos: 20/21 pass AUC+SAFE12 (12/12 cells); 0/21 pass BROAD; freeze_authorized=false,fail-gate,yes,line 10118 | docs/plans/2026-08-13-next411-next414-same-sign-shell-purity.md | SSD/workspace_data/newpauling/next414_same_sign_shell_purity_margin_local_search_v1/MANIFEST.json :: freeze_authorized=False; passes_all_cross_source_discovery_gates=False; candida
431,NEXT415,2026-08-13,diagnostic,SSSP residual,SCIGEN+WyFormer discovery labels (offline),exact BROAD threshold residual (lexicographic),"closest: six failures, shortfall 0.1520743789 vs NEXT235 (5, 0.1233954365); sssp_certificate_branch_closed=true",diagnostic-only,yes,line 10145 | docs/plans/next415_sssp_broad_diagnostic.py | SSD/workspace_data/newpauling/next415_same_sign_shell_purity_broad_diagnostic_v1/MANIFEST.json :: new_formula_selected=False; candidate_count=20 || SSD/workspace_data/newpauling/ne
432,NEXT416,2026-08-13,search/test,opposite-bridge separation (OBS),SCIGEN+WyFormer 80+80 label-blind probe,label-blind novelty gate,SCIGEN novelty 0.9255326776 vs recomputed SSSP >= 0.90 (WyFormer 0.8500017160); redundancy stop,family-abandoned (redundancy stop),yes,line 10182 | docs/plans/2026-08-13-next416-next419-opposite-bridge-separation.md | workspace/newpauling/experiments/next416_obs_label_blind_probe_result.full.json :: probe_passed=False; eligible_control_count=418; eligible_control_count=426
433,NEXT417,2026-08-13 (block),search/test,OBS (follow-on build),NA,reserved follow-on; next417_formal_build_authorized=false,NA,not-run (blocked upstream),no,line 10211 | docs/plans/2026-08-13-next416-next419-opposite-bridge-separation.md
434,NEXT418,2026-08-13 (range-plan date),search/test,opposite-bridge-separation,NA,absent - never mentioned in report,NA,unmarked,no,NA | docs/plans/2026-08-13-next416-next419-opposite-bridge-separation.md
435,NEXT419,2026-08-13 (range-plan date),search/test,opposite-bridge-separation,NA,absent - never mentioned in report,NA,unmarked,no,NA | docs/plans/2026-08-13-next416-next419-opposite-bridge-separation.md
436,NEXT420,2026-08-13,search/test,Pauling-4 bond-strength segregation (P4BSS) formula + probe,SCIGEN+WyFormer 80+80 label-blind probe,label-blind support/domain/invariance/novelty gates,probe passed: novelty 0.5707187046 / 0.4813918069,probe-pass,yes,line 10226 | docs/plans/2026-08-13-next420-next424-pauling4-bond-strength-segregation.md | workspace/newpauling/experiments/next420_p4bss_label_blind_probe_result.full.json :: probe_passed=True; eligible_control_count=419; eligible_control_count=425
437,NEXT421,2026-08-13,search/test,P4BSS full label-free build,SCIGEN+WyFormer discovery,label-free coverage gate (>=0.95),"supported 12969/13470 (0.9628062361) and 4991/5232 (0.9539373089); 1,282,193 + 986,906 co-anion pairs",probe-pass,yes,line 10295 | docs/plans/2026-08-13-next420-next424-pauling4-bond-strength-segregation.md | artifact mtime: tests/test_next421_p4bss_formal_build.py
438,NEXT422,2026-08-13,search/test,P4BSS discovery audit,SCIGEN+WyFormer discovery labels (offline),cross-source AUC + coverage gates,SCIGEN 0.4204434868/0.3841071719 fail (direction reversal); WyFormer 0.5840637450/0.5658265277 pass; 0 eligible; branch terminated,abandoned-family,yes,line 10317 | docs/plans/2026-08-13-next420-next424-pauling4-bond-strength-segregation.md | SSD/workspace_data/newpauling/next422_pauling4_bond_strength_segregation_audit_v1/MANIFEST.json :: new_formula_selected=False; eligible_hypothesis_count=0 || SSD/workspace_data/new
439,NEXT423,2026-08-13 (block),search/test,P4BSS (follow-on search),NA,"reserved follow-on; ""No NEXT423 formula search, NEXT424 residual diagnostic ... was created""",NA,not-run (blocked upstream),no,line 10330 | docs/plans/2026-08-13-next420-next424-pauling4-bond-strength-segregation.md
440,NEXT424,2026-08-13 (block),search/test,P4BSS (follow-on diagnostic),NA,reserved follow-on; not created,NA,not-run (blocked upstream),no,line 10330 | docs/plans/2026-08-13-next420-next424-pauling4-bond-strength-segregation.md
441,NEXT425,2026-08-13,search/test,a-priori bond strength (APRBS max-entropy transport) formula + probe,SCIGEN+WyFormer 80+80 label-blind probe,label-blind support/domain/invariance/novelty gates,probe passed: support 78/80 and 73/80; novelty 0.3834806538 / 0.4881930430,probe-pass,yes,line 10376 | docs/plans/2026-08-13-next425-next429-apriori-bond-strength-length-order.md | workspace/newpauling/experiments/next425_aprbs_label_blind_probe_result.full.json :: probe_passed=True; eligible_control_count=420; eligible_control_count=426
442,NEXT426,2026-08-13,search/test,APRBS full label-free build,SCIGEN+WyFormer discovery,label-free coverage gate (>=0.95),SCIGEN 12837/13470 (0.9530066815) pass; WyFormer 4878/5232 (0.9323394495) fail; next427_audit_authorized=false,abandoned-family,yes,line 10421 | docs/plans/2026-08-13-next425-next429-apriori-bond-strength-length-order.md | artifact mtime: tests/test_next426_aprbs_formal_build.py
443,NEXT427,2026-08-13 (block),search/test,APRBS (follow-on audit),NA,reserved follow-on; audit not authorized,NA,not-run (blocked upstream),no,line 10435 | docs/plans/2026-08-13-next425-next429-apriori-bond-strength-length-order.md
444,NEXT428,2026-08-13 (range-plan date),search/test,apriori-bond-strength-length-order,NA,absent - never mentioned in report (within reserved APRBS range),NA,not-run (blocked upstream),no,NA | docs/plans/2026-08-13-next425-next429-apriori-bond-strength-length-order.md
445,NEXT429,2026-08-13 (block),search/test,APRBS (reserved branch endpoint),NA,"reserved; mentioned only in range header ""NEXT425--NEXT429 APRBS""",NA,not-run (blocked upstream),no,line 10368 | docs/plans/2026-08-13-next425-next429-apriori-bond-strength-length-order.md
446,NEXT430,2026-08-13,search/test,endpoint characteristic strength-length order (ECSLO),SCIGEN+WyFormer 80+80 label-blind probe,label-blind novelty gate vs recomputed APRBS,Spearman vs APRBS 0.9918491066 SCIGEN / 0.9347809095 WyFormer >= 0.90; next431_formal_build_authorized=false,abandoned-family,yes,line 10440 | docs/plans/2026-08-13-next430-next434-endpoint-strength-length-order.md | workspace/newpauling/experiments/next430_ecslo_label_blind_probe_result.full.json :: probe_passed=False; eligible_control_count=421; eligible_control_count=427
447,NEXT431,2026-08-13 (block),search/test,ECSLO (follow-on build),NA,reserved follow-on; not authorized,NA,not-run (blocked upstream),no,line 10456 | docs/plans/2026-08-13-next430-next434-endpoint-strength-length-order.md
448,NEXT432,2026-08-13 (range-plan date),search/test,endpoint-strength-length-order,NA,absent - never mentioned in report (within reserved ECSLO range),NA,not-run (blocked upstream),no,NA | docs/plans/2026-08-13-next430-next434-endpoint-strength-length-order.md
449,NEXT433,2026-08-13 (range-plan date),search/test,endpoint-strength-length-order,NA,absent - never mentioned in report (within reserved ECSLO range),NA,not-run (blocked upstream),no,NA | docs/plans/2026-08-13-next430-next434-endpoint-strength-length-order.md
450,NEXT434,2026-08-13 (block),search/test,ECSLO (reserved branch endpoint),NA,"reserved; mentioned only in range header ""NEXT430--NEXT434 ECSLO""",NA,not-run (blocked upstream),no,line 10369 | docs/plans/2026-08-13-next430-next434-endpoint-strength-length-order.md
451,NEXT435,2026-08-13,search/test,positive valence transport margin (PVTM) formula + probe,SCIGEN+WyFormer 80+80 label-blind probe,label-blind support/domain/invariance/novelty gates,probe passed: support 78/80 and 78/80; novelty 0.7610677624 / 0.6855621576,probe-pass,yes,line 10461 | docs/plans/2026-08-13-next435-next439-positive-valence-transport-margin.md | workspace/newpauling/experiments/next435_pvtm_label_blind_probe_result.full.json :: probe_passed=True; eligible_control_count=422; eligible_control_count=430
452,NEXT436,2026-08-13,search/test,PVTM full label-free build,SCIGEN+WyFormer discovery,label-free coverage gate,supported 13217/13470 (0.9812175204) and 5181/5232 (0.9902522936); 365 + 255 supported zero-valued infeasible,probe-pass,yes,line 10506 | docs/plans/2026-08-13-next435-next439-positive-valence-transport-margin.md | artifact mtime: tests/test_next436_pvtm_formal_build.py
453,NEXT437,2026-08-13,search/test,PVTM discovery audit,SCIGEN+WyFormer discovery labels (offline),cross-source AUC + coverage gates,SCIGEN 0.5878493980/0.5450466200 pass; WyFormer 0.5296763721/0.4772368421 fail (worst fold below chance); 0 eligible; branch terminated,abandoned-family,yes,line 10522 | docs/plans/2026-08-13-next435-next439-positive-valence-transport-margin.md | SSD/workspace_data/newpauling/next437_positive_valence_transport_margin_audit_v1/MANIFEST.json :: new_formula_selected=False; eligible_hypothesis_count=0 || SSD/workspace_data/newp
454,NEXT438,2026-08-13 (block),search/test,PVTM (follow-on search),NA,reserved follow-on; next438_search_authorized=false,NA,not-run (blocked upstream),no,line 10533 | docs/plans/2026-08-13-next435-next439-positive-valence-transport-margin.md
455,NEXT439,2026-08-13 (block),search/test,PVTM (follow-on),NA,"reserved follow-on; ""NEXT439 was not opened""",NA,not-run (blocked upstream),no,line 10534 | docs/plans/2026-08-13-next435-next439-positive-valence-transport-margin.md
456,NEXT440,2026-08-13,search/test,path-constrained a-priori bond positivity (PCABP),SCIGEN+WyFormer 80+80 label-blind probe,label-blind nondegeneracy gate,16 and 8 unique values (< 20 required); sign fraction saturated at 1.0; next441_formal_build_authorized=false,abandoned-family,yes,line 10564 | docs/plans/2026-08-13-next440-next444-path-constrained-apriori-bond-positivity.md | workspace/newpauling/experiments/next440_pcabp_label_blind_probe_result.full.json :: probe_passed=False; eligible_control_count=423; eligible_control_count=431
457,NEXT441,2026-08-13 (block),search/test,PCABP (follow-on build),NA,reserved follow-on; not authorized,NA,not-run (blocked upstream),no,line 10594 | docs/plans/2026-08-13-next440-next444-path-constrained-apriori-bond-positivity.md
458,NEXT442,2026-08-13 (range-plan date),search/test,path-constrained-apriori-bond-positivity,NA,absent - never mentioned in report,NA,unmarked,no,NA | docs/plans/2026-08-13-next440-next444-path-constrained-apriori-bond-positivity.md
459,NEXT443,2026-08-13 (range-plan date),search/test,path-constrained-apriori-bond-positivity,NA,absent - never mentioned in report,NA,unmarked,no,NA | docs/plans/2026-08-13-next440-next444-path-constrained-apriori-bond-positivity.md
460,NEXT444,2026-08-13 (range-plan date),search/test,path-constrained-apriori-bond-positivity,NA,absent - never mentioned in report,NA,unmarked,no,NA | docs/plans/2026-08-13-next440-next444-path-constrained-apriori-bond-positivity.md
461,NEXT445,2026-08-13,search/test,path-constrained bond-strength matching (PCABSM),SCIGEN+WyFormer 80+80 label-blind probe,label-blind novelty gate vs PVTM,WyFormer Spearman 0.9576248283 vs PVTM >= 0.90 (SCIGEN 0.8910582152); next446_formal_build_authorized=false,abandoned-family,yes,line 10603 | docs/plans/2026-08-13-next445-next449-path-constrained-bond-strength-matching.md | workspace/newpauling/experiments/next445_pcabsm_label_blind_probe_result.full.json :: probe_passed=False; eligible_control_count=424; eligible_control_count=432
462,NEXT446,2026-08-13 (block),search/test,PCABSM (follow-on build),NA,reserved follow-on; not authorized,NA,not-run (blocked upstream),no,line 10621 | docs/plans/2026-08-13-next445-next449-path-constrained-bond-strength-matching.md
463,NEXT447,2026-08-13 (range-plan date),search/test,path-constrained-bond-strength-matching,NA,absent - never mentioned in report,NA,unmarked,no,NA | docs/plans/2026-08-13-next445-next449-path-constrained-bond-strength-matching.md
464,NEXT448,2026-08-13 (range-plan date),search/test,path-constrained-bond-strength-matching,NA,absent - never mentioned in report,NA,unmarked,no,NA | docs/plans/2026-08-13-next445-next449-path-constrained-bond-strength-matching.md
465,NEXT449,2026-08-13 (range-plan date),search/test,path-constrained-bond-strength-matching,NA,absent - never mentioned in report,NA,unmarked,no,NA | docs/plans/2026-08-13-next445-next449-path-constrained-bond-strength-matching.md
466,NEXT450,2026-08-13,search/test,"equitable bond-class transport margin (quotient transport, ECTM)",none (analytic argument; no data access),analytic distinctness from PVTM,"exact symmetry proof: orbit-averaged feasible flow leaves PVTM optimum unchanged; analytic redundancy stop, no implementation or probe",family-abandoned (redundancy stop),yes,line 10642 | docs/plans/2026-08-13-next450-next454-equitable-bond-class-transport-margin.md | artifact mtime: docs/plans/2026-08-13-next450-next454-equitable-bond-class-transport-margin.md
467,NEXT451,2026-08-13 (block),search/test,ECTM (follow-on),NA,"reserved follow-on; ""no ... downstream NEXT451--NEXT454 artifact was created""",NA,not-run (blocked upstream),no,line 10654 | docs/plans/2026-08-13-next450-next454-equitable-bond-class-transport-margin.md
468,NEXT452,2026-08-13 (block),search/test,ECTM (follow-on),NA,reserved follow-on; covered only by range NEXT451--NEXT454,NA,not-run (blocked upstream),no,line 10654 | docs/plans/2026-08-13-next450-next454-equitable-bond-class-transport-margin.md
469,NEXT453,2026-08-13 (block),search/test,ECTM (follow-on),NA,reserved follow-on; covered only by range NEXT451--NEXT454,NA,not-run (blocked upstream),no,line 10654 | docs/plans/2026-08-13-next450-next454-equitable-bond-class-transport-margin.md
470,NEXT454,2026-08-13 (block),search/test,ECTM (follow-on),NA,reserved follow-on; not created,NA,not-run (blocked upstream),no,line 10654 | docs/plans/2026-08-13-next450-next454-equitable-bond-class-transport-margin.md
471,NEXT455,2026-08-13,search/test,path-field participation uniformity (PFPU),SCIGEN+WyFormer 80+80 label-blind probe,label-blind novelty gate vs PCABSM,novelty failed both sources: 0.9798520103 / 0.9833603896 vs PCABSM; next456_formal_build_authorized=false,abandoned-family,yes,line 10658 | docs/plans/2026-08-13-next455-next459-path-field-participation-uniformity.md | workspace/newpauling/experiments/next455_pfpu_label_blind_probe_result.full.json :: probe_passed=False; eligible_control_count=425; eligible_control_count=433
472,NEXT456,2026-08-13,search/test,PFPU (path-field participation uniformity),NA,NA,not executed; next456_formal_build_authorized=false (NEXT455 novelty gate: |rho| vs PCABSM 0.9798520103/0.9833603896 >= 0.90),not-run (blocked upstream),yes,<repo>/reports/2026-08-08-next115-next117-hcid-no-dft-search.md ; <repo>/docs/plans/2026-08-13-next455-next459-path-field-participation-uniformity.md | docs/plans/2026-08-13-next455-next459-path-field-participation-uniformity.md
473,NEXT457,2026-08-13,search/test,PFPU (path-field participation uniformity),NA,NA,not executed; next456_formal_build_authorized=false (NEXT455 novelty gate: |rho| vs PCABSM 0.9798520103/0.9833603896 >= 0.90),not-run (blocked upstream),yes,<repo>/reports/2026-08-08-next115-next117-hcid-no-dft-search.md ; <repo>/docs/plans/2026-08-13-next455-next459-path-field-participation-uniformity.md | docs/plans/2026-08-13-next455-next459-path-field-participation-uniformity.md
474,NEXT458,2026-08-13,search/test,PFPU (path-field participation uniformity),NA,NA,not executed; next456_formal_build_authorized=false (NEXT455 novelty gate: |rho| vs PCABSM 0.9798520103/0.9833603896 >= 0.90),not-run (blocked upstream),yes,<repo>/reports/2026-08-08-next115-next117-hcid-no-dft-search.md ; <repo>/docs/plans/2026-08-13-next455-next459-path-field-participation-uniformity.md | docs/plans/2026-08-13-next455-next459-path-field-participation-uniformity.md
475,NEXT459,2026-08-13,search/test,PFPU (path-field participation uniformity),NA,NA,not executed; next456_formal_build_authorized=false (NEXT455 novelty gate: |rho| vs PCABSM 0.9798520103/0.9833603896 >= 0.90),not-run (blocked upstream),yes,<repo>/reports/2026-08-08-next115-next117-hcid-no-dft-search.md ; <repo>/docs/plans/2026-08-13-next455-next459-path-field-participation-uniformity.md | docs/plans/2026-08-13-next455-next459-path-field-participation-uniformity.md
476,NEXT460,2026-08-13,search/test,CLAM (characteristic Lewis anion matching),SCIGEN+WyFormer 80+80 blind probes,none opened (label-blind),"support SCIGEN 2/80 (0.0250), WyFormer 14/80 (0.1750); support gates failed",fail-gate,yes,<repo>/reports/2026-08-13-hawthorne-characteristic-cn-no-dft-search.md | docs/plans/2026-08-13-next460-next464-characteristic-lewis-anion-matching.md | workspace/newpauling/experiments/next460_clam_label_blind_probe_result.full.json :: probe_passed=False; eligible_control_count=0; eligible_control_count=0
477,NEXT461,2026-08-13,search/test,CLAM,NA,NA,not executed; next461_formal_build_authorized=false,not-run (blocked upstream),yes,<repo>/reports/2026-08-13-hawthorne-characteristic-cn-no-dft-search.md | docs/plans/2026-08-13-next460-next464-characteristic-lewis-anion-matching.md
478,NEXT462,2026-08-13,search/test,CLAM,NA,NA,not executed; next461_formal_build_authorized=false,not-run (blocked upstream),yes,<repo>/reports/2026-08-13-hawthorne-characteristic-cn-no-dft-search.md | docs/plans/2026-08-13-next460-next464-characteristic-lewis-anion-matching.md
479,NEXT463,2026-08-13,search/test,CLAM,NA,NA,not executed; next461_formal_build_authorized=false,not-run (blocked upstream),yes,<repo>/reports/2026-08-13-hawthorne-characteristic-cn-no-dft-search.md | docs/plans/2026-08-13-next460-next464-characteristic-lewis-anion-matching.md
480,NEXT464,2026-08-13,search/test,CLAM,NA,NA,not executed; next461_formal_build_authorized=false,not-run (blocked upstream),yes,<repo>/reports/2026-08-13-hawthorne-characteristic-cn-no-dft-search.md | docs/plans/2026-08-13-next460-next464-characteristic-lewis-anion-matching.md
481,NEXT465,2026-08-13,search/test,MV-CLAM (mixed-valence lever-rule CLAM),SCIGEN+WyFormer 80+80 blind probes,none opened (label-blind),"support SCIGEN 2/80 (0.0250), WyFormer 19/80 (0.2375); support gate failed; acidity family closed",abandoned-family,yes,<repo>/reports/2026-08-13-hawthorne-characteristic-cn-no-dft-search.md | docs/plans/2026-08-13-next465-next469-mixed-valence-characteristic-lewis-matching.md | artifact mtime: tests/test_next465_mixed_valence_characteristic_lewis_matching.py
482,NEXT466,2026-08-13,search/test,MV-CLAM,NA,NA,not executed; next466_formal_build_authorized=false,not-run (blocked upstream),yes,<repo>/reports/2026-08-13-hawthorne-characteristic-cn-no-dft-search.md | docs/plans/2026-08-13-next465-next469-mixed-valence-characteristic-lewis-matching.md
483,NEXT467,2026-08-13,search/test,MV-CLAM,NA,NA,not executed; next466_formal_build_authorized=false,not-run (blocked upstream),yes,<repo>/reports/2026-08-13-hawthorne-characteristic-cn-no-dft-search.md | docs/plans/2026-08-13-next465-next469-mixed-valence-characteristic-lewis-matching.md
484,NEXT468,2026-08-13,search/test,MV-CLAM,NA,NA,not executed; next466_formal_build_authorized=false,not-run (blocked upstream),yes,<repo>/reports/2026-08-13-hawthorne-characteristic-cn-no-dft-search.md | docs/plans/2026-08-13-next465-next469-mixed-valence-characteristic-lewis-matching.md
485,NEXT469,2026-08-13,search/test,MV-CLAM,NA,NA,not executed; next466_formal_build_authorized=false,not-run (blocked upstream),yes,<repo>/reports/2026-08-13-hawthorne-characteristic-cn-no-dft-search.md | docs/plans/2026-08-13-next465-next469-mixed-valence-characteristic-lewis-matching.md
486,NEXT470,2026-08-13,search/test,ECCC (element characteristic coordination compatibility),SCIGEN+WyFormer 80+80 blind probes,none opened (label-blind),"support 76/80 SCIGEN, 75/80 WyFormer; max adequate prior |Spearman| 0.5628590440/0.4483715165; all 80+80 blind gates pass",probe-pass,yes,<repo>/reports/2026-08-13-hawthorne-characteristic-cn-no-dft-search.md | docs/plans/2026-08-13-next470-next474-element-characteristic-coordination-compatibility.md | workspace/newpauling/experiments/next470_eccc_label_blind_novelty_probe_result.full.json :: probe_passed=True; eligible_control_count=426; eligible_control_count=0; eligible_contro
487,NEXT471,2026-08-13,search/test,ECCC,"SCIGEN 13,470 + WyFormer 5,232 (full label-free build)",none opened (label-blind),"coverage SCIGEN 0.9619153675 pass, WyFormer 0.9323394495 fail (<0.95); 18,702 label-free rows retained",fail-gate,yes,<repo>/reports/2026-08-13-hawthorne-characteristic-cn-no-dft-search.md | docs/plans/2026-08-13-next470-next474-element-characteristic-coordination-compatibility.md | artifact mtime: src/next471_eccc_formal_build.py
488,NEXT472,2026-08-13,search/test,ECCC,NA,NA,not executed; next472_audit_authorized=false,not-run (blocked upstream),yes,<repo>/reports/2026-08-13-hawthorne-characteristic-cn-no-dft-search.md | docs/plans/2026-08-13-next470-next474-element-characteristic-coordination-compatibility.md
489,NEXT473,2026-08-13,search/test,ECCC,NA,NA,not executed; blocked upstream (next472_audit_authorized=false),not-run (blocked upstream),yes,<repo>/reports/2026-08-13-hawthorne-characteristic-cn-no-dft-search.md | docs/plans/2026-08-13-next470-next474-element-characteristic-coordination-compatibility.md
490,NEXT474,2026-08-13,search/test,ECCC,NA,NA,not executed; blocked upstream (next472_audit_authorized=false),not-run (blocked upstream),yes,<repo>/reports/2026-08-13-hawthorne-characteristic-cn-no-dft-search.md | docs/plans/2026-08-13-next470-next474-element-characteristic-coordination-compatibility.md
491,NEXT475,2026-08-13,search/test,CCCB (characteristic coordination bottleneck),SCIGEN+WyFormer 80+80 blind probes,none opened (label-blind),"support 78/80 SCIGEN, 76/80 WyFormer; |Spearman| vs ECCC 0.8957391954/0.9300016371 (WyFormer >= 0.90 novelty limit)",fail-gate,yes,<repo>/reports/2026-08-13-hawthorne-characteristic-cn-no-dft-search.md | docs/plans/2026-08-13-next475-next479-characteristic-coordination-bottleneck.md | workspace/newpauling/experiments/next475_cccb_label_blind_novelty_probe_result.full.json :: probe_passed=False; eligible_control_count=1; eligible_control_count=1; eligible_control
492,NEXT476,2026-08-13,search/test,CCCB,NA,NA,not executed; next476_formal_build_authorized=false,not-run (blocked upstream),yes,<repo>/reports/2026-08-13-hawthorne-characteristic-cn-no-dft-search.md | docs/plans/2026-08-13-next475-next479-characteristic-coordination-bottleneck.md
493,NEXT477,2026-08-13,search/test,CCCB,NA,NA,not executed; next476_formal_build_authorized=false,not-run (blocked upstream),yes,<repo>/reports/2026-08-13-hawthorne-characteristic-cn-no-dft-search.md | docs/plans/2026-08-13-next475-next479-characteristic-coordination-bottleneck.md
494,NEXT478,2026-08-13,search/test,CCCB,NA,NA,not executed; next476_formal_build_authorized=false,not-run (blocked upstream),yes,<repo>/reports/2026-08-13-hawthorne-characteristic-cn-no-dft-search.md | docs/plans/2026-08-13-next475-next479-characteristic-coordination-bottleneck.md
495,NEXT479,2026-08-13,search/test,CCCB,NA,NA,not executed; next476_formal_build_authorized=false,not-run (blocked upstream),yes,<repo>/reports/2026-08-13-hawthorne-characteristic-cn-no-dft-search.md | docs/plans/2026-08-13-next475-next479-characteristic-coordination-bottleneck.md
496,NEXT480,2026-08-13,search/test,SBCC (site-balanced characteristic coordination),SCIGEN+WyFormer 80+80 blind probes,none opened (label-blind),support 78/80 and 76/80; |Spearman| vs ECCC 0.9971560611/0.9922615153 (novelty fail),fail-gate,yes,<repo>/reports/2026-08-13-hawthorne-characteristic-cn-no-dft-search.md | docs/plans/2026-08-13-next480-next484-site-balanced-characteristic-coordination.md | workspace/newpauling/experiments/next480_sbcc_label_blind_novelty_probe_result.full.json :: probe_passed=False; eligible_control_count=2; eligible_control_count=2; eligible_control
497,NEXT481,2026-08-13,search/test,SBCC,NA,NA,not executed; next481_formal_build_authorized=false,not-run (blocked upstream),yes,<repo>/reports/2026-08-13-hawthorne-characteristic-cn-no-dft-search.md | docs/plans/2026-08-13-next480-next484-site-balanced-characteristic-coordination.md
498,NEXT482,2026-08-13,search/test,SBCC,NA,NA,not executed; next481_formal_build_authorized=false,not-run (blocked upstream),yes,<repo>/reports/2026-08-13-hawthorne-characteristic-cn-no-dft-search.md | docs/plans/2026-08-13-next480-next484-site-balanced-characteristic-coordination.md
499,NEXT483,2026-08-13,search/test,SBCC,NA,NA,not executed; next481_formal_build_authorized=false,not-run (blocked upstream),yes,<repo>/reports/2026-08-13-hawthorne-characteristic-cn-no-dft-search.md | docs/plans/2026-08-13-next480-next484-site-balanced-characteristic-coordination.md
500,NEXT484,2026-08-13,search/test,SBCC,NA,NA,not executed; next481_formal_build_authorized=false,not-run (blocked upstream),yes,<repo>/reports/2026-08-13-hawthorne-characteristic-cn-no-dft-search.md | docs/plans/2026-08-13-next480-next484-site-balanced-characteristic-coordination.md
501,NEXT485,2026-08-13,search/test,"CACC (complex-anion contact correspondence, Hawthorne Appendix 4)",SCIGEN+WyFormer 80+80 blind probes,none opened (label-blind),all 78/76 supported rows equal zero (no eligible isolated group); non-degeneracy gate stop; exact Appendix 4 recognition branch closed,abandoned-family,yes,<repo>/reports/2026-08-13-hawthorne-characteristic-cn-no-dft-search.md | docs/plans/2026-08-13-next485-next489-complex-anion-contact-correspondence.md | workspace/newpauling/experiments/next485_cacc_label_blind_engineering_probe_result.full.json :: engineering_probe_passed=False
502,NEXT486,2026-08-13,search/test,CACC,NA,NA,not executed; non-degeneracy gate stopped branch at NEXT485,not-run (blocked upstream),yes,<repo>/reports/2026-08-13-hawthorne-characteristic-cn-no-dft-search.md | docs/plans/2026-08-13-next485-next489-complex-anion-contact-correspondence.md
503,NEXT487,2026-08-13,search/test,CACC,NA,NA,not executed; non-degeneracy gate stopped branch at NEXT485,not-run (blocked upstream),yes,<repo>/reports/2026-08-13-hawthorne-characteristic-cn-no-dft-search.md | docs/plans/2026-08-13-next485-next489-complex-anion-contact-correspondence.md
504,NEXT488,2026-08-13,search/test,CACC,NA,NA,not executed; non-degeneracy gate stopped branch at NEXT485,not-run (blocked upstream),yes,<repo>/reports/2026-08-13-hawthorne-characteristic-cn-no-dft-search.md | docs/plans/2026-08-13-next485-next489-complex-anion-contact-correspondence.md
505,NEXT489,2026-08-13,search/test,CACC,NA,NA,not executed; non-degeneracy gate stopped branch at NEXT485,not-run (blocked upstream),yes,<repo>/reports/2026-08-13-hawthorne-characteristic-cn-no-dft-search.md | docs/plans/2026-08-13-next485-next489-complex-anion-contact-correspondence.md
506,NEXT490,2026-08-13,search/test,CCLAB (coordination-conditioned Lewis-acidity balance),SCIGEN+WyFormer 80+80 blind probes,none opened (label-blind),"support 76/80, 75/80; max adequate prior |Spearman| 0.7062989170/0.7578674565; max vs Hawthorne controls 0.1963130704/0.2567195602; all blind gates pass",probe-pass,yes,<repo>/reports/2026-08-13-hawthorne-characteristic-cn-no-dft-search.md | docs/plans/2026-08-13-next490-next494-coordination-conditioned-lewis-acidity-balance.md | workspace/newpauling/experiments/next490_cclab_label_blind_engineering_probe_result.full.json :: engineering_probe_passed=True || workspace/newpauling/experiments/next490_cclab_lab
507,NEXT491,2026-08-13,search/test,CCLAB,"SCIGEN 13,470 + WyFormer 5,232 (full label-free build)",none opened (label-blind),"coverage SCIGEN 0.9619153675 pass, WyFormer 0.9323394495 fail (<0.95)",fail-gate,yes,<repo>/reports/2026-08-13-hawthorne-characteristic-cn-no-dft-search.md | docs/plans/2026-08-13-next490-next494-coordination-conditioned-lewis-acidity-balance.md | artifact mtime: tests/test_next491_cclab_formal_build.py
508,NEXT492,2026-08-13,search/test,CCLAB,NA,NA,not executed; next492_audit_authorized=false,not-run (blocked upstream),yes,<repo>/reports/2026-08-13-hawthorne-characteristic-cn-no-dft-search.md | docs/plans/2026-08-13-next490-next494-coordination-conditioned-lewis-acidity-balance.md
509,NEXT493,2026-08-13,search/test,CCLAB,NA,NA,not executed; next492_audit_authorized=false,not-run (blocked upstream),yes,<repo>/reports/2026-08-13-hawthorne-characteristic-cn-no-dft-search.md | docs/plans/2026-08-13-next490-next494-coordination-conditioned-lewis-acidity-balance.md
510,NEXT494,2026-08-13,search/test,CCLAB,NA,NA,not executed; next492_audit_authorized=false,not-run (blocked upstream),yes,<repo>/reports/2026-08-13-hawthorne-characteristic-cn-no-dft-search.md | docs/plans/2026-08-13-next490-next494-coordination-conditioned-lewis-acidity-balance.md
511,NEXT495,2026-08-13,search/test,CCLAB-CDE (conservative domain extension),SCIGEN+WyFormer 80+80 blind probes,none opened (label-blind),support 78/80 and 76/80; shared-domain max error exactly 0; 0 conservatism violations in 78/76 comparisons; all blind CDE gates pass (post-coverage exploratory),probe-pass,yes,<repo>/reports/2026-08-13-hawthorne-characteristic-cn-no-dft-search.md | docs/plans/2026-08-13-next495-next499-cclab-conservative-domain-extension.md | workspace/newpauling/experiments/next495_cclab_cde_label_blind_probe_result.full.json :: probe_passed=True
512,NEXT496,2026-08-13,search/test,CCLAB-CDE,"SCIGEN 13,470 + WyFormer 5,232 (full label-free build)",none opened (label-blind),"coverage SCIGEN 0.9657757981, WyFormer 0.9686544343; both pass >=0.95",probe-pass,yes,<repo>/reports/2026-08-13-hawthorne-characteristic-cn-no-dft-search.md | docs/plans/2026-08-13-next495-next499-cclab-conservative-domain-extension.md | artifact mtime: tests/test_next496_cclab_cde_formal_build.py
513,NEXT497,2026-08-13,search/test,CCLAB-CDE,"NEXT224 rejected-extreme cohort (SCIGEN+WyFormer, 5 folds)",NEXT224 rejected-extreme discovery labels (severe vs protected),aggregate AUC 0.5895445624/0.5931405239; worst-fold AUC 0.5597826087/0.5236680531; inherited NEXT413 gates pass,probe-pass,yes,<repo>/reports/2026-08-13-hawthorne-characteristic-cn-no-dft-search.md | docs/plans/2026-08-13-next495-next499-cclab-conservative-domain-extension.md | SSD/workspace_data/newpauling/next497_cclab_cde_feature_audit_v1/MANIFEST.json :: new_formula_selected=False; eligible_hypothesis_count=1 || SSD/workspace_data/newpauling/next497_c
514,NEXT498,2026-08-13,search/test,CCLAB-CDE margin-local correction (21 frozen triangular corrections),NEXT224 rejected-extreme cohort (SCIGEN+WyFormer),NEXT224 rejected-extreme discovery labels (severe vs protected),"21 corrections, 17 pass source-AUC+SAFE12, 0 passed BROAD; diagnostic representative pooled AUC 0.8407476376/0.7682113316; freeze_authorized=false",fail-gate,yes,<repo>/reports/2026-08-13-hawthorne-characteristic-cn-no-dft-search.md | docs/plans/2026-08-13-next495-next499-cclab-conservative-domain-extension.md | SSD/workspace_data/newpauling/next498_cclab_cde_margin_local_search_v1/MANIFEST.json :: freeze_authorized=False; passes_all_cross_source_discovery_gates=False; candidate_count=22; 
515,NEXT499,2026-08-13,diagnostic,CCLAB-CDE margin-local correction,17 AUC+SAFE/non-BROAD records from NEXT498,NEXT224 rejected-extreme discovery labels (severe vs protected),closest residual shortfall 0.1568962149 vs NEXT235 reference 0.1233954365 (no strict improvement); finite branch closed,diagnostic-only,yes,<repo>/reports/2026-08-13-hawthorne-characteristic-cn-no-dft-search.md | docs/plans/2026-08-13-next495-next499-cclab-conservative-domain-extension.md | SSD/workspace_data/newpauling/next499_cclab_cde_broad_diagnostic_v1/MANIFEST.json :: new_formula_selected=False; candidate_count=17 || SSD/workspace_data/newpauling/next499_cclab_c
516,NEXT500,2026-08-13,search/test,TBAC (topological bond-strength angular-territory correspondence),SCIGEN+WyFormer 80+80 blind probes,none opened (label-blind),"support 78/80 SCIGEN (0.975), 76/80 WyFormer (0.95); max label-free |Spearman| 0.7194956942/0.8430164540; all blind gates pass",probe-pass,yes,<repo>/experiments/next500_tbac_label_blind_novelty_probe_result.full.json | docs/plans/2026-08-13-next500-next504-topological-bond-angular-correspondence.md | workspace/newpauling/experiments/next500_tbac_label_blind_engineering_probe_result.full.json :: engineering_probe_passed=True || workspace/newpauling/experiments/next500_tbac_label
517,NEXT501,2026-08-13,search/test,TBAC (topological bond-strength angular-territory correspondence),"SCIGEN 13,470 + WyFormer 5,232 (full label-free build)",none opened (label-blind),"coverage SCIGEN 0.9657757981, WyFormer 0.9686544343; both pass",probe-pass,yes,$PRIS_ARCHIVE/next501_topological_bond_angular_correspondence_v1/MANIFEST.json | docs/plans/2026-08-13-next500-next504-topological-bond-angular-correspondence.md | artifact mtime: tests/test_next501_tbac_formal_build.py
518,NEXT502,2026-08-13,search/test,TBAC (topological bond-strength angular-territory correspondence),NEXT224 rejected-extreme cohort (SCIGEN+WyFormer),NEXT224 rejected-extreme discovery labels (severe vs protected),"audit AUC SCIGEN 0.671864 (worst fold 0.627287), WyFormer 0.474599 (worst fold 0.407843); 0/1 hypotheses eligible",fail-gate,yes,$PRIS_ARCHIVE/next502_tbac_feature_audit_v1/NEXT502_TBAC_FEATURE_AUDIT.json | docs/plans/2026-08-13-next500-next504-topological-bond-angular-correspondence.md | SSD/workspace_data/newpauling/next502_tbac_feature_audit_v1/MANIFEST.json :: new_formula_selected=False; eligible_hypothesis_count=0 || SSD/workspace_data/newpauling/next502_tbac_f
519,NEXT503,2026-08-13,search/test,TBAC (topological bond-strength angular-territory correspondence),NA,NA,not executed; next503_search_authorized=false,not-run (blocked upstream),yes,$PRIS_ARCHIVE/next502_tbac_feature_audit_v1/NEXT502_TBAC_FEATURE_AUDIT.json | docs/plans/2026-08-13-next500-next504-topological-bond-angular-correspondence.md
520,NEXT504,2026-08-13,search/test,TBAC (topological bond-strength angular-territory correspondence),NA,NA,not executed; blocked upstream (0 eligible hypotheses at audit),not-run (blocked upstream),yes,<repo>/docs/plans/2026-08-13-next500-next504-topological-bond-angular-correspondence.md | docs/plans/2026-08-13-next500-next504-topological-bond-angular-correspondence.md
521,NEXT505,2026-08-13,search/test,MVCH (Madelung valence-class homogeneity),SCIGEN+WyFormer 80+80 blind probes,none opened (label-blind),support 78/80 both sources (0.975); max label-free |Spearman| 0.6828703704/0.8810207521; all blind gates pass,probe-pass,yes,<repo>/experiments/next505_mvch_label_blind_novelty_probe_result.full.json | docs/plans/2026-08-13-next505-next509-madelung-valence-class-homogeneity.md | workspace/newpauling/experiments/next505_mvch_label_blind_novelty_probe_result.superseded-preformal.json :: probe_passed=True; eligible_control_count=9; eligible_control_count=426;
522,NEXT506,2026-08-13,search/test,MVCH (Madelung valence-class homogeneity),"SCIGEN 13,470 + WyFormer 5,232 (full label-free build)",none opened (label-blind),"coverage SCIGEN 0.981218, WyFormer 0.990061; both pass",probe-pass,yes,$PRIS_ARCHIVE/next506_madelung_valence_class_homogeneity_v1/MANIFEST.json | docs/plans/2026-08-13-next505-next509-madelung-valence-class-homogeneity.md | artifact mtime: tests/test_next506_mvch_formal_build.py
523,NEXT507,2026-08-13,search/test,MVCH (Madelung valence-class homogeneity),NEXT224 rejected-extreme cohort (SCIGEN+WyFormer),NEXT224 rejected-extreme discovery labels (severe vs protected),"audit AUC SCIGEN 0.752463 (worst fold 0.725305), WyFormer 0.527185 (worst fold 0.458804); 0/1 hypotheses eligible",fail-gate,yes,$PRIS_ARCHIVE/next507_mvch_feature_audit_v1/NEXT507_MVCH_FEATURE_AUDIT.json | docs/plans/2026-08-13-next505-next509-madelung-valence-class-homogeneity.md | SSD/workspace_data/newpauling/next507_mvch_feature_audit_v1/MANIFEST.json :: new_formula_selected=False; eligible_hypothesis_count=0 || SSD/workspace_data/newpauling/next507_mvch_f
524,NEXT508,2026-08-13,search/test,MVCH (Madelung valence-class homogeneity),NA,NA,not executed; next508_search_authorized=false,not-run (blocked upstream),yes,$PRIS_ARCHIVE/next507_mvch_feature_audit_v1/NEXT507_MVCH_FEATURE_AUDIT.json | docs/plans/2026-08-13-next505-next509-madelung-valence-class-homogeneity.md
525,NEXT509,2026-08-13,search/test,MVCH (Madelung valence-class homogeneity),NA,NA,not executed; blocked upstream (0 eligible hypotheses at audit),not-run (blocked upstream),yes,<repo>/docs/plans/2026-08-13-next505-next509-madelung-valence-class-homogeneity.md | docs/plans/2026-08-13-next505-next509-madelung-valence-class-homogeneity.md
526,NEXT510,2026-08-13,search/test,MCPA (Madelung charge-potential antitonicity),SCIGEN+WyFormer 80+80 blind probes,none opened (label-blind),support 78/80 both sources; max label-free |Spearman| 0.6568536085/0.5851392731; all blind gates pass,probe-pass,yes,<repo>/experiments/next510_mcpa_label_blind_novelty_probe_result.full.json | docs/plans/2026-08-13-next510-next514-madelung-charge-potential-antitonicity.md | workspace/newpauling/experiments/next510_mcpa_label_blind_engineering_probe_result.full.json :: engineering_probe_passed=True || workspace/newpauling/experiments/next510_mcpa_label
527,NEXT511,2026-08-13,search/test,MCPA (Madelung charge-potential antitonicity),"SCIGEN 13,470 + WyFormer 5,232 (full label-free build)",none opened (label-blind),"coverage SCIGEN 0.981218, WyFormer 0.990061; both pass",probe-pass,yes,$PRIS_ARCHIVE/next511_madelung_charge_potential_antitonicity_v1/MANIFEST.json | docs/plans/2026-08-13-next510-next514-madelung-charge-potential-antitonicity.md | artifact mtime: tests/test_next511_mcpa_formal_build.py
528,NEXT512,2026-08-13,search/test,MCPA (Madelung charge-potential antitonicity),NEXT224 rejected-extreme cohort (SCIGEN+WyFormer),NEXT224 rejected-extreme discovery labels (severe vs protected),"audit AUC SCIGEN 0.540175 (worst fold 0.510334), WyFormer 0.629168 (worst fold 0.570253); 0/1 hypotheses eligible",fail-gate,yes,$PRIS_ARCHIVE/next512_mcpa_feature_audit_v1/NEXT512_MCPA_FEATURE_AUDIT.json | docs/plans/2026-08-13-next510-next514-madelung-charge-potential-antitonicity.md | SSD/workspace_data/newpauling/next512_mcpa_feature_audit_v1/MANIFEST.json :: new_formula_selected=False; eligible_hypothesis_count=0 || SSD/workspace_data/newpauling/next512_mcpa_f
529,NEXT513,2026-08-13,search/test,MCPA (Madelung charge-potential antitonicity),NA,NA,not executed; next513_search_authorized=false,not-run (blocked upstream),yes,$PRIS_ARCHIVE/next512_mcpa_feature_audit_v1/NEXT512_MCPA_FEATURE_AUDIT.json | docs/plans/2026-08-13-next510-next514-madelung-charge-potential-antitonicity.md
530,NEXT514,2026-08-13,search/test,MCPA (Madelung charge-potential antitonicity),NA,NA,not executed; blocked upstream (0 eligible hypotheses at audit),not-run (blocked upstream),yes,<repo>/docs/plans/2026-08-13-next510-next514-madelung-charge-potential-antitonicity.md | docs/plans/2026-08-13-next510-next514-madelung-charge-potential-antitonicity.md
531,NEXT515,2026-08-13,search/test,ECCC-CDE (ECCC conservative domain extension),SCIGEN+WyFormer 80+80 blind probes,none opened (label-blind),"support 78/80 both sources; conservatism, shared-domain identity, invariance gates all pass (post-coverage extension of NEXT470)",probe-pass,yes,<repo>/experiments/next515_eccc_cde_label_blind_probe_result.full.json | docs/plans/2026-08-13-next515-next519-eccc-conservative-domain-extension.md | workspace/newpauling/experiments/next515_eccc_cde_label_blind_probe_result.full.json :: probe_passed=True
532,NEXT516,2026-08-13,search/test,ECCC-CDE (ECCC conservative domain extension),"SCIGEN 13,470 + WyFormer 5,232 (full label-free build)",none opened (label-blind),"coverage SCIGEN 0.981218, WyFormer 0.990252; both pass",probe-pass,yes,$PRIS_ARCHIVE/next516_eccc_conservative_domain_extension_v1/MANIFEST.json | docs/plans/2026-08-13-next515-next519-eccc-conservative-domain-extension.md | artifact mtime: tests/test_next516_eccc_cde_formal_build.py
533,NEXT517,2026-08-13,search/test,ECCC-CDE (ECCC conservative domain extension),NEXT224 rejected-extreme cohort (SCIGEN+WyFormer),NEXT224 rejected-extreme discovery labels (severe vs protected),"audit AUC SCIGEN 0.390478 (worst fold 0.332088), WyFormer 0.505011 (worst fold 0.420479); 0/1 hypotheses eligible",fail-gate,yes,$PRIS_ARCHIVE/next517_eccc_cde_feature_audit_v1/NEXT517_ECCC_CDE_FEATURE_AUDIT.json | docs/plans/2026-08-13-next515-next519-eccc-conservative-domain-extension.md | SSD/workspace_data/newpauling/next517_eccc_cde_feature_audit_v1/MANIFEST.json :: new_formula_selected=False; eligible_hypothesis_count=0 || SSD/workspace_data/newpauling/next517_ec
534,NEXT518,2026-08-13,search/test,ECCC-CDE (ECCC conservative domain extension),NA,NA,not executed; next518_search_authorized=false,not-run (blocked upstream),yes,$PRIS_ARCHIVE/next517_eccc_cde_feature_audit_v1/NEXT517_ECCC_CDE_FEATURE_AUDIT.json | docs/plans/2026-08-13-next515-next519-eccc-conservative-domain-extension.md
535,NEXT519,2026-08-13,search/test,ECCC-CDE (ECCC conservative domain extension),NA,NA,not executed; blocked upstream (0 eligible hypotheses at audit),not-run (blocked upstream),yes,<repo>/docs/plans/2026-08-13-next515-next519-eccc-conservative-domain-extension.md | docs/plans/2026-08-13-next515-next519-eccc-conservative-domain-extension.md
536,NEXT520,2026-08-13,search/test,MCPE (Madelung chemical-potential equalization),SCIGEN+WyFormer 80+80 blind probes,none opened (label-blind),support 78/80 both sources; max label-free |Spearman| 0.6954185055/0.6354104736; all blind gates pass after label-blind supercell (electronegativity-partition) correction (first run invariance error 0.0037994576/0.0216342009),probe-pass,yes,<repo>/experiments/next520_mcpe_label_blind_novelty_probe_result.full.json | docs/plans/2026-08-13-next520-mcpe-supercell-correction.md | workspace/newpauling/experiments/next520_mcpe_label_blind_engineering_probe_result.full.json :: engineering_probe_passed=False || workspace/newpauling/experiments/next520_mcpe_labe
537,NEXT521,2026-08-13,search/test,MCPE (Madelung chemical-potential equalization),"SCIGEN 13,470 + WyFormer 5,232 (full label-free build)",none opened (label-blind),"coverage SCIGEN 0.981218, WyFormer 0.990061; both pass",probe-pass,yes,$PRIS_ARCHIVE/next521_madelung_chemical_potential_equalization_v1/MANIFEST.json | docs/plans/2026-08-13-next520-next524-madelung-chemical-potential-equalization.md | artifact mtime: tests/test_next521_mcpe_formal_build.py
538,NEXT522,2026-08-13,search/test,MCPE (Madelung chemical-potential equalization),NEXT224 rejected-extreme cohort (SCIGEN+WyFormer),NEXT224 rejected-extreme discovery labels (severe vs protected),"audit AUC SCIGEN 0.627047 (worst fold 0.584601), WyFormer 0.503121 (worst fold 0.426619); 0/1 hypotheses eligible",fail-gate,yes,$PRIS_ARCHIVE/next522_mcpe_feature_audit_v1/NEXT522_MCPE_FEATURE_AUDIT.json | docs/plans/2026-08-13-next520-next524-madelung-chemical-potential-equalization.md | SSD/workspace_data/newpauling/next522_mcpe_feature_audit_v1/MANIFEST.json :: new_formula_selected=False; eligible_hypothesis_count=0 || SSD/workspace_data/newpauling/next522_mcpe_f
539,NEXT523,2026-08-13,search/test,MCPE (Madelung chemical-potential equalization),NA,NA,not executed; next523_search_authorized=false,not-run (blocked upstream),yes,$PRIS_ARCHIVE/next522_mcpe_feature_audit_v1/NEXT522_MCPE_FEATURE_AUDIT.json | docs/plans/2026-08-13-next520-next524-madelung-chemical-potential-equalization.md
540,NEXT524,2026-08-13,search/test,MCPE (Madelung chemical-potential equalization),NA,NA,not executed; blocked upstream (0 eligible hypotheses at audit),not-run (blocked upstream),yes,<repo>/docs/plans/2026-08-13-next520-next524-madelung-chemical-potential-equalization.md | docs/plans/2026-08-13-next520-next524-madelung-chemical-potential-equalization.md
541,NEXT525,2026-08-13,search/test,"SSSP (same-sign shell purity, reject if SSSP<=0.5231805323)","SCIGEN+WyFormer discovery partitions (12,969/5,002 supported)",NEXT224 rejected-extreme discovery labels (severe vs protected),SCIGEN pooled discovery AUC 0.8558947768 (worst formula fold 0.8292102463); WyFormer 0.6546082320 (worst fold 0.6320934494); passes_discovery_feasibility=true,pass,yes,<repo>/reports/evidence/2026-08-14-next1-next568/late-json-controls/next525_sssp_standalone_discovery_freeze_v1/NEXT525_SSSP_DISCOVERY_EVALUATION.json | docs/plans/2026-08-13-next525-next528-sssp-standalone-sequential-validation.md | SSD/workspace_data/newpauling/next525_sssp_standalone_discovery_freeze_v1/NEXT525_SSSP_DISCOVERY_EVALUATION.json :: candidate_count=15879 || workspace/newpauling/reports/evidence/2
542,NEXT526,2026-08-13,search/test,SSSP,sealed internal validation+replication geometries (feature freeze),none opened (label-blind),holdout features frozen; next527_internal_validation_authorized=true,probe-pass,yes,<repo>/reports/evidence/2026-08-14-next1-next568/late-json-controls/next526_sssp_holdout_feature_freeze_v1/MANIFEST.json | docs/plans/2026-08-13-next525-next528-sssp-standalone-sequential-validation.md | artifact mtime: tests/test_next526_sssp_holdout_feature_freeze.py
543,NEXT527,2026-08-13,search/test,SSSP,"SCIGEN 5,174 + WyFormer internal validation partitions",NEXT224 rejected-extreme discovery labels (severe vs protected),"SCIGEN AUC 0.8635, WyFormer AUC 0.6692; passes_all_validation_gates=true",pass,yes,<repo>/reports/evidence/2026-08-14-next1-next568/late-json-controls/next527_sssp_one_shot_dual_source_validation_v1/NEXT527_SSSP_INTERNAL_VALIDATION.json | docs/plans/2026-08-13-next525-next528-sssp-standalone-sequential-validation.md | SSD/workspace_data/newpauling/next527_sssp_one_shot_dual_source_validation_v1/MANIFEST.json :: passes_all_validation_gates=True || SSD/workspace_data/newpauling/next527_sssp_one_sh
544,NEXT528,2026-08-13,search/test,SSSP,"SCIGEN 6,098 + WyFormer internal replication partitions",NEXT224 rejected-extreme discovery labels (severe vs protected),"SCIGEN passes; WyFormer ranking gate passes (AUC 0.6502, bootstrap lower 0.6172) but protected-recall lower 0.9487<0.95 and severe-rejection-precision lower 0.5595<0.60; passes_all_replication_gates=false",fail-gate,yes,<repo>/reports/evidence/2026-08-14-next1-next568/late-json-controls/next528_sssp_one_shot_dual_source_replication_v1/NEXT528_SSSP_INTERNAL_REPLICATION.json | docs/plans/2026-08-13-next525-next528-sssp-standalone-sequential-validation.md | SSD/workspace_data/newpauling/next528_sssp_one_shot_dual_source_replication_v1/MANIFEST.json :: passes_all_replication_gates=False || SSD/workspace_data/newpauling/next528_sssp_one
585,L4,2026-08-14,search/test,"greedy predicate addition over 94 eligible quantities (8,466 candidate predicates)",discovery then one-shot calibration,real-vs-perturbed satisfaction/exclusion,"D7 wyckoff_econ <= 2/3 (disc 0.8309/0.8665), D8 bv_rel_mean <= 0.7143 (disc 0.8107/0.9051), stop at step 3 (gain +0.0035); calibration 0.8180/0.9111, gates C1-C3 pass",pass,yes,outputs/20260814_l4_plausibility/search_log.txt; calib_result.json; L4_frozen.json
589,GNoME D7 external,2026-08-15,external evaluation,D7 parsimony bound alone,"5,000 random CIFs of the 554,054-entry GNoME release",rejection rate by release symmetry label,"2,032/5,000 = 0.4064 rejected (symprec 0.1: 0.3974); P1 1.000, Pm 0.9657, Cm 0.8841",measurement,yes,external_sources/gnome_d7/ (protocol.md 2026-08-15 04:31); paper/FACTS.md sec 23
590,cross-split threshold transfer,2026-08-15,external evaluation,all eight predicate constants,discovery vs calibration,constant re-derivation and verdict-flip rate,"e.g. D1 0.735: calibration value 0.7448, relative deviation 1.34%, verdict flips 0.189% real / 1.633% corrupted",measurement,yes,outputs/20260815_threshold_transfer/transfer.json (2026-08-15 05:42)
591,GNoME full ladder,2026-08-15,external evaluation,full eight-predicate ladder,"same 5,000 GNoME sample; 7.52% charge-assignable slice",per-rule rejection on the assignable slice,"L3 rejects 16.1%, L4 rejects 54.5%; D7 26.1%, D8 17.3%; 59% of L4 rejections pass L3",measurement,yes,external_sources/gnome_full_ladder/summary.json (2026-08-15 05:46); paper/FACTS.md sec 26
592,MP phonon three-axis,2026-08-15,external evaluation,D7 and D1 pass rates by stability cell,"26,600 phonon-computed MP materials",pass rate vs thermodynamic and dynamical stability,"D7 pass: experimental 0.84-0.89, theoretical 0.43-0.66; D1(0.735) pass 0.91-0.99 everywhere",measurement,yes,external_sources/mp_phonon_threeaxis/ (protocol 2026-08-15 05:56); paper/FACTS.md sec 28
593,seven-generator transfer,2026-08-15,external evaluation,L4 certification rate by generator,"500 structures per model, WyckoffTransformer Figshare deposit v6 + MP-20 control",L4 certification on the charge-assignable subset,"MatterGen 4.3%, DiffCSP 0.0%, MiAD 0.0%, DiffCSP++ 68.7%, CrystalFormer 49.1%, SymmCD 50.0%, WyFormer-DiffCSP++ 68.2%, MP-20 control 77.5%",measurement,yes,external_sources/lematgenbench_ladder/ (protocol 2026-08-15 05:57); paper/FACTS.md sec 27
594,MLIP ground truth,2026-08-15,external evaluation,energy released under MatterSim relaxation for accepted vs rejected structures,863 relaxations: 150 GNoME parents + corruptions; 256 SSAGen outputs,"median energy released, accepted vs rejected","accepted (n=9) 1.68 [1.67-2.16] vs rejected (n=17) 3.12 [2.50-5.80] eV/atom, Mann-Whitney p=0.024; no-verdict 3.08",measurement,yes,external_sources/mlip_groundtruth/summary.json (2026-08-15 06:39); paper/FACTS.md sec 29
595,MLIP ground truth rerun,2026-08-16,external evaluation,"energy released under MatterSim relaxation, generator cohort replaced","500 MatterGen raw outputs (seven-generator deposit sample, seed 20260815)",protocol addendum frozen before computation; prior 256-frame cohort withdrawn by author decision,"accepted n=162 median 0.0067 eV/atom, no-verdict n=338 median 0.0057, rejected n=0; contact floor raises no false alarm; crosscheck vs ladder run exact",measurement,yes,external_sources/mlip_groundtruth/exp2_mattergen_summary.json (2026-08-16); paper/FACTS.md sec 29
